product_id,rw_flag,facility_id,facility_name,doctor_id,doctor_name
ALC,R,F0110,医療機関0110,D2501,医師_D2501
ALC,R,F0229,医療機関0229,D2512,医師_D2512
ALC,R,F0142,医療機関0142,D2523,医師_D2523
ALC,R,F0185,医療機関0185,D2524,医師_D2524
ALC,R,F0250,医療機関0250,D2527,医師_D2527
ALC,R,F0152,医療機関0152,D2529,医師_D2529
ALC,R,F0139,医療機関0139,D2532,医師_D2532
ALC,R,F0229,医療機関0229,D2533,医師_D2533
ALC,R,F0025,医療機関0025,D2534,医師_D2534
ALC,R,F0123,医療機関0123,D2542,医師_D2542
ALC,R,F0230,医療機関0230,D2545,医師_D2545
ALC,R,F0166,医療機関0166,D2546,医師_D2546
ALC,R,F0060,医療機関0060,D2553,医師_D2553
ALC,R,F0039,医療機関0039,D2565,医師_D2565
ALC,R,F0282,医療機関0282,D2572,医師_D2572
ALC,R,F0299,医療機関0299,D2575,医師_D2575
ALC,R,F0168,医療機関0168,D2576,医師_D2576
ALC,R,F0230,医療機関0230,D2587,医師_D2587
ALC,R,F0018,医療機関0018,D2589,医師_D2589
ALC,R,F0001,医療機関0001,D2591,医師_D2591
ALC,R,F0202,医療機関0202,D2593,医師_D2593
ALC,R,F0058,医療機関0058,D2594,医師_D2594
ALC,R,F0222,医療機関0222,D2595,医師_D2595
ALC,R,F0294,医療機関0294,D2599,医師_D2599
ALC,R,F0274,医療機関0274,D2602,医師_D2602
ALC,R,F0090,医療機関0090,D2605,医師_D2605
ALC,R,F0127,医療機関0127,D2609,医師_D2609
ALC,R,F0071,医療機関0071,D2610,医師_D2610
ALC,R,F0103,医療機関0103,D2613,医師_D2613
ALC,R,F0002,医療機関0002,D2617,医師_D2617
ALC,R,F0076,医療機関0076,D2622,医師_D2622
ALC,R,F0233,医療機関0233,D2624,医師_D2624
ALC,R,F0251,医療機関0251,D2630,医師_D2630
ALC,R,F0203,医療機関0203,D2633,医師_D2633
ALC,R,F0110,医療機関0110,D2637,医師_D2637
ALC,R,F0063,医療機関0063,D2641,医師_D2641
ALC,R,F0063,医療機関0063,D2642,医師_D2642
ALC,R,F0270,医療機関0270,D2643,医師_D2643
ALC,R,F0243,医療機関0243,D2646,医師_D2646
ALC,R,F0231,医療機関0231,D2647,医師_D2647
ALC,R,F0027,医療機関0027,D2648,医師_D2648
ALC,R,F0043,医療機関0043,D2649,医師_D2649
ALC,R,F0119,医療機関0119,D2650,医師_D2650
ALC,R,F0052,医療機関0052,D2657,医師_D2657
ALC,R,F0170,医療機関0170,D2659,医師_D2659
ALC,R,F0131,医療機関0131,D2661,医師_D2661
ALC,R,F0144,医療機関0144,D2662,医師_D2662
ALC,R,F0223,医療機関0223,D2663,医師_D2663
ALC,R,F0259,医療機関0259,D2664,医師_D2664
ALC,R,F0193,医療機関0193,D2666,医師_D2666
ALC,R,F0278,医療機関0278,D2676,医師_D2676
ALC,R,F0027,医療機関0027,D2681,医師_D2681
ALC,R,F0191,医療機関0191,D2701,医師_D2701
ALC,R,F0181,医療機関0181,D2703,医師_D2703
ALC,R,F0008,医療機関0008,D2709,医師_D2709
ALC,R,F0069,医療機関0069,D2736,医師_D2736
ALC,R,F0157,医療機関0157,D2737,医師_D2737
ALC,R,F0163,医療機関0163,D2741,医師_D2741
ALC,R,F0186,医療機関0186,D2744,医師_D2744
ALC,R,F0181,医療機関0181,D2747,医師_D2747
ALC,R,F0235,医療機関0235,D2750,医師_D2750
ALC,R,F0282,医療機関0282,D2752,医師_D2752
ALC,R,F0133,医療機関0133,D2756,医師_D2756
ALC,R,F0036,医療機関0036,D2770,医師_D2770
ALC,R,F0258,医療機関0258,D2779,医師_D2779
ALC,R,F0237,医療機関0237,D2782,医師_D2782
ALC,R,F0289,医療機関0289,D2783,医師_D2783
ALC,R,F0274,医療機関0274,D2784,医師_D2784
ALC,R,F0240,医療機関0240,D2785,医師_D2785
ALC,R,F0233,医療機関0233,D2787,医師_D2787
ALC,R,F0157,医療機関0157,D2792,医師_D2792
ALC,R,F0239,医療機関0239,D2796,医師_D2796
ALC,R,F0003,医療機関0003,D2799,医師_D2799
ALC,R,F0276,医療機関0276,D2802,医師_D2802
ALC,R,F0143,医療機関0143,D2810,医師_D2810
ALC,R,F0022,医療機関0022,D2811,医師_D2811
ALC,R,F0296,医療機関0296,D2812,医師_D2812
ALC,R,F0029,医療機関0029,D2814,医師_D2814
ALC,R,F0185,医療機関0185,D2817,医師_D2817
ALC,R,F0263,医療機関0263,D2818,医師_D2818
ALC,R,F0030,医療機関0030,D2819,医師_D2819
ALC,R,F0086,医療機関0086,D2820,医師_D2820
ALC,R,F0075,医療機関0075,D2831,医師_D2831
ALC,R,F0071,医療機関0071,D2835,医師_D2835
ALC,R,F0249,医療機関0249,D2840,医師_D2840
ALC,R,F0008,医療機関0008,D2842,医師_D2842
ALC,R,F0137,医療機関0137,D2843,医師_D2843
ALC,R,F0067,医療機関0067,D2844,医師_D2844
ALC,R,F0253,医療機関0253,D2859,医師_D2859
ALC,R,F0119,医療機関0119,D2860,医師_D2860
ALC,R,F0125,医療機関0125,D2861,医師_D2861
ALC,R,F0284,医療機関0284,D2862,医師_D2862
ALC,R,F0016,医療機関0016,D2864,医師_D2864
ALC,R,F0224,医療機関0224,D2872,医師_D2872
ALC,R,F0160,医療機関0160,D2878,医師_D2878
ALC,R,F0234,医療機関0234,D2880,医師_D2880
ALC,R,F0009,医療機関0009,D2886,医師_D2886
ALC,R,F0133,医療機関0133,D2889,医師_D2889
ALC,R,F0214,医療機関0214,D2890,医師_D2890
ALC,R,F0279,医療機関0279,D2895,医師_D2895
ALC,R,F0160,医療機関0160,D2896,医師_D2896
ALC,R,F0019,医療機関0019,D2901,医師_D2901
ALC,R,F0006,医療機関0006,D2905,医師_D2905
ALC,R,F0174,医療機関0174,D2912,医師_D2912
ALC,R,F0079,医療機関0079,D2915,医師_D2915
ALC,R,F0292,医療機関0292,D2916,医師_D2916
ALC,R,F0051,医療機関0051,D2917,医師_D2917
ALC,R,F0040,医療機関0040,D2927,医師_D2927
ALC,R,F0022,医療機関0022,D2932,医師_D2932
ALC,R,F0027,医療機関0027,D2935,医師_D2935
ALC,R,F0023,医療機関0023,D2936,医師_D2936
ALC,R,F0159,医療機関0159,D2939,医師_D2939
ALC,R,F0249,医療機関0249,D2940,医師_D2940
ALC,R,F0233,医療機関0233,D2944,医師_D2944
ALC,R,F0012,医療機関0012,D2945,医師_D2945
ALC,R,F0282,医療機関0282,D2953,医師_D2953
ALC,R,F0212,医療機関0212,D2957,医師_D2957
ALC,R,F0104,医療機関0104,D2958,医師_D2958
ALC,R,F0051,医療機関0051,D2962,医師_D2962
ALC,R,F0127,医療機関0127,D2963,医師_D2963
ALC,R,F0253,医療機関0253,D2972,医師_D2972
ALC,R,F0065,医療機関0065,D2986,医師_D2986
ALC,R,F0089,医療機関0089,D2992,医師_D2992
ALC,R,F0167,医療機関0167,D2998,医師_D2998
ALC,R,F0168,医療機関0168,D3011,医師_D3011
ALC,R,F0016,医療機関0016,D3017,医師_D3017
ALC,R,F0299,医療機関0299,D3021,医師_D3021
ALC,R,F0223,医療機関0223,D3026,医師_D3026
ALC,R,F0232,医療機関0232,D3027,医師_D3027
ALC,R,F0072,医療機関0072,D3028,医師_D3028
ALC,R,F0249,医療機関0249,D3030,医師_D3030
ALC,R,F0164,医療機関0164,D3032,医師_D3032
ALC,R,F0163,医療機関0163,D3037,医師_D3037
ALC,R,F0186,医療機関0186,D3040,医師_D3040
ALC,R,F0022,医療機関0022,D3052,医師_D3052
ALC,R,F0149,医療機関0149,D3060,医師_D3060
ALC,R,F0168,医療機関0168,D3061,医師_D3061
ALC,R,F0177,医療機関0177,D3067,医師_D3067
ALC,R,F0110,医療機関0110,D3077,医師_D3077
ALC,R,F0047,医療機関0047,D3086,医師_D3086
ALC,R,F0291,医療機関0291,D3089,医師_D3089
ALC,R,F0051,医療機関0051,D3090,医師_D3090
ALC,R,F0119,医療機関0119,D3095,医師_D3095
ALC,R,F0093,医療機関0093,D3097,医師_D3097
ALC,R,F0046,医療機関0046,D3101,医師_D3101
ALC,R,F0075,医療機関0075,D3103,医師_D3103
ALC,R,F0047,医療機関0047,D3107,医師_D3107
ALC,R,F0227,医療機関0227,D3108,医師_D3108
ALC,R,F0148,医療機関0148,D3109,医師_D3109
ALC,R,F0218,医療機関0218,D3115,医師_D3115
ALC,R,F0087,医療機関0087,D3116,医師_D3116
ALC,R,F0076,医療機関0076,D3118,医師_D3118
ALC,R,F0192,医療機関0192,D3121,医師_D3121
ALC,R,F0226,医療機関0226,D3123,医師_D3123
ALC,R,F0033,医療機関0033,D3127,医師_D3127
ALC,R,F0192,医療機関0192,D3130,医師_D3130
ALC,R,F0062,医療機関0062,D3136,医師_D3136
ALC,R,F0201,医療機関0201,D3139,医師_D3139
ALC,R,F0250,医療機関0250,D3140,医師_D3140
ALC,R,F0081,医療機関0081,D3154,医師_D3154
ALC,R,F0025,医療機関0025,D3159,医師_D3159
ALC,R,F0039,医療機関0039,D3174,医師_D3174
ALC,R,F0032,医療機関0032,D3183,医師_D3183
ALC,R,F0007,医療機関0007,D3188,医師_D3188
ALC,R,F0083,医療機関0083,D3196,医師_D3196
ALC,R,F0020,医療機関0020,D3198,医師_D3198
ALC,R,F0017,医療機関0017,D3200,医師_D3200
ALC,W,F0040,医療機関0040,D2502,医師_D2502
ALC,W,F0005,医療機関0005,D2503,医師_D2503
ALC,W,F0132,医療機関0132,D2504,医師_D2504
ALC,W,F0211,医療機関0211,D2505,医師_D2505
ALC,W,F0091,医療機関0091,D2506,医師_D2506
ALC,W,F0259,医療機関0259,D2507,医師_D2507
ALC,W,F0111,医療機関0111,D2508,医師_D2508
ALC,W,F0271,医療機関0271,D2509,医師_D2509
ALC,W,F0071,医療機関0071,D2510,医師_D2510
ALC,W,F0162,医療機関0162,D2511,医師_D2511
ALC,W,F0018,医療機関0018,D2513,医師_D2513
ALC,W,F0280,医療機関0280,D2514,医師_D2514
ALC,W,F0110,医療機関0110,D2515,医師_D2515
ALC,W,F0150,医療機関0150,D2516,医師_D2516
ALC,W,F0189,医療機関0189,D2517,医師_D2517
ALC,W,F0193,医療機関0193,D2518,医師_D2518
ALC,W,F0008,医療機関0008,D2519,医師_D2519
ALC,W,F0261,医療機関0261,D2520,医師_D2520
ALC,W,F0188,医療機関0188,D2521,医師_D2521
ALC,W,F0300,医療機関0300,D2522,医師_D2522
ALC,W,F0133,医療機関0133,D2525,医師_D2525
ALC,W,F0267,医療機関0267,D2526,医師_D2526
ALC,W,F0273,医療機関0273,D2528,医師_D2528
ALC,W,F0238,医療機関0238,D2530,医師_D2530
ALC,W,F0108,医療機関0108,D2531,医師_D2531
ALC,W,F0214,医療機関0214,D2535,医師_D2535
ALC,W,F0005,医療機関0005,D2536,医師_D2536
ALC,W,F0175,医療機関0175,D2537,医師_D2537
ALC,W,F0144,医療機関0144,D2538,医師_D2538
ALC,W,F0141,医療機関0141,D2539,医師_D2539
ALC,W,F0149,医療機関0149,D2540,医師_D2540
ALC,W,F0148,医療機関0148,D2541,医師_D2541
ALC,W,F0136,医療機関0136,D2543,医師_D2543
ALC,W,F0171,医療機関0171,D2544,医師_D2544
ALC,W,F0193,医療機関0193,D2547,医師_D2547
ALC,W,F0251,医療機関0251,D2548,医師_D2548
ALC,W,F0297,医療機関0297,D2549,医師_D2549
ALC,W,F0033,医療機関0033,D2550,医師_D2550
ALC,W,F0214,医療機関0214,D2551,医師_D2551
ALC,W,F0068,医療機関0068,D2552,医師_D2552
ALC,W,F0238,医療機関0238,D2554,医師_D2554
ALC,W,F0021,医療機関0021,D2555,医師_D2555
ALC,W,F0255,医療機関0255,D2556,医師_D2556
ALC,W,F0232,医療機関0232,D2557,医師_D2557
ALC,W,F0299,医療機関0299,D2558,医師_D2558
ALC,W,F0201,医療機関0201,D2559,医師_D2559
ALC,W,F0262,医療機関0262,D2560,医師_D2560
ALC,W,F0036,医療機関0036,D2561,医師_D2561
ALC,W,F0267,医療機関0267,D2562,医師_D2562
ALC,W,F0049,医療機関0049,D2563,医師_D2563
ALC,W,F0095,医療機関0095,D2564,医師_D2564
ALC,W,F0121,医療機関0121,D2566,医師_D2566
ALC,W,F0225,医療機関0225,D2567,医師_D2567
ALC,W,F0081,医療機関0081,D2568,医師_D2568
ALC,W,F0247,医療機関0247,D2569,医師_D2569
ALC,W,F0182,医療機関0182,D2570,医師_D2570
ALC,W,F0189,医療機関0189,D2571,医師_D2571
ALC,W,F0130,医療機関0130,D2573,医師_D2573
ALC,W,F0104,医療機関0104,D2574,医師_D2574
ALC,W,F0185,医療機関0185,D2577,医師_D2577
ALC,W,F0089,医療機関0089,D2578,医師_D2578
ALC,W,F0065,医療機関0065,D2579,医師_D2579
ALC,W,F0051,医療機関0051,D2580,医師_D2580
ALC,W,F0068,医療機関0068,D2581,医師_D2581
ALC,W,F0059,医療機関0059,D2582,医師_D2582
ALC,W,F0225,医療機関0225,D2583,医師_D2583
ALC,W,F0018,医療機関0018,D2584,医師_D2584
ALC,W,F0189,医療機関0189,D2585,医師_D2585
ALC,W,F0285,医療機関0285,D2586,医師_D2586
ALC,W,F0121,医療機関0121,D2588,医師_D2588
ALC,W,F0251,医療機関0251,D2590,医師_D2590
ALC,W,F0205,医療機関0205,D2592,医師_D2592
ALC,W,F0053,医療機関0053,D2596,医師_D2596
ALC,W,F0068,医療機関0068,D2597,医師_D2597
ALC,W,F0244,医療機関0244,D2598,医師_D2598
ALC,W,F0080,医療機関0080,D2600,医師_D2600
ALC,W,F0277,医療機関0277,D2601,医師_D2601
ALC,W,F0231,医療機関0231,D2603,医師_D2603
ALC,W,F0043,医療機関0043,D2604,医師_D2604
ALC,W,F0204,医療機関0204,D2606,医師_D2606
ALC,W,F0300,医療機関0300,D2607,医師_D2607
ALC,W,F0245,医療機関0245,D2608,医師_D2608
ALC,W,F0289,医療機関0289,D2611,医師_D2611
ALC,W,F0083,医療機関0083,D2612,医師_D2612
ALC,W,F0290,医療機関0290,D2614,医師_D2614
ALC,W,F0169,医療機関0169,D2615,医師_D2615
ALC,W,F0080,医療機関0080,D2616,医師_D2616
ALC,W,F0129,医療機関0129,D2618,医師_D2618
ALC,W,F0296,医療機関0296,D2619,医師_D2619
ALC,W,F0130,医療機関0130,D2620,医師_D2620
ALC,W,F0210,医療機関0210,D2621,医師_D2621
ALC,W,F0233,医療機関0233,D2623,医師_D2623
ALC,W,F0183,医療機関0183,D2625,医師_D2625
ALC,W,F0232,医療機関0232,D2626,医師_D2626
ALC,W,F0174,医療機関0174,D2627,医師_D2627
ALC,W,F0114,医療機関0114,D2628,医師_D2628
ALC,W,F0222,医療機関0222,D2629,医師_D2629
ALC,W,F0253,医療機関0253,D2631,医師_D2631
ALC,W,F0064,医療機関0064,D2632,医師_D2632
ALC,W,F0002,医療機関0002,D2634,医師_D2634
ALC,W,F0172,医療機関0172,D2635,医師_D2635
ALC,W,F0172,医療機関0172,D2636,医師_D2636
ALC,W,F0299,医療機関0299,D2638,医師_D2638
ALC,W,F0265,医療機関0265,D2639,医師_D2639
ALC,W,F0012,医療機関0012,D2640,医師_D2640
ALC,W,F0156,医療機関0156,D2644,医師_D2644
ALC,W,F0219,医療機関0219,D2645,医師_D2645
ALC,W,F0102,医療機関0102,D2651,医師_D2651
ALC,W,F0225,医療機関0225,D2652,医師_D2652
ALC,W,F0047,医療機関0047,D2653,医師_D2653
ALC,W,F0112,医療機関0112,D2654,医師_D2654
ALC,W,F0071,医療機関0071,D2655,医師_D2655
ALC,W,F0057,医療機関0057,D2656,医師_D2656
ALC,W,F0059,医療機関0059,D2658,医師_D2658
ALC,W,F0124,医療機関0124,D2660,医師_D2660
ALC,W,F0158,医療機関0158,D2665,医師_D2665
ALC,W,F0222,医療機関0222,D2667,医師_D2667
ALC,W,F0208,医療機関0208,D2668,医師_D2668
ALC,W,F0041,医療機関0041,D2669,医師_D2669
ALC,W,F0295,医療機関0295,D2670,医師_D2670
ALC,W,F0050,医療機関0050,D2671,医師_D2671
ALC,W,F0124,医療機関0124,D2672,医師_D2672
ALC,W,F0196,医療機関0196,D2673,医師_D2673
ALC,W,F0122,医療機関0122,D2674,医師_D2674
ALC,W,F0073,医療機関0073,D2675,医師_D2675
ALC,W,F0022,医療機関0022,D2677,医師_D2677
ALC,W,F0074,医療機関0074,D2678,医師_D2678
ALC,W,F0298,医療機関0298,D2679,医師_D2679
ALC,W,F0219,医療機関0219,D2680,医師_D2680
ALC,W,F0227,医療機関0227,D2682,医師_D2682
ALC,W,F0291,医療機関0291,D2683,医師_D2683
ALC,W,F0030,医療機関0030,D2684,医師_D2684
ALC,W,F0125,医療機関0125,D2685,医師_D2685
ALC,W,F0141,医療機関0141,D2686,医師_D2686
ALC,W,F0040,医療機関0040,D2687,医師_D2687
ALC,W,F0061,医療機関0061,D2688,医師_D2688
ALC,W,F0053,医療機関0053,D2689,医師_D2689
ALC,W,F0056,医療機関0056,D2690,医師_D2690
ALC,W,F0122,医療機関0122,D2691,医師_D2691
ALC,W,F0140,医療機関0140,D2692,医師_D2692
ALC,W,F0072,医療機関0072,D2693,医師_D2693
ALC,W,F0087,医療機関0087,D2694,医師_D2694
ALC,W,F0058,医療機関0058,D2695,医師_D2695
ALC,W,F0239,医療機関0239,D2696,医師_D2696
ALC,W,F0064,医療機関0064,D2697,医師_D2697
ALC,W,F0273,医療機関0273,D2698,医師_D2698
ALC,W,F0162,医療機関0162,D2699,医師_D2699
ALC,W,F0241,医療機関0241,D2700,医師_D2700
ALC,W,F0080,医療機関0080,D2702,医師_D2702
ALC,W,F0083,医療機関0083,D2704,医師_D2704
ALC,W,F0036,医療機関0036,D2705,医師_D2705
ALC,W,F0077,医療機関0077,D2706,医師_D2706
ALC,W,F0083,医療機関0083,D2707,医師_D2707
ALC,W,F0041,医療機関0041,D2708,医師_D2708
ALC,W,F0284,医療機関0284,D2710,医師_D2710
ALC,W,F0155,医療機関0155,D2711,医師_D2711
ALC,W,F0121,医療機関0121,D2712,医師_D2712
ALC,W,F0279,医療機関0279,D2713,医師_D2713
ALC,W,F0068,医療機関0068,D2714,医師_D2714
ALC,W,F0121,医療機関0121,D2715,医師_D2715
ALC,W,F0255,医療機関0255,D2716,医師_D2716
ALC,W,F0190,医療機関0190,D2717,医師_D2717
ALC,W,F0120,医療機関0120,D2718,医師_D2718
ALC,W,F0077,医療機関0077,D2719,医師_D2719
ALC,W,F0011,医療機関0011,D2720,医師_D2720
ALC,W,F0026,医療機関0026,D2721,医師_D2721
ALC,W,F0049,医療機関0049,D2722,医師_D2722
ALC,W,F0236,医療機関0236,D2723,医師_D2723
ALC,W,F0192,医療機関0192,D2724,医師_D2724
ALC,W,F0131,医療機関0131,D2725,医師_D2725
ALC,W,F0235,医療機関0235,D2726,医師_D2726
ALC,W,F0049,医療機関0049,D2727,医師_D2727
ALC,W,F0064,医療機関0064,D2728,医師_D2728
ALC,W,F0118,医療機関0118,D2729,医師_D2729
ALC,W,F0276,医療機関0276,D2730,医師_D2730
ALC,W,F0185,医療機関0185,D2731,医師_D2731
ALC,W,F0256,医療機関0256,D2732,医師_D2732
ALC,W,F0075,医療機関0075,D2733,医師_D2733
ALC,W,F0255,医療機関0255,D2734,医師_D2734
ALC,W,F0022,医療機関0022,D2735,医師_D2735
ALC,W,F0016,医療機関0016,D2738,医師_D2738
ALC,W,F0258,医療機関0258,D2739,医師_D2739
ALC,W,F0261,医療機関0261,D2740,医師_D2740
ALC,W,F0092,医療機関0092,D2742,医師_D2742
ALC,W,F0030,医療機関0030,D2743,医師_D2743
ALC,W,F0162,医療機関0162,D2745,医師_D2745
ALC,W,F0228,医療機関0228,D2746,医師_D2746
ALC,W,F0039,医療機関0039,D2748,医師_D2748
ALC,W,F0037,医療機関0037,D2749,医師_D2749
ALC,W,F0048,医療機関0048,D2751,医師_D2751
ALC,W,F0032,医療機関0032,D2753,医師_D2753
ALC,W,F0219,医療機関0219,D2754,医師_D2754
ALC,W,F0293,医療機関0293,D2755,医師_D2755
ALC,W,F0018,医療機関0018,D2757,医師_D2757
ALC,W,F0264,医療機関0264,D2758,医師_D2758
ALC,W,F0057,医療機関0057,D2759,医師_D2759
ALC,W,F0159,医療機関0159,D2760,医師_D2760
ALC,W,F0296,医療機関0296,D2761,医師_D2761
ALC,W,F0224,医療機関0224,D2762,医師_D2762
ALC,W,F0014,医療機関0014,D2763,医師_D2763
ALC,W,F0247,医療機関0247,D2764,医師_D2764
ALC,W,F0049,医療機関0049,D2765,医師_D2765
ALC,W,F0225,医療機関0225,D2766,医師_D2766
ALC,W,F0187,医療機関0187,D2767,医師_D2767
ALC,W,F0087,医療機関0087,D2768,医師_D2768
ALC,W,F0128,医療機関0128,D2769,医師_D2769
ALC,W,F0297,医療機関0297,D2771,医師_D2771
ALC,W,F0072,医療機関0072,D2772,医師_D2772
ALC,W,F0093,医療機関0093,D2773,医師_D2773
ALC,W,F0151,医療機関0151,D2774,医師_D2774
ALC,W,F0202,医療機関0202,D2775,医師_D2775
ALC,W,F0152,医療機関0152,D2776,医師_D2776
ALC,W,F0152,医療機関0152,D2777,医師_D2777
ALC,W,F0175,医療機関0175,D2778,医師_D2778
ALC,W,F0119,医療機関0119,D2780,医師_D2780
ALC,W,F0250,医療機関0250,D2781,医師_D2781
ALC,W,F0075,医療機関0075,D2786,医師_D2786
ALC,W,F0221,医療機関0221,D2788,医師_D2788
ALC,W,F0087,医療機関0087,D2789,医師_D2789
ALC,W,F0204,医療機関0204,D2790,医師_D2790
ALC,W,F0076,医療機関0076,D2791,医師_D2791
ALC,W,F0240,医療機関0240,D2793,医師_D2793
ALC,W,F0057,医療機関0057,D2794,医師_D2794
ALC,W,F0102,医療機関0102,D2795,医師_D2795
ALC,W,F0137,医療機関0137,D2797,医師_D2797
ALC,W,F0289,医療機関0289,D2798,医師_D2798
ALC,W,F0217,医療機関0217,D2800,医師_D2800
ALC,W,F0245,医療機関0245,D2801,医師_D2801
ALC,W,F0048,医療機関0048,D2803,医師_D2803
ALC,W,F0296,医療機関0296,D2804,医師_D2804
ALC,W,F0118,医療機関0118,D2805,医師_D2805
ALC,W,F0106,医療機関0106,D2806,医師_D2806
ALC,W,F0107,医療機関0107,D2807,医師_D2807
ALC,W,F0192,医療機関0192,D2808,医師_D2808
ALC,W,F0198,医療機関0198,D2809,医師_D2809
ALC,W,F0067,医療機関0067,D2813,医師_D2813
ALC,W,F0180,医療機関0180,D2815,医師_D2815
ALC,W,F0124,医療機関0124,D2816,医師_D2816
ALC,W,F0155,医療機関0155,D2821,医師_D2821
ALC,W,F0237,医療機関0237,D2822,医師_D2822
ALC,W,F0181,医療機関0181,D2823,医師_D2823
ALC,W,F0115,医療機関0115,D2824,医師_D2824
ALC,W,F0184,医療機関0184,D2825,医師_D2825
ALC,W,F0294,医療機関0294,D2826,医師_D2826
ALC,W,F0145,医療機関0145,D2827,医師_D2827
ALC,W,F0266,医療機関0266,D2828,医師_D2828
ALC,W,F0234,医療機関0234,D2829,医師_D2829
ALC,W,F0091,医療機関0091,D2830,医師_D2830
ALC,W,F0232,医療機関0232,D2832,医師_D2832
ALC,W,F0063,医療機関0063,D2833,医師_D2833
ALC,W,F0102,医療機関0102,D2834,医師_D2834
ALC,W,F0182,医療機関0182,D2836,医師_D2836
ALC,W,F0089,医療機関0089,D2837,医師_D2837
ALC,W,F0198,医療機関0198,D2838,医師_D2838
ALC,W,F0281,医療機関0281,D2839,医師_D2839
ALC,W,F0285,医療機関0285,D2841,医師_D2841
ALC,W,F0276,医療機関0276,D2845,医師_D2845
ALC,W,F0214,医療機関0214,D2846,医師_D2846
ALC,W,F0097,医療機関0097,D2847,医師_D2847
ALC,W,F0170,医療機関0170,D2848,医師_D2848
ALC,W,F0182,医療機関0182,D2849,医師_D2849
ALC,W,F0149,医療機関0149,D2850,医師_D2850
ALC,W,F0143,医療機関0143,D2851,医師_D2851
ALC,W,F0017,医療機関0017,D2852,医師_D2852
ALC,W,F0136,医療機関0136,D2853,医師_D2853
ALC,W,F0105,医療機関0105,D2854,医師_D2854
ALC,W,F0246,医療機関0246,D2855,医師_D2855
ALC,W,F0260,医療機関0260,D2856,医師_D2856
ALC,W,F0226,医療機関0226,D2857,医師_D2857
ALC,W,F0010,医療機関0010,D2858,医師_D2858
ALC,W,F0261,医療機関0261,D2863,医師_D2863
ALC,W,F0108,医療機関0108,D2865,医師_D2865
ALC,W,F0225,医療機関0225,D2866,医師_D2866
ALC,W,F0162,医療機関0162,D2867,医師_D2867
ALC,W,F0078,医療機関0078,D2868,医師_D2868
ALC,W,F0158,医療機関0158,D2869,医師_D2869
ALC,W,F0260,医療機関0260,D2870,医師_D2870
ALC,W,F0067,医療機関0067,D2871,医師_D2871
ALC,W,F0221,医療機関0221,D2873,医師_D2873
ALC,W,F0266,医療機関0266,D2874,医師_D2874
ALC,W,F0090,医療機関0090,D2875,医師_D2875
ALC,W,F0065,医療機関0065,D2876,医師_D2876
ALC,W,F0165,医療機関0165,D2877,医師_D2877
ALC,W,F0123,医療機関0123,D2879,医師_D2879
ALC,W,F0240,医療機関0240,D2881,医師_D2881
ALC,W,F0074,医療機関0074,D2882,医師_D2882
ALC,W,F0239,医療機関0239,D2883,医師_D2883
ALC,W,F0070,医療機関0070,D2884,医師_D2884
ALC,W,F0123,医療機関0123,D2885,医師_D2885
ALC,W,F0103,医療機関0103,D2887,医師_D2887
ALC,W,F0288,医療機関0288,D2888,医師_D2888
ALC,W,F0033,医療機関0033,D2891,医師_D2891
ALC,W,F0191,医療機関0191,D2892,医師_D2892
ALC,W,F0112,医療機関0112,D2893,医師_D2893
ALC,W,F0224,医療機関0224,D2894,医師_D2894
ALC,W,F0031,医療機関0031,D2897,医師_D2897
ALC,W,F0143,医療機関0143,D2898,医師_D2898
ALC,W,F0037,医療機関0037,D2899,医師_D2899
ALC,W,F0135,医療機関0135,D2900,医師_D2900
ALC,W,F0193,医療機関0193,D2902,医師_D2902
ALC,W,F0094,医療機関0094,D2903,医師_D2903
ALC,W,F0061,医療機関0061,D2904,医師_D2904
ALC,W,F0267,医療機関0267,D2906,医師_D2906
ALC,W,F0252,医療機関0252,D2907,医師_D2907
ALC,W,F0244,医療機関0244,D2908,医師_D2908
ALC,W,F0018,医療機関0018,D2909,医師_D2909
ALC,W,F0105,医療機関0105,D2910,医師_D2910
ALC,W,F0292,医療機関0292,D2911,医師_D2911
ALC,W,F0039,医療機関0039,D2913,医師_D2913
ALC,W,F0043,医療機関0043,D2914,医師_D2914
ALC,W,F0271,医療機関0271,D2918,医師_D2918
ALC,W,F0204,医療機関0204,D2919,医師_D2919
ALC,W,F0277,医療機関0277,D2920,医師_D2920
ALC,W,F0248,医療機関0248,D2921,医師_D2921
ALC,W,F0100,医療機関0100,D2922,医師_D2922
ALC,W,F0249,医療機関0249,D2923,医師_D2923
ALC,W,F0051,医療機関0051,D2924,医師_D2924
ALC,W,F0088,医療機関0088,D2925,医師_D2925
ALC,W,F0064,医療機関0064,D2926,医師_D2926
ALC,W,F0028,医療機関0028,D2928,医師_D2928
ALC,W,F0057,医療機関0057,D2929,医師_D2929
ALC,W,F0037,医療機関0037,D2930,医師_D2930
ALC,W,F0115,医療機関0115,D2931,医師_D2931
ALC,W,F0019,医療機関0019,D2933,医師_D2933
ALC,W,F0297,医療機関0297,D2934,医師_D2934
ALC,W,F0010,医療機関0010,D2937,医師_D2937
ALC,W,F0040,医療機関0040,D2938,医師_D2938
ALC,W,F0221,医療機関0221,D2941,医師_D2941
ALC,W,F0175,医療機関0175,D2942,医師_D2942
ALC,W,F0026,医療機関0026,D2943,医師_D2943
ALC,W,F0190,医療機関0190,D2946,医師_D2946
ALC,W,F0123,医療機関0123,D2947,医師_D2947
ALC,W,F0265,医療機関0265,D2948,医師_D2948
ALC,W,F0093,医療機関0093,D2949,医師_D2949
ALC,W,F0192,医療機関0192,D2950,医師_D2950
ALC,W,F0132,医療機関0132,D2951,医師_D2951
ALC,W,F0157,医療機関0157,D2952,医師_D2952
ALC,W,F0214,医療機関0214,D2954,医師_D2954
ALC,W,F0125,医療機関0125,D2955,医師_D2955
ALC,W,F0135,医療機関0135,D2956,医師_D2956
ALC,W,F0051,医療機関0051,D2959,医師_D2959
ALC,W,F0141,医療機関0141,D2960,医師_D2960
ALC,W,F0021,医療機関0021,D2961,医師_D2961
ALC,W,F0239,医療機関0239,D2964,医師_D2964
ALC,W,F0235,医療機関0235,D2965,医師_D2965
ALC,W,F0079,医療機関0079,D2966,医師_D2966
ALC,W,F0127,医療機関0127,D2967,医師_D2967
ALC,W,F0047,医療機関0047,D2968,医師_D2968
ALC,W,F0227,医療機関0227,D2969,医師_D2969
ALC,W,F0074,医療機関0074,D2970,医師_D2970
ALC,W,F0240,医療機関0240,D2971,医師_D2971
ALC,W,F0207,医療機関0207,D2973,医師_D2973
ALC,W,F0100,医療機関0100,D2974,医師_D2974
ALC,W,F0286,医療機関0286,D2975,医師_D2975
ALC,W,F0206,医療機関0206,D2976,医師_D2976
ALC,W,F0194,医療機関0194,D2977,医師_D2977
ALC,W,F0257,医療機関0257,D2978,医師_D2978
ALC,W,F0265,医療機関0265,D2979,医師_D2979
ALC,W,F0024,医療機関0024,D2980,医師_D2980
ALC,W,F0265,医療機関0265,D2981,医師_D2981
ALC,W,F0230,医療機関0230,D2982,医師_D2982
ALC,W,F0062,医療機関0062,D2983,医師_D2983
ALC,W,F0093,医療機関0093,D2984,医師_D2984
ALC,W,F0226,医療機関0226,D2985,医師_D2985
ALC,W,F0136,医療機関0136,D2987,医師_D2987
ALC,W,F0207,医療機関0207,D2988,医師_D2988
ALC,W,F0196,医療機関0196,D2989,医師_D2989
ALC,W,F0273,医療機関0273,D2990,医師_D2990
ALC,W,F0034,医療機関0034,D2991,医師_D2991
ALC,W,F0296,医療機関0296,D2993,医師_D2993
ALC,W,F0171,医療機関0171,D2994,医師_D2994
ALC,W,F0075,医療機関0075,D2995,医師_D2995
ALC,W,F0087,医療機関0087,D2996,医師_D2996
ALC,W,F0102,医療機関0102,D2997,医師_D2997
ALC,W,F0086,医療機関0086,D2999,医師_D2999
ALC,W,F0187,医療機関0187,D3000,医師_D3000
ALC,W,F0134,医療機関0134,D3001,医師_D3001
ALC,W,F0184,医療機関0184,D3002,医師_D3002
ALC,W,F0047,医療機関0047,D3003,医師_D3003
ALC,W,F0188,医療機関0188,D3004,医師_D3004
ALC,W,F0278,医療機関0278,D3005,医師_D3005
ALC,W,F0041,医療機関0041,D3006,医師_D3006
ALC,W,F0099,医療機関0099,D3007,医師_D3007
ALC,W,F0209,医療機関0209,D3008,医師_D3008
ALC,W,F0186,医療機関0186,D3009,医師_D3009
ALC,W,F0203,医療機関0203,D3010,医師_D3010
ALC,W,F0205,医療機関0205,D3012,医師_D3012
ALC,W,F0183,医療機関0183,D3013,医師_D3013
ALC,W,F0023,医療機関0023,D3014,医師_D3014
ALC,W,F0226,医療機関0226,D3015,医師_D3015
ALC,W,F0135,医療機関0135,D3016,医師_D3016
ALC,W,F0123,医療機関0123,D3018,医師_D3018
ALC,W,F0131,医療機関0131,D3019,医師_D3019
ALC,W,F0027,医療機関0027,D3020,医師_D3020
ALC,W,F0067,医療機関0067,D3022,医師_D3022
ALC,W,F0100,医療機関0100,D3023,医師_D3023
ALC,W,F0133,医療機関0133,D3024,医師_D3024
ALC,W,F0250,医療機関0250,D3025,医師_D3025
ALC,W,F0254,医療機関0254,D3029,医師_D3029
ALC,W,F0140,医療機関0140,D3031,医師_D3031
ALC,W,F0012,医療機関0012,D3033,医師_D3033
ALC,W,F0229,医療機関0229,D3034,医師_D3034
ALC,W,F0289,医療機関0289,D3035,医師_D3035
ALC,W,F0142,医療機関0142,D3036,医師_D3036
ALC,W,F0150,医療機関0150,D3038,医師_D3038
ALC,W,F0025,医療機関0025,D3039,医師_D3039
ALC,W,F0217,医療機関0217,D3041,医師_D3041
ALC,W,F0279,医療機関0279,D3042,医師_D3042
ALC,W,F0279,医療機関0279,D3043,医師_D3043
ALC,W,F0148,医療機関0148,D3044,医師_D3044
ALC,W,F0288,医療機関0288,D3045,医師_D3045
ALC,W,F0159,医療機関0159,D3046,医師_D3046
ALC,W,F0193,医療機関0193,D3047,医師_D3047
ALC,W,F0181,医療機関0181,D3048,医師_D3048
ALC,W,F0300,医療機関0300,D3049,医師_D3049
ALC,W,F0222,医療機関0222,D3050,医師_D3050
ALC,W,F0037,医療機関0037,D3051,医師_D3051
ALC,W,F0123,医療機関0123,D3053,医師_D3053
ALC,W,F0155,医療機関0155,D3054,医師_D3054
ALC,W,F0201,医療機関0201,D3055,医師_D3055
ALC,W,F0145,医療機関0145,D3056,医師_D3056
ALC,W,F0155,医療機関0155,D3057,医師_D3057
ALC,W,F0277,医療機関0277,D3058,医師_D3058
ALC,W,F0101,医療機関0101,D3059,医師_D3059
ALC,W,F0141,医療機関0141,D3062,医師_D3062
ALC,W,F0291,医療機関0291,D3063,医師_D3063
ALC,W,F0289,医療機関0289,D3064,医師_D3064
ALC,W,F0154,医療機関0154,D3065,医師_D3065
ALC,W,F0136,医療機関0136,D3066,医師_D3066
ALC,W,F0055,医療機関0055,D3068,医師_D3068
ALC,W,F0128,医療機関0128,D3069,医師_D3069
ALC,W,F0066,医療機関0066,D3070,医師_D3070
ALC,W,F0044,医療機関0044,D3071,医師_D3071
ALC,W,F0029,医療機関0029,D3072,医師_D3072
ALC,W,F0177,医療機関0177,D3073,医師_D3073
ALC,W,F0001,医療機関0001,D3074,医師_D3074
ALC,W,F0194,医療機関0194,D3075,医師_D3075
ALC,W,F0130,医療機関0130,D3076,医師_D3076
ALC,W,F0231,医療機関0231,D3078,医師_D3078
ALC,W,F0162,医療機関0162,D3079,医師_D3079
ALC,W,F0221,医療機関0221,D3080,医師_D3080
ALC,W,F0213,医療機関0213,D3081,医師_D3081
ALC,W,F0010,医療機関0010,D3082,医師_D3082
ALC,W,F0065,医療機関0065,D3083,医師_D3083
ALC,W,F0171,医療機関0171,D3084,医師_D3084
ALC,W,F0293,医療機関0293,D3085,医師_D3085
ALC,W,F0032,医療機関0032,D3087,医師_D3087
ALC,W,F0283,医療機関0283,D3088,医師_D3088
ALC,W,F0121,医療機関0121,D3091,医師_D3091
ALC,W,F0188,医療機関0188,D3092,医師_D3092
ALC,W,F0059,医療機関0059,D3093,医師_D3093
ALC,W,F0098,医療機関0098,D3094,医師_D3094
ALC,W,F0193,医療機関0193,D3096,医師_D3096
ALC,W,F0124,医療機関0124,D3098,医師_D3098
ALC,W,F0087,医療機関0087,D3099,医師_D3099
ALC,W,F0228,医療機関0228,D3100,医師_D3100
ALC,W,F0070,医療機関0070,D3102,医師_D3102
ALC,W,F0272,医療機関0272,D3104,医師_D3104
ALC,W,F0284,医療機関0284,D3105,医師_D3105
ALC,W,F0151,医療機関0151,D3106,医師_D3106
ALC,W,F0255,医療機関0255,D3110,医師_D3110
ALC,W,F0108,医療機関0108,D3111,医師_D3111
ALC,W,F0300,医療機関0300,D3112,医師_D3112
ALC,W,F0243,医療機関0243,D3113,医師_D3113
ALC,W,F0068,医療機関0068,D3114,医師_D3114
ALC,W,F0105,医療機関0105,D3117,医師_D3117
ALC,W,F0205,医療機関0205,D3119,医師_D3119
ALC,W,F0079,医療機関0079,D3120,医師_D3120
ALC,W,F0175,医療機関0175,D3122,医師_D3122
ALC,W,F0299,医療機関0299,D3124,医師_D3124
ALC,W,F0003,医療機関0003,D3125,医師_D3125
ALC,W,F0298,医療機関0298,D3126,医師_D3126
ALC,W,F0159,医療機関0159,D3128,医師_D3128
ALC,W,F0103,医療機関0103,D3129,医師_D3129
ALC,W,F0217,医療機関0217,D3131,医師_D3131
ALC,W,F0258,医療機関0258,D3132,医師_D3132
ALC,W,F0121,医療機関0121,D3133,医師_D3133
ALC,W,F0280,医療機関0280,D3134,医師_D3134
ALC,W,F0097,医療機関0097,D3135,医師_D3135
ALC,W,F0114,医療機関0114,D3137,医師_D3137
ALC,W,F0159,医療機関0159,D3138,医師_D3138
ALC,W,F0068,医療機関0068,D3141,医師_D3141
ALC,W,F0091,医療機関0091,D3142,医師_D3142
ALC,W,F0282,医療機関0282,D3143,医師_D3143
ALC,W,F0132,医療機関0132,D3144,医師_D3144
ALC,W,F0073,医療機関0073,D3145,医師_D3145
ALC,W,F0296,医療機関0296,D3146,医師_D3146
ALC,W,F0135,医療機関0135,D3147,医師_D3147
ALC,W,F0296,医療機関0296,D3148,医師_D3148
ALC,W,F0276,医療機関0276,D3149,医師_D3149
ALC,W,F0272,医療機関0272,D3150,医師_D3150
ALC,W,F0175,医療機関0175,D3151,医師_D3151
ALC,W,F0240,医療機関0240,D3152,医師_D3152
ALC,W,F0289,医療機関0289,D3153,医師_D3153
ALC,W,F0012,医療機関0012,D3155,医師_D3155
ALC,W,F0097,医療機関0097,D3156,医師_D3156
ALC,W,F0192,医療機関0192,D3157,医師_D3157
ALC,W,F0165,医療機関0165,D3158,医師_D3158
ALC,W,F0169,医療機関0169,D3160,医師_D3160
ALC,W,F0053,医療機関0053,D3161,医師_D3161
ALC,W,F0152,医療機関0152,D3162,医師_D3162
ALC,W,F0173,医療機関0173,D3163,医師_D3163
ALC,W,F0192,医療機関0192,D3164,医師_D3164
ALC,W,F0124,医療機関0124,D3165,医師_D3165
ALC,W,F0123,医療機関0123,D3166,医師_D3166
ALC,W,F0204,医療機関0204,D3167,医師_D3167
ALC,W,F0225,医療機関0225,D3168,医師_D3168
ALC,W,F0243,医療機関0243,D3169,医師_D3169
ALC,W,F0101,医療機関0101,D3170,医師_D3170
ALC,W,F0128,医療機関0128,D3171,医師_D3171
ALC,W,F0100,医療機関0100,D3172,医師_D3172
ALC,W,F0159,医療機関0159,D3173,医師_D3173
ALC,W,F0130,医療機関0130,D3175,医師_D3175
ALC,W,F0057,医療機関0057,D3176,医師_D3176
ALC,W,F0160,医療機関0160,D3177,医師_D3177
ALC,W,F0256,医療機関0256,D3178,医師_D3178
ALC,W,F0296,医療機関0296,D3179,医師_D3179
ALC,W,F0134,医療機関0134,D3180,医師_D3180
ALC,W,F0017,医療機関0017,D3181,医師_D3181
ALC,W,F0069,医療機関0069,D3182,医師_D3182
ALC,W,F0228,医療機関0228,D3184,医師_D3184
ALC,W,F0296,医療機関0296,D3185,医師_D3185
ALC,W,F0167,医療機関0167,D3186,医師_D3186
ALC,W,F0054,医療機関0054,D3187,医師_D3187
ALC,W,F0293,医療機関0293,D3189,医師_D3189
ALC,W,F0095,医療機関0095,D3190,医師_D3190
ALC,W,F0034,医療機関0034,D3191,医師_D3191
ALC,W,F0054,医療機関0054,D3192,医師_D3192
ALC,W,F0077,医療機関0077,D3193,医師_D3193
ALC,W,F0197,医療機関0197,D3194,医師_D3194
ALC,W,F0268,医療機関0268,D3195,医師_D3195
ALC,W,F0207,医療機関0207,D3197,医師_D3197
ALC,W,F0004,医療機関0004,D3199,医師_D3199
CUV,R,F0091,医療機関0091,D1001,医師_D1001
CUV,R,F0222,医療機関0222,D1002,医師_D1002
CUV,R,F0096,医療機関0096,D1004,医師_D1004
CUV,R,F0233,医療機関0233,D1011,医師_D1011
CUV,R,F0208,医療機関0208,D1014,医師_D1014
CUV,R,F0019,医療機関0019,D1015,医師_D1015
CUV,R,F0125,医療機関0125,D1035,医師_D1035
CUV,R,F0050,医療機関0050,D1037,医師_D1037
CUV,R,F0187,医療機関0187,D1038,医師_D1038
CUV,R,F0082,医療機関0082,D1040,医師_D1040
CUV,R,F0217,医療機関0217,D1041,医師_D1041
CUV,R,F0016,医療機関0016,D1042,医師_D1042
CUV,R,F0200,医療機関0200,D1048,医師_D1048
CUV,R,F0179,医療機関0179,D1054,医師_D1054
CUV,R,F0252,医療機関0252,D1059,医師_D1059
CUV,R,F0186,医療機関0186,D1061,医師_D1061
CUV,R,F0184,医療機関0184,D1062,医師_D1062
CUV,R,F0056,医療機関0056,D1063,医師_D1063
CUV,R,F0204,医療機関0204,D1068,医師_D1068
CUV,R,F0126,医療機関0126,D1078,医師_D1078
CUV,R,F0278,医療機関0278,D1079,医師_D1079
CUV,R,F0108,医療機関0108,D1085,医師_D1085
CUV,R,F0129,医療機関0129,D1087,医師_D1087
CUV,R,F0123,医療機関0123,D1088,医師_D1088
CUV,R,F0282,医療機関0282,D1089,医師_D1089
CUV,R,F0060,医療機関0060,D1104,医師_D1104
CUV,R,F0258,医療機関0258,D1106,医師_D1106
CUV,R,F0264,医療機関0264,D1113,医師_D1113
CUV,R,F0264,医療機関0264,D1116,医師_D1116
CUV,R,F0196,医療機関0196,D1123,医師_D1123
CUV,R,F0030,医療機関0030,D1138,医師_D1138
CUV,R,F0114,医療機関0114,D1148,医師_D1148
CUV,R,F0280,医療機関0280,D1151,医師_D1151
CUV,R,F0119,医療機関0119,D1154,医師_D1154
CUV,R,F0105,医療機関0105,D1157,医師_D1157
CUV,R,F0004,医療機関0004,D1163,医師_D1163
CUV,R,F0173,医療機関0173,D1165,医師_D1165
CUV,R,F0281,医療機関0281,D1166,医師_D1166
CUV,R,F0141,医療機関0141,D1168,医師_D1168
CUV,R,F0114,医療機関0114,D1172,医師_D1172
CUV,R,F0093,医療機関0093,D1179,医師_D1179
CUV,R,F0102,医療機関0102,D1182,医師_D1182
CUV,R,F0008,医療機関0008,D1183,医師_D1183
CUV,R,F0227,医療機関0227,D1190,医師_D1190
CUV,R,F0265,医療機関0265,D1192,医師_D1192
CUV,R,F0056,医療機関0056,D1198,医師_D1198
CUV,R,F0144,医療機関0144,D1199,医師_D1199
CUV,R,F0288,医療機関0288,D1210,医師_D1210
CUV,R,F0074,医療機関0074,D1211,医師_D1211
CUV,R,F0266,医療機関0266,D1215,医師_D1215
CUV,R,F0034,医療機関0034,D1216,医師_D1216
CUV,R,F0071,医療機関0071,D1217,医師_D1217
CUV,R,F0089,医療機関0089,D1220,医師_D1220
CUV,R,F0094,医療機関0094,D1221,医師_D1221
CUV,R,F0296,医療機関0296,D1228,医師_D1228
CUV,R,F0107,医療機関0107,D1231,医師_D1231
CUV,R,F0124,医療機関0124,D1235,医師_D1235
CUV,R,F0128,医療機関0128,D1241,医師_D1241
CUV,R,F0030,医療機関0030,D1242,医師_D1242
CUV,R,F0025,医療機関0025,D1251,医師_D1251
CUV,R,F0076,医療機関0076,D1252,医師_D1252
CUV,R,F0176,医療機関0176,D1258,医師_D1258
CUV,R,F0221,医療機関0221,D1260,医師_D1260
CUV,R,F0089,医療機関0089,D1262,医師_D1262
CUV,R,F0063,医療機関0063,D1272,医師_D1272
CUV,R,F0182,医療機関0182,D1273,医師_D1273
CUV,R,F0283,医療機関0283,D1274,医師_D1274
CUV,R,F0070,医療機関0070,D1277,医師_D1277
CUV,R,F0080,医療機関0080,D1282,医師_D1282
CUV,R,F0054,医療機関0054,D1283,医師_D1283
CUV,R,F0254,医療機関0254,D1284,医師_D1284
CUV,R,F0186,医療機関0186,D1285,医師_D1285
CUV,R,F0054,医療機関0054,D1286,医師_D1286
CUV,R,F0135,医療機関0135,D1290,医師_D1290
CUV,R,F0173,医療機関0173,D1297,医師_D1297
CUV,R,F0225,医療機関0225,D1299,医師_D1299
CUV,R,F0216,医療機関0216,D1303,医師_D1303
CUV,R,F0100,医療機関0100,D1305,医師_D1305
CUV,R,F0267,医療機関0267,D1312,医師_D1312
CUV,R,F0148,医療機関0148,D1318,医師_D1318
CUV,R,F0118,医療機関0118,D1321,医師_D1321
CUV,R,F0161,医療機関0161,D1322,医師_D1322
CUV,R,F0108,医療機関0108,D1327,医師_D1327
CUV,R,F0286,医療機関0286,D1334,医師_D1334
CUV,R,F0045,医療機関0045,D1335,医師_D1335
CUV,R,F0167,医療機関0167,D1338,医師_D1338
CUV,R,F0063,医療機関0063,D1340,医師_D1340
CUV,R,F0022,医療機関0022,D1353,医師_D1353
CUV,R,F0199,医療機関0199,D1359,医師_D1359
CUV,R,F0223,医療機関0223,D1366,医師_D1366
CUV,R,F0112,医療機関0112,D1367,医師_D1367
CUV,R,F0046,医療機関0046,D1370,医師_D1370
CUV,R,F0205,医療機関0205,D1373,医師_D1373
CUV,R,F0168,医療機関0168,D1375,医師_D1375
CUV,R,F0280,医療機関0280,D1377,医師_D1377
CUV,R,F0239,医療機関0239,D1380,医師_D1380
CUV,R,F0187,医療機関0187,D1382,医師_D1382
CUV,R,F0226,医療機関0226,D1384,医師_D1384
CUV,R,F0239,医療機関0239,D1386,医師_D1386
CUV,R,F0064,医療機関0064,D1388,医師_D1388
CUV,R,F0064,医療機関0064,D1389,医師_D1389
CUV,R,F0085,医療機関0085,D1399,医師_D1399
CUV,R,F0120,医療機関0120,D1403,医師_D1403
CUV,R,F0039,医療機関0039,D1406,医師_D1406
CUV,R,F0046,医療機関0046,D1408,医師_D1408
CUV,R,F0150,医療機関0150,D1411,医師_D1411
CUV,R,F0277,医療機関0277,D1414,医師_D1414
CUV,R,F0195,医療機関0195,D1415,医師_D1415
CUV,R,F0180,医療機関0180,D1424,医師_D1424
CUV,R,F0286,医療機関0286,D1428,医師_D1428
CUV,R,F0158,医療機関0158,D1429,医師_D1429
CUV,R,F0028,医療機関0028,D1433,医師_D1433
CUV,R,F0013,医療機関0013,D1438,医師_D1438
CUV,R,F0297,医療機関0297,D1439,医師_D1439
CUV,R,F0084,医療機関0084,D1445,医師_D1445
CUV,R,F0298,医療機関0298,D1446,医師_D1446
CUV,R,F0136,医療機関0136,D1447,医師_D1447
CUV,R,F0198,医療機関0198,D1450,医師_D1450
CUV,R,F0091,医療機関0091,D1452,医師_D1452
CUV,R,F0221,医療機関0221,D1457,医師_D1457
CUV,R,F0119,医療機関0119,D1459,医師_D1459
CUV,R,F0269,医療機関0269,D1461,医師_D1461
CUV,R,F0169,医療機関0169,D1462,医師_D1462
CUV,R,F0045,医療機関0045,D1463,医師_D1463
CUV,R,F0177,医療機関0177,D1465,医師_D1465
CUV,R,F0153,医療機関0153,D1466,医師_D1466
CUV,R,F0273,医療機関0273,D1468,医師_D1468
CUV,R,F0100,医療機関0100,D1469,医師_D1469
CUV,R,F0195,医療機関0195,D1472,医師_D1472
CUV,R,F0197,医療機関0197,D1486,医師_D1486
CUV,R,F0006,医療機関0006,D1490,医師_D1490
CUV,R,F0060,医療機関0060,D1494,医師_D1494
CUV,R,F0234,医療機関0234,D1496,医師_D1496
CUV,R,F0226,医療機関0226,D1499,医師_D1499
CUV,R,F0075,医療機関0075,D1500,医師_D1500
CUV,R,F0274,医療機関0274,D1501,医師_D1501
CUV,R,F0201,医療機関0201,D1502,医師_D1502
CUV,R,F0052,医療機関0052,D1503,医師_D1503
CUV,R,F0039,医療機関0039,D1504,医師_D1504
CUV,R,F0262,医療機関0262,D1505,医師_D1505
CUV,R,F0163,医療機関0163,D1518,医師_D1518
CUV,R,F0231,医療機関0231,D1521,医師_D1521
CUV,R,F0224,医療機関0224,D1525,医師_D1525
CUV,R,F0293,医療機関0293,D1532,医師_D1532
CUV,R,F0206,医療機関0206,D1536,医師_D1536
CUV,R,F0109,医療機関0109,D1545,医師_D1545
CUV,R,F0281,医療機関0281,D1548,医師_D1548
CUV,R,F0255,医療機関0255,D1549,医師_D1549
CUV,R,F0257,医療機関0257,D1550,医師_D1550
CUV,R,F0212,医療機関0212,D1555,医師_D1555
CUV,R,F0147,医療機関0147,D1556,医師_D1556
CUV,R,F0243,医療機関0243,D1561,医師_D1561
CUV,R,F0121,医療機関0121,D1563,医師_D1563
CUV,R,F0253,医療機関0253,D1568,医師_D1568
CUV,R,F0007,医療機関0007,D1571,医師_D1571
CUV,R,F0032,医療機関0032,D1577,医師_D1577
CUV,R,F0137,医療機関0137,D1580,医師_D1580
CUV,R,F0073,医療機関0073,D1582,医師_D1582
CUV,R,F0109,医療機関0109,D1591,医師_D1591
CUV,R,F0123,医療機関0123,D1592,医師_D1592
CUV,R,F0066,医療機関0066,D1594,医師_D1594
CUV,R,F0259,医療機関0259,D1598,医師_D1598
CUV,R,F0051,医療機関0051,D1600,医師_D1600
CUV,R,F0240,医療機関0240,D1606,医師_D1606
CUV,R,F0042,医療機関0042,D1610,医師_D1610
CUV,R,F0210,医療機関0210,D1611,医師_D1611
CUV,R,F0118,医療機関0118,D1616,医師_D1616
CUV,R,F0300,医療機関0300,D1618,医師_D1618
CUV,R,F0086,医療機関0086,D1619,医師_D1619
CUV,R,F0058,医療機関0058,D1620,医師_D1620
CUV,R,F0047,医療機関0047,D1622,医師_D1622
CUV,R,F0087,医療機関0087,D1629,医師_D1629
CUV,R,F0021,医療機関0021,D1632,医師_D1632
CUV,R,F0282,医療機関0282,D1633,医師_D1633
CUV,R,F0238,医療機関0238,D1636,医師_D1636
CUV,R,F0266,医療機関0266,D1640,医師_D1640
CUV,R,F0068,医療機関0068,D1641,医師_D1641
CUV,R,F0034,医療機関0034,D1644,医師_D1644
CUV,R,F0250,医療機関0250,D1646,医師_D1646
CUV,R,F0128,医療機関0128,D1650,医師_D1650
CUV,R,F0151,医療機関0151,D1654,医師_D1654
CUV,R,F0155,医療機関0155,D1664,医師_D1664
CUV,R,F0293,医療機関0293,D1670,医師_D1670
CUV,R,F0090,医療機関0090,D1673,医師_D1673
CUV,R,F0016,医療機関0016,D1678,医師_D1678
CUV,R,F0111,医療機関0111,D1679,医師_D1679
CUV,R,F0098,医療機関0098,D1683,医師_D1683
CUV,R,F0281,医療機関0281,D1689,医師_D1689
CUV,R,F0125,医療機関0125,D1690,医師_D1690
CUV,R,F0225,医療機関0225,D1694,医師_D1694
CUV,R,F0148,医療機関0148,D1698,医師_D1698
CUV,R,F0081,医療機関0081,D1701,医師_D1701
CUV,R,F0098,医療機関0098,D1707,医師_D1707
CUV,R,F0161,医療機関0161,D1710,医師_D1710
CUV,R,F0021,医療機関0021,D1712,医師_D1712
CUV,R,F0131,医療機関0131,D1718,医師_D1718
CUV,R,F0256,医療機関0256,D1719,医師_D1719
CUV,R,F0011,医療機関0011,D1722,医師_D1722
CUV,R,F0045,医療機関0045,D1730,医師_D1730
CUV,R,F0259,医療機関0259,D1732,医師_D1732
CUV,R,F0014,医療機関0014,D1739,医師_D1739
CUV,R,F0119,医療機関0119,D1742,医師_D1742
CUV,R,F0215,医療機関0215,D1753,医師_D1753
CUV,R,F0124,医療機関0124,D1757,医師_D1757
CUV,R,F0188,医療機関0188,D1759,医師_D1759
CUV,R,F0298,医療機関0298,D1776,医師_D1776
CUV,R,F0286,医療機関0286,D1787,医師_D1787
CUV,R,F0067,医療機関0067,D1794,医師_D1794
CUV,R,F0284,医療機関0284,D1797,医師_D1797
CUV,R,F0224,医療機関0224,D1803,医師_D1803
CUV,R,F0140,医療機関0140,D1809,医師_D1809
CUV,R,F0280,医療機関0280,D1813,医師_D1813
CUV,R,F0181,医療機関0181,D1814,医師_D1814
CUV,R,F0146,医療機関0146,D1816,医師_D1816
CUV,R,F0157,医療機関0157,D1832,医師_D1832
CUV,R,F0192,医療機関0192,D1837,医師_D1837
CUV,R,F0020,医療機関0020,D1840,医師_D1840
CUV,R,F0001,医療機関0001,D1842,医師_D1842
CUV,R,F0234,医療機関0234,D1849,医師_D1849
CUV,R,F0253,医療機関0253,D1857,医師_D1857
CUV,R,F0103,医療機関0103,D1861,医師_D1861
CUV,R,F0204,医療機関0204,D1868,医師_D1868
CUV,R,F0032,医療機関0032,D1875,医師_D1875
CUV,R,F0127,医療機関0127,D1876,医師_D1876
CUV,R,F0157,医療機関0157,D1877,医師_D1877
CUV,R,F0041,医療機関0041,D1880,医師_D1880
CUV,R,F0259,医療機関0259,D1882,医師_D1882
CUV,R,F0279,医療機関0279,D1893,医師_D1893
CUV,R,F0126,医療機関0126,D1895,医師_D1895
CUV,R,F0241,医療機関0241,D1897,医師_D1897
CUV,R,F0010,医療機関0010,D1899,医師_D1899
CUV,R,F0279,医療機関0279,D1900,医師_D1900
CUV,R,F0210,医療機関0210,D1901,医師_D1901
CUV,R,F0138,医療機関0138,D1907,医師_D1907
CUV,R,F0032,医療機関0032,D1915,医師_D1915
CUV,R,F0246,医療機関0246,D1916,医師_D1916
CUV,R,F0158,医療機関0158,D1918,医師_D1918
CUV,R,F0026,医療機関0026,D1929,医師_D1929
CUV,R,F0052,医療機関0052,D1934,医師_D1934
CUV,R,F0150,医療機関0150,D1938,医師_D1938
CUV,R,F0287,医療機関0287,D1943,医師_D1943
CUV,R,F0120,医療機関0120,D1946,医師_D1946
CUV,R,F0176,医療機関0176,D1948,医師_D1948
CUV,R,F0241,医療機関0241,D1967,医師_D1967
CUV,R,F0190,医療機関0190,D1968,医師_D1968
CUV,R,F0220,医療機関0220,D1973,医師_D1973
CUV,R,F0118,医療機関0118,D1974,医師_D1974
CUV,R,F0139,医療機関0139,D1982,医師_D1982
CUV,R,F0097,医療機関0097,D1988,医師_D1988
CUV,R,F0160,医療機関0160,D1993,医師_D1993
CUV,R,F0158,医療機関0158,D2009,医師_D2009
CUV,R,F0055,医療機関0055,D2013,医師_D2013
CUV,R,F0298,医療機関0298,D2017,医師_D2017
CUV,R,F0016,医療機関0016,D2018,医師_D2018
CUV,R,F0277,医療機関0277,D2025,医師_D2025
CUV,R,F0002,医療機関0002,D2028,医師_D2028
CUV,R,F0256,医療機関0256,D2055,医師_D2055
CUV,R,F0065,医療機関0065,D2065,医師_D2065
CUV,R,F0257,医療機関0257,D2072,医師_D2072
CUV,R,F0280,医療機関0280,D2075,医師_D2075
CUV,R,F0179,医療機関0179,D2076,医師_D2076
CUV,R,F0036,医療機関0036,D2081,医師_D2081
CUV,R,F0244,医療機関0244,D2084,医師_D2084
CUV,R,F0074,医療機関0074,D2087,医師_D2087
CUV,R,F0170,医療機関0170,D2088,医師_D2088
CUV,R,F0219,医療機関0219,D2091,医師_D2091
CUV,R,F0274,医療機関0274,D2093,医師_D2093
CUV,W,F0248,医療機関0248,D1003,医師_D1003
CUV,W,F0038,医療機関0038,D1005,医師_D1005
CUV,W,F0268,医療機関0268,D1006,医師_D1006
CUV,W,F0045,医療機関0045,D1007,医師_D1007
CUV,W,F0179,医療機関0179,D1008,医師_D1008
CUV,W,F0071,医療機関0071,D1009,医師_D1009
CUV,W,F0038,医療機関0038,D1010,医師_D1010
CUV,W,F0044,医療機関0044,D1012,医師_D1012
CUV,W,F0202,医療機関0202,D1013,医師_D1013
CUV,W,F0052,医療機関0052,D1016,医師_D1016
CUV,W,F0239,医療機関0239,D1017,医師_D1017
CUV,W,F0153,医療機関0153,D1018,医師_D1018
CUV,W,F0037,医療機関0037,D1019,医師_D1019
CUV,W,F0298,医療機関0298,D1020,医師_D1020
CUV,W,F0080,医療機関0080,D1021,医師_D1021
CUV,W,F0002,医療機関0002,D1022,医師_D1022
CUV,W,F0278,医療機関0278,D1023,医師_D1023
CUV,W,F0005,医療機関0005,D1024,医師_D1024
CUV,W,F0167,医療機関0167,D1025,医師_D1025
CUV,W,F0298,医療機関0298,D1026,医師_D1026
CUV,W,F0174,医療機関0174,D1027,医師_D1027
CUV,W,F0176,医療機関0176,D1028,医師_D1028
CUV,W,F0117,医療機関0117,D1029,医師_D1029
CUV,W,F0039,医療機関0039,D1030,医師_D1030
CUV,W,F0172,医療機関0172,D1031,医師_D1031
CUV,W,F0270,医療機関0270,D1032,医師_D1032
CUV,W,F0028,医療機関0028,D1033,医師_D1033
CUV,W,F0265,医療機関0265,D1034,医師_D1034
CUV,W,F0161,医療機関0161,D1036,医師_D1036
CUV,W,F0055,医療機関0055,D1039,医師_D1039
CUV,W,F0135,医療機関0135,D1043,医師_D1043
CUV,W,F0179,医療機関0179,D1044,医師_D1044
CUV,W,F0040,医療機関0040,D1045,医師_D1045
CUV,W,F0089,医療機関0089,D1046,医師_D1046
CUV,W,F0104,医療機関0104,D1047,医師_D1047
CUV,W,F0294,医療機関0294,D1049,医師_D1049
CUV,W,F0251,医療機関0251,D1050,医師_D1050
CUV,W,F0057,医療機関0057,D1051,医師_D1051
CUV,W,F0006,医療機関0006,D1052,医師_D1052
CUV,W,F0016,医療機関0016,D1053,医師_D1053
CUV,W,F0047,医療機関0047,D1055,医師_D1055
CUV,W,F0070,医療機関0070,D1056,医師_D1056
CUV,W,F0255,医療機関0255,D1057,医師_D1057
CUV,W,F0263,医療機関0263,D1058,医師_D1058
CUV,W,F0077,医療機関0077,D1060,医師_D1060
CUV,W,F0167,医療機関0167,D1064,医師_D1064
CUV,W,F0158,医療機関0158,D1065,医師_D1065
CUV,W,F0119,医療機関0119,D1066,医師_D1066
CUV,W,F0226,医療機関0226,D1067,医師_D1067
CUV,W,F0160,医療機関0160,D1069,医師_D1069
CUV,W,F0218,医療機関0218,D1070,医師_D1070
CUV,W,F0229,医療機関0229,D1071,医師_D1071
CUV,W,F0171,医療機関0171,D1072,医師_D1072
CUV,W,F0081,医療機関0081,D1073,医師_D1073
CUV,W,F0228,医療機関0228,D1074,医師_D1074
CUV,W,F0216,医療機関0216,D1075,医師_D1075
CUV,W,F0296,医療機関0296,D1076,医師_D1076
CUV,W,F0045,医療機関0045,D1077,医師_D1077
CUV,W,F0155,医療機関0155,D1080,医師_D1080
CUV,W,F0283,医療機関0283,D1081,医師_D1081
CUV,W,F0004,医療機関0004,D1082,医師_D1082
CUV,W,F0011,医療機関0011,D1083,医師_D1083
CUV,W,F0239,医療機関0239,D1084,医師_D1084
CUV,W,F0157,医療機関0157,D1086,医師_D1086
CUV,W,F0029,医療機関0029,D1090,医師_D1090
CUV,W,F0232,医療機関0232,D1091,医師_D1091
CUV,W,F0267,医療機関0267,D1092,医師_D1092
CUV,W,F0198,医療機関0198,D1093,医師_D1093
CUV,W,F0119,医療機関0119,D1094,医師_D1094
CUV,W,F0049,医療機関0049,D1095,医師_D1095
CUV,W,F0205,医療機関0205,D1096,医師_D1096
CUV,W,F0141,医療機関0141,D1097,医師_D1097
CUV,W,F0045,医療機関0045,D1098,医師_D1098
CUV,W,F0108,医療機関0108,D1099,医師_D1099
CUV,W,F0289,医療機関0289,D1100,医師_D1100
CUV,W,F0080,医療機関0080,D1101,医師_D1101
CUV,W,F0054,医療機関0054,D1102,医師_D1102
CUV,W,F0205,医療機関0205,D1103,医師_D1103
CUV,W,F0276,医療機関0276,D1105,医師_D1105
CUV,W,F0296,医療機関0296,D1107,医師_D1107
CUV,W,F0274,医療機関0274,D1108,医師_D1108
CUV,W,F0074,医療機関0074,D1109,医師_D1109
CUV,W,F0064,医療機関0064,D1110,医師_D1110
CUV,W,F0103,医療機関0103,D1111,医師_D1111
CUV,W,F0141,医療機関0141,D1112,医師_D1112
CUV,W,F0221,医療機関0221,D1114,医師_D1114
CUV,W,F0194,医療機関0194,D1115,医師_D1115
CUV,W,F0194,医療機関0194,D1117,医師_D1117
CUV,W,F0114,医療機関0114,D1118,医師_D1118
CUV,W,F0124,医療機関0124,D1119,医師_D1119
CUV,W,F0156,医療機関0156,D1120,医師_D1120
CUV,W,F0027,医療機関0027,D1121,医師_D1121
CUV,W,F0223,医療機関0223,D1122,医師_D1122
CUV,W,F0220,医療機関0220,D1124,医師_D1124
CUV,W,F0161,医療機関0161,D1125,医師_D1125
CUV,W,F0235,医療機関0235,D1126,医師_D1126
CUV,W,F0285,医療機関0285,D1127,医師_D1127
CUV,W,F0171,医療機関0171,D1128,医師_D1128
CUV,W,F0134,医療機関0134,D1129,医師_D1129
CUV,W,F0032,医療機関0032,D1130,医師_D1130
CUV,W,F0234,医療機関0234,D1131,医師_D1131
CUV,W,F0272,医療機関0272,D1132,医師_D1132
CUV,W,F0210,医療機関0210,D1133,医師_D1133
CUV,W,F0260,医療機関0260,D1134,医師_D1134
CUV,W,F0259,医療機関0259,D1135,医師_D1135
CUV,W,F0240,医療機関0240,D1136,医師_D1136
CUV,W,F0151,医療機関0151,D1137,医師_D1137
CUV,W,F0001,医療機関0001,D1139,医師_D1139
CUV,W,F0062,医療機関0062,D1140,医師_D1140
CUV,W,F0130,医療機関0130,D1141,医師_D1141
CUV,W,F0224,医療機関0224,D1142,医師_D1142
CUV,W,F0137,医療機関0137,D1143,医師_D1143
CUV,W,F0007,医療機関0007,D1144,医師_D1144
CUV,W,F0064,医療機関0064,D1145,医師_D1145
CUV,W,F0294,医療機関0294,D1146,医師_D1146
CUV,W,F0297,医療機関0297,D1147,医師_D1147
CUV,W,F0242,医療機関0242,D1149,医師_D1149
CUV,W,F0216,医療機関0216,D1150,医師_D1150
CUV,W,F0267,医療機関0267,D1152,医師_D1152
CUV,W,F0189,医療機関0189,D1153,医師_D1153
CUV,W,F0188,医療機関0188,D1155,医師_D1155
CUV,W,F0096,医療機関0096,D1156,医師_D1156
CUV,W,F0183,医療機関0183,D1158,医師_D1158
CUV,W,F0172,医療機関0172,D1159,医師_D1159
CUV,W,F0175,医療機関0175,D1160,医師_D1160
CUV,W,F0116,医療機関0116,D1161,医師_D1161
CUV,W,F0123,医療機関0123,D1162,医師_D1162
CUV,W,F0181,医療機関0181,D1164,医師_D1164
CUV,W,F0152,医療機関0152,D1167,医師_D1167
CUV,W,F0021,医療機関0021,D1169,医師_D1169
CUV,W,F0060,医療機関0060,D1170,医師_D1170
CUV,W,F0102,医療機関0102,D1171,医師_D1171
CUV,W,F0109,医療機関0109,D1173,医師_D1173
CUV,W,F0119,医療機関0119,D1174,医師_D1174
CUV,W,F0231,医療機関0231,D1175,医師_D1175
CUV,W,F0040,医療機関0040,D1176,医師_D1176
CUV,W,F0100,医療機関0100,D1177,医師_D1177
CUV,W,F0049,医療機関0049,D1178,医師_D1178
CUV,W,F0206,医療機関0206,D1180,医師_D1180
CUV,W,F0015,医療機関0015,D1181,医師_D1181
CUV,W,F0287,医療機関0287,D1184,医師_D1184
CUV,W,F0219,医療機関0219,D1185,医師_D1185
CUV,W,F0074,医療機関0074,D1186,医師_D1186
CUV,W,F0060,医療機関0060,D1187,医師_D1187
CUV,W,F0030,医療機関0030,D1188,医師_D1188
CUV,W,F0142,医療機関0142,D1189,医師_D1189
CUV,W,F0176,医療機関0176,D1191,医師_D1191
CUV,W,F0104,医療機関0104,D1193,医師_D1193
CUV,W,F0084,医療機関0084,D1194,医師_D1194
CUV,W,F0144,医療機関0144,D1195,医師_D1195
CUV,W,F0061,医療機関0061,D1196,医師_D1196
CUV,W,F0293,医療機関0293,D1197,医師_D1197
CUV,W,F0157,医療機関0157,D1200,医師_D1200
CUV,W,F0018,医療機関0018,D1201,医師_D1201
CUV,W,F0141,医療機関0141,D1202,医師_D1202
CUV,W,F0137,医療機関0137,D1203,医師_D1203
CUV,W,F0078,医療機関0078,D1204,医師_D1204
CUV,W,F0039,医療機関0039,D1205,医師_D1205
CUV,W,F0014,医療機関0014,D1206,医師_D1206
CUV,W,F0003,医療機関0003,D1207,医師_D1207
CUV,W,F0145,医療機関0145,D1208,医師_D1208
CUV,W,F0027,医療機関0027,D1209,医師_D1209
CUV,W,F0196,医療機関0196,D1212,医師_D1212
CUV,W,F0203,医療機関0203,D1213,医師_D1213
CUV,W,F0149,医療機関0149,D1214,医師_D1214
CUV,W,F0076,医療機関0076,D1218,医師_D1218
CUV,W,F0041,医療機関0041,D1219,医師_D1219
CUV,W,F0230,医療機関0230,D1222,医師_D1222
CUV,W,F0091,医療機関0091,D1223,医師_D1223
CUV,W,F0264,医療機関0264,D1224,医師_D1224
CUV,W,F0232,医療機関0232,D1225,医師_D1225
CUV,W,F0271,医療機関0271,D1226,医師_D1226
CUV,W,F0032,医療機関0032,D1227,医師_D1227
CUV,W,F0185,医療機関0185,D1229,医師_D1229
CUV,W,F0295,医療機関0295,D1230,医師_D1230
CUV,W,F0286,医療機関0286,D1232,医師_D1232
CUV,W,F0177,医療機関0177,D1233,医師_D1233
CUV,W,F0022,医療機関0022,D1234,医師_D1234
CUV,W,F0042,医療機関0042,D1236,医師_D1236
CUV,W,F0283,医療機関0283,D1237,医師_D1237
CUV,W,F0092,医療機関0092,D1238,医師_D1238
CUV,W,F0067,医療機関0067,D1239,医師_D1239
CUV,W,F0166,医療機関0166,D1240,医師_D1240
CUV,W,F0245,医療機関0245,D1243,医師_D1243
CUV,W,F0254,医療機関0254,D1244,医師_D1244
CUV,W,F0223,医療機関0223,D1245,医師_D1245
CUV,W,F0186,医療機関0186,D1246,医師_D1246
CUV,W,F0121,医療機関0121,D1247,医師_D1247
CUV,W,F0163,医療機関0163,D1248,医師_D1248
CUV,W,F0157,医療機関0157,D1249,医師_D1249
CUV,W,F0050,医療機関0050,D1250,医師_D1250
CUV,W,F0137,医療機関0137,D1253,医師_D1253
CUV,W,F0049,医療機関0049,D1254,医師_D1254
CUV,W,F0033,医療機関0033,D1255,医師_D1255
CUV,W,F0256,医療機関0256,D1256,医師_D1256
CUV,W,F0113,医療機関0113,D1257,医師_D1257
CUV,W,F0158,医療機関0158,D1259,医師_D1259
CUV,W,F0222,医療機関0222,D1261,医師_D1261
CUV,W,F0255,医療機関0255,D1263,医師_D1263
CUV,W,F0112,医療機関0112,D1264,医師_D1264
CUV,W,F0251,医療機関0251,D1265,医師_D1265
CUV,W,F0122,医療機関0122,D1266,医師_D1266
CUV,W,F0034,医療機関0034,D1267,医師_D1267
CUV,W,F0229,医療機関0229,D1268,医師_D1268
CUV,W,F0010,医療機関0010,D1269,医師_D1269
CUV,W,F0232,医療機関0232,D1270,医師_D1270
CUV,W,F0013,医療機関0013,D1271,医師_D1271
CUV,W,F0123,医療機関0123,D1275,医師_D1275
CUV,W,F0037,医療機関0037,D1276,医師_D1276
CUV,W,F0269,医療機関0269,D1278,医師_D1278
CUV,W,F0219,医療機関0219,D1279,医師_D1279
CUV,W,F0031,医療機関0031,D1280,医師_D1280
CUV,W,F0116,医療機関0116,D1281,医師_D1281
CUV,W,F0196,医療機関0196,D1287,医師_D1287
CUV,W,F0125,医療機関0125,D1288,医師_D1288
CUV,W,F0019,医療機関0019,D1289,医師_D1289
CUV,W,F0056,医療機関0056,D1291,医師_D1291
CUV,W,F0074,医療機関0074,D1292,医師_D1292
CUV,W,F0264,医療機関0264,D1293,医師_D1293
CUV,W,F0214,医療機関0214,D1294,医師_D1294
CUV,W,F0041,医療機関0041,D1295,医師_D1295
CUV,W,F0256,医療機関0256,D1296,医師_D1296
CUV,W,F0263,医療機関0263,D1298,医師_D1298
CUV,W,F0102,医療機関0102,D1300,医師_D1300
CUV,W,F0161,医療機関0161,D1301,医師_D1301
CUV,W,F0160,医療機関0160,D1302,医師_D1302
CUV,W,F0075,医療機関0075,D1304,医師_D1304
CUV,W,F0074,医療機関0074,D1306,医師_D1306
CUV,W,F0089,医療機関0089,D1307,医師_D1307
CUV,W,F0049,医療機関0049,D1308,医師_D1308
CUV,W,F0011,医療機関0011,D1309,医師_D1309
CUV,W,F0283,医療機関0283,D1310,医師_D1310
CUV,W,F0023,医療機関0023,D1311,医師_D1311
CUV,W,F0001,医療機関0001,D1313,医師_D1313
CUV,W,F0234,医療機関0234,D1314,医師_D1314
CUV,W,F0099,医療機関0099,D1315,医師_D1315
CUV,W,F0156,医療機関0156,D1316,医師_D1316
CUV,W,F0085,医療機関0085,D1317,医師_D1317
CUV,W,F0136,医療機関0136,D1319,医師_D1319
CUV,W,F0159,医療機関0159,D1320,医師_D1320
CUV,W,F0248,医療機関0248,D1323,医師_D1323
CUV,W,F0131,医療機関0131,D1324,医師_D1324
CUV,W,F0109,医療機関0109,D1325,医師_D1325
CUV,W,F0040,医療機関0040,D1326,医師_D1326
CUV,W,F0038,医療機関0038,D1328,医師_D1328
CUV,W,F0055,医療機関0055,D1329,医師_D1329
CUV,W,F0286,医療機関0286,D1330,医師_D1330
CUV,W,F0027,医療機関0027,D1331,医師_D1331
CUV,W,F0145,医療機関0145,D1332,医師_D1332
CUV,W,F0251,医療機関0251,D1333,医師_D1333
CUV,W,F0050,医療機関0050,D1336,医師_D1336
CUV,W,F0112,医療機関0112,D1337,医師_D1337
CUV,W,F0288,医療機関0288,D1339,医師_D1339
CUV,W,F0050,医療機関0050,D1341,医師_D1341
CUV,W,F0076,医療機関0076,D1342,医師_D1342
CUV,W,F0263,医療機関0263,D1343,医師_D1343
CUV,W,F0010,医療機関0010,D1344,医師_D1344
CUV,W,F0115,医療機関0115,D1345,医師_D1345
CUV,W,F0036,医療機関0036,D1346,医師_D1346
CUV,W,F0048,医療機関0048,D1347,医師_D1347
CUV,W,F0276,医療機関0276,D1348,医師_D1348
CUV,W,F0001,医療機関0001,D1349,医師_D1349
CUV,W,F0097,医療機関0097,D1350,医師_D1350
CUV,W,F0275,医療機関0275,D1351,医師_D1351
CUV,W,F0183,医療機関0183,D1352,医師_D1352
CUV,W,F0140,医療機関0140,D1354,医師_D1354
CUV,W,F0292,医療機関0292,D1355,医師_D1355
CUV,W,F0121,医療機関0121,D1356,医師_D1356
CUV,W,F0159,医療機関0159,D1357,医師_D1357
CUV,W,F0160,医療機関0160,D1358,医師_D1358
CUV,W,F0057,医療機関0057,D1360,医師_D1360
CUV,W,F0252,医療機関0252,D1361,医師_D1361
CUV,W,F0297,医療機関0297,D1362,医師_D1362
CUV,W,F0043,医療機関0043,D1363,医師_D1363
CUV,W,F0246,医療機関0246,D1364,医師_D1364
CUV,W,F0246,医療機関0246,D1365,医師_D1365
CUV,W,F0141,医療機関0141,D1368,医師_D1368
CUV,W,F0252,医療機関0252,D1369,医師_D1369
CUV,W,F0249,医療機関0249,D1371,医師_D1371
CUV,W,F0277,医療機関0277,D1372,医師_D1372
CUV,W,F0103,医療機関0103,D1374,医師_D1374
CUV,W,F0016,医療機関0016,D1376,医師_D1376
CUV,W,F0103,医療機関0103,D1378,医師_D1378
CUV,W,F0018,医療機関0018,D1379,医師_D1379
CUV,W,F0198,医療機関0198,D1381,医師_D1381
CUV,W,F0017,医療機関0017,D1383,医師_D1383
CUV,W,F0192,医療機関0192,D1385,医師_D1385
CUV,W,F0249,医療機関0249,D1387,医師_D1387
CUV,W,F0278,医療機関0278,D1390,医師_D1390
CUV,W,F0160,医療機関0160,D1391,医師_D1391
CUV,W,F0132,医療機関0132,D1392,医師_D1392
CUV,W,F0087,医療機関0087,D1393,医師_D1393
CUV,W,F0192,医療機関0192,D1394,医師_D1394
CUV,W,F0227,医療機関0227,D1395,医師_D1395
CUV,W,F0001,医療機関0001,D1396,医師_D1396
CUV,W,F0166,医療機関0166,D1397,医師_D1397
CUV,W,F0299,医療機関0299,D1398,医師_D1398
CUV,W,F0085,医療機関0085,D1400,医師_D1400
CUV,W,F0264,医療機関0264,D1401,医師_D1401
CUV,W,F0019,医療機関0019,D1402,医師_D1402
CUV,W,F0138,医療機関0138,D1404,医師_D1404
CUV,W,F0240,医療機関0240,D1405,医師_D1405
CUV,W,F0131,医療機関0131,D1407,医師_D1407
CUV,W,F0237,医療機関0237,D1409,医師_D1409
CUV,W,F0190,医療機関0190,D1410,医師_D1410
CUV,W,F0118,医療機関0118,D1412,医師_D1412
CUV,W,F0046,医療機関0046,D1413,医師_D1413
CUV,W,F0096,医療機関0096,D1416,医師_D1416
CUV,W,F0125,医療機関0125,D1417,医師_D1417
CUV,W,F0218,医療機関0218,D1418,医師_D1418
CUV,W,F0216,医療機関0216,D1419,医師_D1419
CUV,W,F0139,医療機関0139,D1420,医師_D1420
CUV,W,F0091,医療機関0091,D1421,医師_D1421
CUV,W,F0198,医療機関0198,D1422,医師_D1422
CUV,W,F0198,医療機関0198,D1423,医師_D1423
CUV,W,F0022,医療機関0022,D1425,医師_D1425
CUV,W,F0142,医療機関0142,D1426,医師_D1426
CUV,W,F0185,医療機関0185,D1427,医師_D1427
CUV,W,F0103,医療機関0103,D1430,医師_D1430
CUV,W,F0167,医療機関0167,D1431,医師_D1431
CUV,W,F0054,医療機関0054,D1432,医師_D1432
CUV,W,F0204,医療機関0204,D1434,医師_D1434
CUV,W,F0296,医療機関0296,D1435,医師_D1435
CUV,W,F0254,医療機関0254,D1436,医師_D1436
CUV,W,F0176,医療機関0176,D1437,医師_D1437
CUV,W,F0135,医療機関0135,D1440,医師_D1440
CUV,W,F0087,医療機関0087,D1441,医師_D1441
CUV,W,F0268,医療機関0268,D1442,医師_D1442
CUV,W,F0224,医療機関0224,D1443,医師_D1443
CUV,W,F0225,医療機関0225,D1444,医師_D1444
CUV,W,F0160,医療機関0160,D1448,医師_D1448
CUV,W,F0226,医療機関0226,D1449,医師_D1449
CUV,W,F0052,医療機関0052,D1451,医師_D1451
CUV,W,F0109,医療機関0109,D1453,医師_D1453
CUV,W,F0285,医療機関0285,D1454,医師_D1454
CUV,W,F0215,医療機関0215,D1455,医師_D1455
CUV,W,F0110,医療機関0110,D1456,医師_D1456
CUV,W,F0222,医療機関0222,D1458,医師_D1458
CUV,W,F0121,医療機関0121,D1460,医師_D1460
CUV,W,F0216,医療機関0216,D1464,医師_D1464
CUV,W,F0218,医療機関0218,D1467,医師_D1467
CUV,W,F0126,医療機関0126,D1470,医師_D1470
CUV,W,F0057,医療機関0057,D1471,医師_D1471
CUV,W,F0121,医療機関0121,D1473,医師_D1473
CUV,W,F0103,医療機関0103,D1474,医師_D1474
CUV,W,F0209,医療機関0209,D1475,医師_D1475
CUV,W,F0123,医療機関0123,D1476,医師_D1476
CUV,W,F0140,医療機関0140,D1477,医師_D1477
CUV,W,F0133,医療機関0133,D1478,医師_D1478
CUV,W,F0078,医療機関0078,D1479,医師_D1479
CUV,W,F0038,医療機関0038,D1480,医師_D1480
CUV,W,F0249,医療機関0249,D1481,医師_D1481
CUV,W,F0028,医療機関0028,D1482,医師_D1482
CUV,W,F0098,医療機関0098,D1483,医師_D1483
CUV,W,F0201,医療機関0201,D1484,医師_D1484
CUV,W,F0040,医療機関0040,D1485,医師_D1485
CUV,W,F0220,医療機関0220,D1487,医師_D1487
CUV,W,F0199,医療機関0199,D1488,医師_D1488
CUV,W,F0092,医療機関0092,D1489,医師_D1489
CUV,W,F0267,医療機関0267,D1491,医師_D1491
CUV,W,F0098,医療機関0098,D1492,医師_D1492
CUV,W,F0242,医療機関0242,D1493,医師_D1493
CUV,W,F0049,医療機関0049,D1495,医師_D1495
CUV,W,F0282,医療機関0282,D1497,医師_D1497
CUV,W,F0259,医療機関0259,D1498,医師_D1498
CUV,W,F0083,医療機関0083,D1506,医師_D1506
CUV,W,F0230,医療機関0230,D1507,医師_D1507
CUV,W,F0042,医療機関0042,D1508,医師_D1508
CUV,W,F0085,医療機関0085,D1509,医師_D1509
CUV,W,F0086,医療機関0086,D1510,医師_D1510
CUV,W,F0085,医療機関0085,D1511,医師_D1511
CUV,W,F0203,医療機関0203,D1512,医師_D1512
CUV,W,F0275,医療機関0275,D1513,医師_D1513
CUV,W,F0274,医療機関0274,D1514,医師_D1514
CUV,W,F0223,医療機関0223,D1515,医師_D1515
CUV,W,F0061,医療機関0061,D1516,医師_D1516
CUV,W,F0289,医療機関0289,D1517,医師_D1517
CUV,W,F0164,医療機関0164,D1519,医師_D1519
CUV,W,F0211,医療機関0211,D1520,医師_D1520
CUV,W,F0286,医療機関0286,D1522,医師_D1522
CUV,W,F0175,医療機関0175,D1523,医師_D1523
CUV,W,F0184,医療機関0184,D1524,医師_D1524
CUV,W,F0077,医療機関0077,D1526,医師_D1526
CUV,W,F0093,医療機関0093,D1527,医師_D1527
CUV,W,F0188,医療機関0188,D1528,医師_D1528
CUV,W,F0020,医療機関0020,D1529,医師_D1529
CUV,W,F0097,医療機関0097,D1530,医師_D1530
CUV,W,F0216,医療機関0216,D1531,医師_D1531
CUV,W,F0156,医療機関0156,D1533,医師_D1533
CUV,W,F0120,医療機関0120,D1534,医師_D1534
CUV,W,F0133,医療機関0133,D1535,医師_D1535
CUV,W,F0164,医療機関0164,D1537,医師_D1537
CUV,W,F0007,医療機関0007,D1538,医師_D1538
CUV,W,F0162,医療機関0162,D1539,医師_D1539
CUV,W,F0121,医療機関0121,D1540,医師_D1540
CUV,W,F0211,医療機関0211,D1541,医師_D1541
CUV,W,F0263,医療機関0263,D1542,医師_D1542
CUV,W,F0289,医療機関0289,D1543,医師_D1543
CUV,W,F0184,医療機関0184,D1544,医師_D1544
CUV,W,F0134,医療機関0134,D1546,医師_D1546
CUV,W,F0053,医療機関0053,D1547,医師_D1547
CUV,W,F0099,医療機関0099,D1551,医師_D1551
CUV,W,F0097,医療機関0097,D1552,医師_D1552
CUV,W,F0257,医療機関0257,D1553,医師_D1553
CUV,W,F0164,医療機関0164,D1554,医師_D1554
CUV,W,F0133,医療機関0133,D1557,医師_D1557
CUV,W,F0190,医療機関0190,D1558,医師_D1558
CUV,W,F0244,医療機関0244,D1559,医師_D1559
CUV,W,F0101,医療機関0101,D1560,医師_D1560
CUV,W,F0074,医療機関0074,D1562,医師_D1562
CUV,W,F0274,医療機関0274,D1564,医師_D1564
CUV,W,F0287,医療機関0287,D1565,医師_D1565
CUV,W,F0278,医療機関0278,D1566,医師_D1566
CUV,W,F0095,医療機関0095,D1567,医師_D1567
CUV,W,F0281,医療機関0281,D1569,医師_D1569
CUV,W,F0294,医療機関0294,D1570,医師_D1570
CUV,W,F0224,医療機関0224,D1572,医師_D1572
CUV,W,F0300,医療機関0300,D1573,医師_D1573
CUV,W,F0230,医療機関0230,D1574,医師_D1574
CUV,W,F0070,医療機関0070,D1575,医師_D1575
CUV,W,F0229,医療機関0229,D1576,医師_D1576
CUV,W,F0145,医療機関0145,D1578,医師_D1578
CUV,W,F0188,医療機関0188,D1579,医師_D1579
CUV,W,F0210,医療機関0210,D1581,医師_D1581
CUV,W,F0182,医療機関0182,D1583,医師_D1583
CUV,W,F0194,医療機関0194,D1584,医師_D1584
CUV,W,F0191,医療機関0191,D1585,医師_D1585
CUV,W,F0087,医療機関0087,D1586,医師_D1586
CUV,W,F0092,医療機関0092,D1587,医師_D1587
CUV,W,F0078,医療機関0078,D1588,医師_D1588
CUV,W,F0139,医療機関0139,D1589,医師_D1589
CUV,W,F0176,医療機関0176,D1590,医師_D1590
CUV,W,F0086,医療機関0086,D1593,医師_D1593
CUV,W,F0198,医療機関0198,D1595,医師_D1595
CUV,W,F0245,医療機関0245,D1596,医師_D1596
CUV,W,F0088,医療機関0088,D1597,医師_D1597
CUV,W,F0172,医療機関0172,D1599,医師_D1599
CUV,W,F0110,医療機関0110,D1601,医師_D1601
CUV,W,F0003,医療機関0003,D1602,医師_D1602
CUV,W,F0012,医療機関0012,D1603,医師_D1603
CUV,W,F0101,医療機関0101,D1604,医師_D1604
CUV,W,F0137,医療機関0137,D1605,医師_D1605
CUV,W,F0041,医療機関0041,D1607,医師_D1607
CUV,W,F0252,医療機関0252,D1608,医師_D1608
CUV,W,F0071,医療機関0071,D1609,医師_D1609
CUV,W,F0233,医療機関0233,D1612,医師_D1612
CUV,W,F0182,医療機関0182,D1613,医師_D1613
CUV,W,F0035,医療機関0035,D1614,医師_D1614
CUV,W,F0035,医療機関0035,D1615,医師_D1615
CUV,W,F0136,医療機関0136,D1617,医師_D1617
CUV,W,F0284,医療機関0284,D1621,医師_D1621
CUV,W,F0008,医療機関0008,D1623,医師_D1623
CUV,W,F0127,医療機関0127,D1624,医師_D1624
CUV,W,F0121,医療機関0121,D1625,医師_D1625
CUV,W,F0186,医療機関0186,D1626,医師_D1626
CUV,W,F0264,医療機関0264,D1627,医師_D1627
CUV,W,F0280,医療機関0280,D1628,医師_D1628
CUV,W,F0295,医療機関0295,D1630,医師_D1630
CUV,W,F0190,医療機関0190,D1631,医師_D1631
CUV,W,F0042,医療機関0042,D1634,医師_D1634
CUV,W,F0177,医療機関0177,D1635,医師_D1635
CUV,W,F0075,医療機関0075,D1637,医師_D1637
CUV,W,F0082,医療機関0082,D1638,医師_D1638
CUV,W,F0143,医療機関0143,D1639,医師_D1639
CUV,W,F0200,医療機関0200,D1642,医師_D1642
CUV,W,F0136,医療機関0136,D1643,医師_D1643
CUV,W,F0214,医療機関0214,D1645,医師_D1645
CUV,W,F0173,医療機関0173,D1647,医師_D1647
CUV,W,F0053,医療機関0053,D1648,医師_D1648
CUV,W,F0047,医療機関0047,D1649,医師_D1649
CUV,W,F0152,医療機関0152,D1651,医師_D1651
CUV,W,F0166,医療機関0166,D1652,医師_D1652
CUV,W,F0074,医療機関0074,D1653,医師_D1653
CUV,W,F0089,医療機関0089,D1655,医師_D1655
CUV,W,F0206,医療機関0206,D1656,医師_D1656
CUV,W,F0239,医療機関0239,D1657,医師_D1657
CUV,W,F0196,医療機関0196,D1658,医師_D1658
CUV,W,F0001,医療機関0001,D1659,医師_D1659
CUV,W,F0298,医療機関0298,D1660,医師_D1660
CUV,W,F0008,医療機関0008,D1661,医師_D1661
CUV,W,F0300,医療機関0300,D1662,医師_D1662
CUV,W,F0010,医療機関0010,D1663,医師_D1663
CUV,W,F0032,医療機関0032,D1665,医師_D1665
CUV,W,F0029,医療機関0029,D1666,医師_D1666
CUV,W,F0206,医療機関0206,D1667,医師_D1667
CUV,W,F0219,医療機関0219,D1668,医師_D1668
CUV,W,F0036,医療機関0036,D1669,医師_D1669
CUV,W,F0097,医療機関0097,D1671,医師_D1671
CUV,W,F0096,医療機関0096,D1672,医師_D1672
CUV,W,F0139,医療機関0139,D1674,医師_D1674
CUV,W,F0054,医療機関0054,D1675,医師_D1675
CUV,W,F0128,医療機関0128,D1676,医師_D1676
CUV,W,F0063,医療機関0063,D1677,医師_D1677
CUV,W,F0202,医療機関0202,D1680,医師_D1680
CUV,W,F0229,医療機関0229,D1681,医師_D1681
CUV,W,F0107,医療機関0107,D1682,医師_D1682
CUV,W,F0237,医療機関0237,D1684,医師_D1684
CUV,W,F0205,医療機関0205,D1685,医師_D1685
CUV,W,F0250,医療機関0250,D1686,医師_D1686
CUV,W,F0272,医療機関0272,D1687,医師_D1687
CUV,W,F0247,医療機関0247,D1688,医師_D1688
CUV,W,F0119,医療機関0119,D1691,医師_D1691
CUV,W,F0097,医療機関0097,D1692,医師_D1692
CUV,W,F0071,医療機関0071,D1693,医師_D1693
CUV,W,F0215,医療機関0215,D1695,医師_D1695
CUV,W,F0241,医療機関0241,D1696,医師_D1696
CUV,W,F0051,医療機関0051,D1697,医師_D1697
CUV,W,F0067,医療機関0067,D1699,医師_D1699
CUV,W,F0268,医療機関0268,D1700,医師_D1700
CUV,W,F0044,医療機関0044,D1702,医師_D1702
CUV,W,F0171,医療機関0171,D1703,医師_D1703
CUV,W,F0264,医療機関0264,D1704,医師_D1704
CUV,W,F0275,医療機関0275,D1705,医師_D1705
CUV,W,F0029,医療機関0029,D1706,医師_D1706
CUV,W,F0047,医療機関0047,D1708,医師_D1708
CUV,W,F0093,医療機関0093,D1709,医師_D1709
CUV,W,F0085,医療機関0085,D1711,医師_D1711
CUV,W,F0154,医療機関0154,D1713,医師_D1713
CUV,W,F0016,医療機関0016,D1714,医師_D1714
CUV,W,F0069,医療機関0069,D1715,医師_D1715
CUV,W,F0001,医療機関0001,D1716,医師_D1716
CUV,W,F0027,医療機関0027,D1717,医師_D1717
CUV,W,F0233,医療機関0233,D1720,医師_D1720
CUV,W,F0030,医療機関0030,D1721,医師_D1721
CUV,W,F0102,医療機関0102,D1723,医師_D1723
CUV,W,F0196,医療機関0196,D1724,医師_D1724
CUV,W,F0225,医療機関0225,D1725,医師_D1725
CUV,W,F0247,医療機関0247,D1726,医師_D1726
CUV,W,F0103,医療機関0103,D1727,医師_D1727
CUV,W,F0051,医療機関0051,D1728,医師_D1728
CUV,W,F0008,医療機関0008,D1729,医師_D1729
CUV,W,F0020,医療機関0020,D1731,医師_D1731
CUV,W,F0081,医療機関0081,D1733,医師_D1733
CUV,W,F0247,医療機関0247,D1734,医師_D1734
CUV,W,F0166,医療機関0166,D1735,医師_D1735
CUV,W,F0162,医療機関0162,D1736,医師_D1736
CUV,W,F0137,医療機関0137,D1737,医師_D1737
CUV,W,F0246,医療機関0246,D1738,医師_D1738
CUV,W,F0028,医療機関0028,D1740,医師_D1740
CUV,W,F0128,医療機関0128,D1741,医師_D1741
CUV,W,F0164,医療機関0164,D1743,医師_D1743
CUV,W,F0222,医療機関0222,D1744,医師_D1744
CUV,W,F0177,医療機関0177,D1745,医師_D1745
CUV,W,F0078,医療機関0078,D1746,医師_D1746
CUV,W,F0099,医療機関0099,D1747,医師_D1747
CUV,W,F0226,医療機関0226,D1748,医師_D1748
CUV,W,F0061,医療機関0061,D1749,医師_D1749
CUV,W,F0152,医療機関0152,D1750,医師_D1750
CUV,W,F0162,医療機関0162,D1751,医師_D1751
CUV,W,F0226,医療機関0226,D1752,医師_D1752
CUV,W,F0140,医療機関0140,D1754,医師_D1754
CUV,W,F0093,医療機関0093,D1755,医師_D1755
CUV,W,F0111,医療機関0111,D1756,医師_D1756
CUV,W,F0066,医療機関0066,D1758,医師_D1758
CUV,W,F0063,医療機関0063,D1760,医師_D1760
CUV,W,F0195,医療機関0195,D1761,医師_D1761
CUV,W,F0226,医療機関0226,D1762,医師_D1762
CUV,W,F0289,医療機関0289,D1763,医師_D1763
CUV,W,F0036,医療機関0036,D1764,医師_D1764
CUV,W,F0228,医療機関0228,D1765,医師_D1765
CUV,W,F0026,医療機関0026,D1766,医師_D1766
CUV,W,F0102,医療機関0102,D1767,医師_D1767
CUV,W,F0053,医療機関0053,D1768,医師_D1768
CUV,W,F0049,医療機関0049,D1769,医師_D1769
CUV,W,F0053,医療機関0053,D1770,医師_D1770
CUV,W,F0014,医療機関0014,D1771,医師_D1771
CUV,W,F0247,医療機関0247,D1772,医師_D1772
CUV,W,F0019,医療機関0019,D1773,医師_D1773
CUV,W,F0120,医療機関0120,D1774,医師_D1774
CUV,W,F0210,医療機関0210,D1775,医師_D1775
CUV,W,F0257,医療機関0257,D1777,医師_D1777
CUV,W,F0042,医療機関0042,D1778,医師_D1778
CUV,W,F0297,医療機関0297,D1779,医師_D1779
CUV,W,F0197,医療機関0197,D1780,医師_D1780
CUV,W,F0054,医療機関0054,D1781,医師_D1781
CUV,W,F0135,医療機関0135,D1782,医師_D1782
CUV,W,F0276,医療機関0276,D1783,医師_D1783
CUV,W,F0118,医療機関0118,D1784,医師_D1784
CUV,W,F0056,医療機関0056,D1785,医師_D1785
CUV,W,F0263,医療機関0263,D1786,医師_D1786
CUV,W,F0293,医療機関0293,D1788,医師_D1788
CUV,W,F0287,医療機関0287,D1789,医師_D1789
CUV,W,F0262,医療機関0262,D1790,医師_D1790
CUV,W,F0137,医療機関0137,D1791,医師_D1791
CUV,W,F0058,医療機関0058,D1792,医師_D1792
CUV,W,F0186,医療機関0186,D1793,医師_D1793
CUV,W,F0142,医療機関0142,D1795,医師_D1795
CUV,W,F0197,医療機関0197,D1796,医師_D1796
CUV,W,F0087,医療機関0087,D1798,医師_D1798
CUV,W,F0076,医療機関0076,D1799,医師_D1799
CUV,W,F0221,医療機関0221,D1800,医師_D1800
CUV,W,F0002,医療機関0002,D1801,医師_D1801
CUV,W,F0170,医療機関0170,D1802,医師_D1802
CUV,W,F0166,医療機関0166,D1804,医師_D1804
CUV,W,F0116,医療機関0116,D1805,医師_D1805
CUV,W,F0249,医療機関0249,D1806,医師_D1806
CUV,W,F0112,医療機関0112,D1807,医師_D1807
CUV,W,F0214,医療機関0214,D1808,医師_D1808
CUV,W,F0008,医療機関0008,D1810,医師_D1810
CUV,W,F0160,医療機関0160,D1811,医師_D1811
CUV,W,F0015,医療機関0015,D1812,医師_D1812
CUV,W,F0112,医療機関0112,D1815,医師_D1815
CUV,W,F0186,医療機関0186,D1817,医師_D1817
CUV,W,F0079,医療機関0079,D1818,医師_D1818
CUV,W,F0087,医療機関0087,D1819,医師_D1819
CUV,W,F0126,医療機関0126,D1820,医師_D1820
CUV,W,F0078,医療機関0078,D1821,医師_D1821
CUV,W,F0228,医療機関0228,D1822,医師_D1822
CUV,W,F0032,医療機関0032,D1823,医師_D1823
CUV,W,F0248,医療機関0248,D1824,医師_D1824
CUV,W,F0105,医療機関0105,D1825,医師_D1825
CUV,W,F0169,医療機関0169,D1826,医師_D1826
CUV,W,F0048,医療機関0048,D1827,医師_D1827
CUV,W,F0116,医療機関0116,D1828,医師_D1828
CUV,W,F0227,医療機関0227,D1829,医師_D1829
CUV,W,F0082,医療機関0082,D1830,医師_D1830
CUV,W,F0040,医療機関0040,D1831,医師_D1831
CUV,W,F0049,医療機関0049,D1833,医師_D1833
CUV,W,F0095,医療機関0095,D1834,医師_D1834
CUV,W,F0136,医療機関0136,D1835,医師_D1835
CUV,W,F0170,医療機関0170,D1836,医師_D1836
CUV,W,F0203,医療機関0203,D1838,医師_D1838
CUV,W,F0254,医療機関0254,D1839,医師_D1839
CUV,W,F0109,医療機関0109,D1841,医師_D1841
CUV,W,F0003,医療機関0003,D1843,医師_D1843
CUV,W,F0064,医療機関0064,D1844,医師_D1844
CUV,W,F0180,医療機関0180,D1845,医師_D1845
CUV,W,F0269,医療機関0269,D1846,医師_D1846
CUV,W,F0233,医療機関0233,D1847,医師_D1847
CUV,W,F0194,医療機関0194,D1848,医師_D1848
CUV,W,F0052,医療機関0052,D1850,医師_D1850
CUV,W,F0252,医療機関0252,D1851,医師_D1851
CUV,W,F0268,医療機関0268,D1852,医師_D1852
CUV,W,F0029,医療機関0029,D1853,医師_D1853
CUV,W,F0141,医療機関0141,D1854,医師_D1854
CUV,W,F0250,医療機関0250,D1855,医師_D1855
CUV,W,F0143,医療機関0143,D1856,医師_D1856
CUV,W,F0281,医療機関0281,D1858,医師_D1858
CUV,W,F0143,医療機関0143,D1859,医師_D1859
CUV,W,F0018,医療機関0018,D1860,医師_D1860
CUV,W,F0065,医療機関0065,D1862,医師_D1862
CUV,W,F0143,医療機関0143,D1863,医師_D1863
CUV,W,F0176,医療機関0176,D1864,医師_D1864
CUV,W,F0140,医療機関0140,D1865,医師_D1865
CUV,W,F0059,医療機関0059,D1866,医師_D1866
CUV,W,F0091,医療機関0091,D1867,医師_D1867
CUV,W,F0009,医療機関0009,D1869,医師_D1869
CUV,W,F0065,医療機関0065,D1870,医師_D1870
CUV,W,F0268,医療機関0268,D1871,医師_D1871
CUV,W,F0030,医療機関0030,D1872,医師_D1872
CUV,W,F0125,医療機関0125,D1873,医師_D1873
CUV,W,F0063,医療機関0063,D1874,医師_D1874
CUV,W,F0053,医療機関0053,D1878,医師_D1878
CUV,W,F0024,医療機関0024,D1879,医師_D1879
CUV,W,F0196,医療機関0196,D1881,医師_D1881
CUV,W,F0055,医療機関0055,D1883,医師_D1883
CUV,W,F0097,医療機関0097,D1884,医師_D1884
CUV,W,F0104,医療機関0104,D1885,医師_D1885
CUV,W,F0109,医療機関0109,D1886,医師_D1886
CUV,W,F0074,医療機関0074,D1887,医師_D1887
CUV,W,F0017,医療機関0017,D1888,医師_D1888
CUV,W,F0158,医療機関0158,D1889,医師_D1889
CUV,W,F0108,医療機関0108,D1890,医師_D1890
CUV,W,F0103,医療機関0103,D1891,医師_D1891
CUV,W,F0080,医療機関0080,D1892,医師_D1892
CUV,W,F0184,医療機関0184,D1894,医師_D1894
CUV,W,F0062,医療機関0062,D1896,医師_D1896
CUV,W,F0267,医療機関0267,D1898,医師_D1898
CUV,W,F0030,医療機関0030,D1902,医師_D1902
CUV,W,F0226,医療機関0226,D1903,医師_D1903
CUV,W,F0033,医療機関0033,D1904,医師_D1904
CUV,W,F0016,医療機関0016,D1905,医師_D1905
CUV,W,F0035,医療機関0035,D1906,医師_D1906
CUV,W,F0186,医療機関0186,D1908,医師_D1908
CUV,W,F0123,医療機関0123,D1909,医師_D1909
CUV,W,F0037,医療機関0037,D1910,医師_D1910
CUV,W,F0060,医療機関0060,D1911,医師_D1911
CUV,W,F0256,医療機関0256,D1912,医師_D1912
CUV,W,F0289,医療機関0289,D1913,医師_D1913
CUV,W,F0227,医療機関0227,D1914,医師_D1914
CUV,W,F0208,医療機関0208,D1917,医師_D1917
CUV,W,F0043,医療機関0043,D1919,医師_D1919
CUV,W,F0300,医療機関0300,D1920,医師_D1920
CUV,W,F0133,医療機関0133,D1921,医師_D1921
CUV,W,F0014,医療機関0014,D1922,医師_D1922
CUV,W,F0063,医療機関0063,D1923,医師_D1923
CUV,W,F0121,医療機関0121,D1924,医師_D1924
CUV,W,F0019,医療機関0019,D1925,医師_D1925
CUV,W,F0098,医療機関0098,D1926,医師_D1926
CUV,W,F0141,医療機関0141,D1927,医師_D1927
CUV,W,F0285,医療機関0285,D1928,医師_D1928
CUV,W,F0174,医療機関0174,D1930,医師_D1930
CUV,W,F0275,医療機関0275,D1931,医師_D1931
CUV,W,F0242,医療機関0242,D1932,医師_D1932
CUV,W,F0278,医療機関0278,D1933,医師_D1933
CUV,W,F0241,医療機関0241,D1935,医師_D1935
CUV,W,F0294,医療機関0294,D1936,医師_D1936
CUV,W,F0098,医療機関0098,D1937,医師_D1937
CUV,W,F0160,医療機関0160,D1939,医師_D1939
CUV,W,F0149,医療機関0149,D1940,医師_D1940
CUV,W,F0087,医療機関0087,D1941,医師_D1941
CUV,W,F0292,医療機関0292,D1942,医師_D1942
CUV,W,F0115,医療機関0115,D1944,医師_D1944
CUV,W,F0242,医療機関0242,D1945,医師_D1945
CUV,W,F0239,医療機関0239,D1947,医師_D1947
CUV,W,F0142,医療機関0142,D1949,医師_D1949
CUV,W,F0039,医療機関0039,D1950,医師_D1950
CUV,W,F0197,医療機関0197,D1951,医師_D1951
CUV,W,F0097,医療機関0097,D1952,医師_D1952
CUV,W,F0066,医療機関0066,D1953,医師_D1953
CUV,W,F0058,医療機関0058,D1954,医師_D1954
CUV,W,F0295,医療機関0295,D1955,医師_D1955
CUV,W,F0031,医療機関0031,D1956,医師_D1956
CUV,W,F0240,医療機関0240,D1957,医師_D1957
CUV,W,F0260,医療機関0260,D1958,医師_D1958
CUV,W,F0010,医療機関0010,D1959,医師_D1959
CUV,W,F0177,医療機関0177,D1960,医師_D1960
CUV,W,F0174,医療機関0174,D1961,医師_D1961
CUV,W,F0108,医療機関0108,D1962,医師_D1962
CUV,W,F0201,医療機関0201,D1963,医師_D1963
CUV,W,F0123,医療機関0123,D1964,医師_D1964
CUV,W,F0132,医療機関0132,D1965,医師_D1965
CUV,W,F0130,医療機関0130,D1966,医師_D1966
CUV,W,F0114,医療機関0114,D1969,医師_D1969
CUV,W,F0279,医療機関0279,D1970,医師_D1970
CUV,W,F0241,医療機関0241,D1971,医師_D1971
CUV,W,F0280,医療機関0280,D1972,医師_D1972
CUV,W,F0232,医療機関0232,D1975,医師_D1975
CUV,W,F0099,医療機関0099,D1976,医師_D1976
CUV,W,F0082,医療機関0082,D1977,医師_D1977
CUV,W,F0136,医療機関0136,D1978,医師_D1978
CUV,W,F0291,医療機関0291,D1979,医師_D1979
CUV,W,F0171,医療機関0171,D1980,医師_D1980
CUV,W,F0116,医療機関0116,D1981,医師_D1981
CUV,W,F0088,医療機関0088,D1983,医師_D1983
CUV,W,F0198,医療機関0198,D1984,医師_D1984
CUV,W,F0106,医療機関0106,D1985,医師_D1985
CUV,W,F0167,医療機関0167,D1986,医師_D1986
CUV,W,F0111,医療機関0111,D1987,医師_D1987
CUV,W,F0292,医療機関0292,D1989,医師_D1989
CUV,W,F0104,医療機関0104,D1990,医師_D1990
CUV,W,F0022,医療機関0022,D1991,医師_D1991
CUV,W,F0114,医療機関0114,D1992,医師_D1992
CUV,W,F0029,医療機関0029,D1994,医師_D1994
CUV,W,F0092,医療機関0092,D1995,医師_D1995
CUV,W,F0050,医療機関0050,D1996,医師_D1996
CUV,W,F0151,医療機関0151,D1997,医師_D1997
CUV,W,F0217,医療機関0217,D1998,医師_D1998
CUV,W,F0291,医療機関0291,D1999,医師_D1999
CUV,W,F0117,医療機関0117,D2000,医師_D2000
CUV,W,F0259,医療機関0259,D2001,医師_D2001
CUV,W,F0065,医療機関0065,D2002,医師_D2002
CUV,W,F0235,医療機関0235,D2003,医師_D2003
CUV,W,F0169,医療機関0169,D2004,医師_D2004
CUV,W,F0228,医療機関0228,D2005,医師_D2005
CUV,W,F0227,医療機関0227,D2006,医師_D2006
CUV,W,F0160,医療機関0160,D2007,医師_D2007
CUV,W,F0078,医療機関0078,D2008,医師_D2008
CUV,W,F0249,医療機関0249,D2010,医師_D2010
CUV,W,F0292,医療機関0292,D2011,医師_D2011
CUV,W,F0279,医療機関0279,D2012,医師_D2012
CUV,W,F0180,医療機関0180,D2014,医師_D2014
CUV,W,F0032,医療機関0032,D2015,医師_D2015
CUV,W,F0201,医療機関0201,D2016,医師_D2016
CUV,W,F0197,医療機関0197,D2019,医師_D2019
CUV,W,F0284,医療機関0284,D2020,医師_D2020
CUV,W,F0255,医療機関0255,D2021,医師_D2021
CUV,W,F0118,医療機関0118,D2022,医師_D2022
CUV,W,F0032,医療機関0032,D2023,医師_D2023
CUV,W,F0278,医療機関0278,D2024,医師_D2024
CUV,W,F0174,医療機関0174,D2026,医師_D2026
CUV,W,F0294,医療機関0294,D2027,医師_D2027
CUV,W,F0185,医療機関0185,D2029,医師_D2029
CUV,W,F0012,医療機関0012,D2030,医師_D2030
CUV,W,F0281,医療機関0281,D2031,医師_D2031
CUV,W,F0205,医療機関0205,D2032,医師_D2032
CUV,W,F0275,医療機関0275,D2033,医師_D2033
CUV,W,F0169,医療機関0169,D2034,医師_D2034
CUV,W,F0025,医療機関0025,D2035,医師_D2035
CUV,W,F0008,医療機関0008,D2036,医師_D2036
CUV,W,F0101,医療機関0101,D2037,医師_D2037
CUV,W,F0224,医療機関0224,D2038,医師_D2038
CUV,W,F0046,医療機関0046,D2039,医師_D2039
CUV,W,F0256,医療機関0256,D2040,医師_D2040
CUV,W,F0072,医療機関0072,D2041,医師_D2041
CUV,W,F0149,医療機関0149,D2042,医師_D2042
CUV,W,F0061,医療機関0061,D2043,医師_D2043
CUV,W,F0140,医療機関0140,D2044,医師_D2044
CUV,W,F0136,医療機関0136,D2045,医師_D2045
CUV,W,F0002,医療機関0002,D2046,医師_D2046
CUV,W,F0171,医療機関0171,D2047,医師_D2047
CUV,W,F0236,医療機関0236,D2048,医師_D2048
CUV,W,F0281,医療機関0281,D2049,医師_D2049
CUV,W,F0100,医療機関0100,D2050,医師_D2050
CUV,W,F0265,医療機関0265,D2051,医師_D2051
CUV,W,F0264,医療機関0264,D2052,医師_D2052
CUV,W,F0297,医療機関0297,D2053,医師_D2053
CUV,W,F0112,医療機関0112,D2054,医師_D2054
CUV,W,F0170,医療機関0170,D2056,医師_D2056
CUV,W,F0018,医療機関0018,D2057,医師_D2057
CUV,W,F0082,医療機関0082,D2058,医師_D2058
CUV,W,F0202,医療機関0202,D2059,医師_D2059
CUV,W,F0049,医療機関0049,D2060,医師_D2060
CUV,W,F0131,医療機関0131,D2061,医師_D2061
CUV,W,F0233,医療機関0233,D2062,医師_D2062
CUV,W,F0045,医療機関0045,D2063,医師_D2063
CUV,W,F0149,医療機関0149,D2064,医師_D2064
CUV,W,F0161,医療機関0161,D2066,医師_D2066
CUV,W,F0073,医療機関0073,D2067,医師_D2067
CUV,W,F0290,医療機関0290,D2068,医師_D2068
CUV,W,F0024,医療機関0024,D2069,医師_D2069
CUV,W,F0290,医療機関0290,D2070,医師_D2070
CUV,W,F0238,医療機関0238,D2071,医師_D2071
CUV,W,F0256,医療機関0256,D2073,医師_D2073
CUV,W,F0057,医療機関0057,D2074,医師_D2074
CUV,W,F0289,医療機関0289,D2077,医師_D2077
CUV,W,F0264,医療機関0264,D2078,医師_D2078
CUV,W,F0174,医療機関0174,D2079,医師_D2079
CUV,W,F0113,医療機関0113,D2080,医師_D2080
CUV,W,F0031,医療機関0031,D2082,医師_D2082
CUV,W,F0117,医療機関0117,D2083,医師_D2083
CUV,W,F0152,医療機関0152,D2085,医師_D2085
CUV,W,F0145,医療機関0145,D2086,医師_D2086
CUV,W,F0192,医療機関0192,D2089,医師_D2089
CUV,W,F0295,医療機関0295,D2090,医師_D2090
CUV,W,F0183,医療機関0183,D2092,医師_D2092
CUV,W,F0128,医療機関0128,D2094,医師_D2094
CUV,W,F0281,医療機関0281,D2095,医師_D2095
CUV,W,F0111,医療機関0111,D2096,医師_D2096
CUV,W,F0039,医療機関0039,D2097,医師_D2097
CUV,W,F0126,医療機関0126,D2098,医師_D2098
CUV,W,F0039,医療機関0039,D2099,医師_D2099
CUV,W,F0036,医療機関0036,D2100,医師_D2100
ENT,R,F0097,医療機関0097,D0804,医師_D0804
ENT,R,F0001,医療機関0001,D0809,医師_D0809
ENT,R,F0085,医療機関0085,D0810,医師_D0810
ENT,R,F0019,医療機関0019,D0811,医師_D0811
ENT,R,F0169,医療機関0169,D0812,医師_D0812
ENT,R,F0176,医療機関0176,D0815,医師_D0815
ENT,R,F0259,医療機関0259,D0819,医師_D0819
ENT,R,F0143,医療機関0143,D0820,医師_D0820
ENT,R,F0285,医療機関0285,D0821,医師_D0821
ENT,R,F0299,医療機関0299,D0822,医師_D0822
ENT,R,F0202,医療機関0202,D0827,医師_D0827
ENT,R,F0081,医療機関0081,D0829,医師_D0829
ENT,R,F0237,医療機関0237,D0830,医師_D0830
ENT,R,F0096,医療機関0096,D0835,医師_D0835
ENT,R,F0129,医療機関0129,D0837,医師_D0837
ENT,R,F0196,医療機関0196,D0838,医師_D0838
ENT,R,F0234,医療機関0234,D0841,医師_D0841
ENT,R,F0130,医療機関0130,D0844,医師_D0844
ENT,R,F0042,医療機関0042,D0845,医師_D0845
ENT,R,F0089,医療機関0089,D0851,医師_D0851
ENT,R,F0074,医療機関0074,D0854,医師_D0854
ENT,R,F0080,医療機関0080,D0859,医師_D0859
ENT,R,F0155,医療機関0155,D0860,医師_D0860
ENT,R,F0256,医療機関0256,D0865,医師_D0865
ENT,R,F0034,医療機関0034,D0866,医師_D0866
ENT,R,F0191,医療機関0191,D0867,医師_D0867
ENT,R,F0135,医療機関0135,D0873,医師_D0873
ENT,R,F0294,医療機関0294,D0875,医師_D0875
ENT,R,F0091,医療機関0091,D0876,医師_D0876
ENT,R,F0125,医療機関0125,D0880,医師_D0880
ENT,R,F0046,医療機関0046,D0881,医師_D0881
ENT,R,F0087,医療機関0087,D0883,医師_D0883
ENT,R,F0153,医療機関0153,D0890,医師_D0890
ENT,R,F0100,医療機関0100,D0894,医師_D0894
ENT,R,F0130,医療機関0130,D0896,医師_D0896
ENT,R,F0166,医療機関0166,D0897,医師_D0897
ENT,R,F0079,医療機関0079,D0902,医師_D0902
ENT,R,F0073,医療機関0073,D0906,医師_D0906
ENT,R,F0069,医療機関0069,D0912,医師_D0912
ENT,R,F0280,医療機関0280,D0916,医師_D0916
ENT,R,F0145,医療機関0145,D0917,医師_D0917
ENT,R,F0057,医療機関0057,D0934,医師_D0934
ENT,R,F0171,医療機関0171,D0944,医師_D0944
ENT,R,F0255,医療機関0255,D0948,医師_D0948
ENT,R,F0002,医療機関0002,D0950,医師_D0950
ENT,R,F0138,医療機関0138,D0955,医師_D0955
ENT,R,F0168,医療機関0168,D0965,医師_D0965
ENT,R,F0273,医療機関0273,D0969,医師_D0969
ENT,R,F0096,医療機関0096,D0976,医師_D0976
ENT,R,F0221,医療機関0221,D0991,医師_D0991
ENT,R,F0104,医療機関0104,D0992,医師_D0992
ENT,R,F0050,医療機関0050,D0996,医師_D0996
ENT,R,F0213,医療機関0213,D1000,医師_D1000
ENT,R,F0248,医療機関0248,D1003,医師_D1003
ENT,R,F0038,医療機関0038,D1005,医師_D1005
ENT,R,F0045,医療機関0045,D1007,医師_D1007
ENT,R,F0179,医療機関0179,D1008,医師_D1008
ENT,R,F0038,医療機関0038,D1010,医師_D1010
ENT,R,F0208,医療機関0208,D1014,医師_D1014
ENT,R,F0153,医療機関0153,D1018,医師_D1018
ENT,R,F0298,医療機関0298,D1020,医師_D1020
ENT,R,F0176,医療機関0176,D1028,医師_D1028
ENT,R,F0039,医療機関0039,D1030,医師_D1030
ENT,R,F0172,医療機関0172,D1031,医師_D1031
ENT,R,F0125,医療機関0125,D1035,医師_D1035
ENT,R,F0161,医療機関0161,D1036,医師_D1036
ENT,R,F0050,医療機関0050,D1037,医師_D1037
ENT,R,F0135,医療機関0135,D1043,医師_D1043
ENT,R,F0040,医療機関0040,D1045,医師_D1045
ENT,R,F0200,医療機関0200,D1048,医師_D1048
ENT,R,F0251,医療機関0251,D1050,医師_D1050
ENT,R,F0057,医療機関0057,D1051,医師_D1051
ENT,R,F0179,医療機関0179,D1054,医師_D1054
ENT,R,F0047,医療機関0047,D1055,医師_D1055
ENT,R,F0070,医療機関0070,D1056,医師_D1056
ENT,R,F0119,医療機関0119,D1066,医師_D1066
ENT,R,F0228,医療機関0228,D1074,医師_D1074
ENT,R,F0296,医療機関0296,D1076,医師_D1076
ENT,R,F0045,医療機関0045,D1077,医師_D1077
ENT,R,F0126,医療機関0126,D1078,医師_D1078
ENT,R,F0282,医療機関0282,D1089,医師_D1089
ENT,R,F0029,医療機関0029,D1090,医師_D1090
ENT,R,F0119,医療機関0119,D1094,医師_D1094
ENT,R,F0060,医療機関0060,D1104,医師_D1104
ENT,R,F0064,医療機関0064,D1110,医師_D1110
ENT,R,F0221,医療機関0221,D1114,医師_D1114
ENT,R,F0114,医療機関0114,D1118,医師_D1118
ENT,R,F0171,医療機関0171,D1128,医師_D1128
ENT,R,F0134,医療機関0134,D1129,医師_D1129
ENT,R,F0032,医療機関0032,D1130,医師_D1130
ENT,R,F0210,医療機関0210,D1133,医師_D1133
ENT,R,F0130,医療機関0130,D1141,医師_D1141
ENT,R,F0137,医療機関0137,D1143,医師_D1143
ENT,R,F0280,医療機関0280,D1151,医師_D1151
ENT,R,F0189,医療機関0189,D1153,医師_D1153
ENT,R,F0281,医療機関0281,D1166,医師_D1166
ENT,R,F0021,医療機関0021,D1169,医師_D1169
ENT,R,F0109,医療機関0109,D1173,医師_D1173
ENT,R,F0119,医療機関0119,D1174,医師_D1174
ENT,R,F0287,医療機関0287,D1184,医師_D1184
ENT,R,F0074,医療機関0074,D1186,医師_D1186
ENT,R,F0060,医療機関0060,D1187,医師_D1187
ENT,R,F0144,医療機関0144,D1195,医師_D1195
ENT,R,F0056,医療機関0056,D1198,医師_D1198
ENT,R,F0157,医療機関0157,D1200,医師_D1200
ENT,R,F0137,医療機関0137,D1203,医師_D1203
ENT,R,F0078,医療機関0078,D1204,医師_D1204
ENT,R,F0039,医療機関0039,D1205,医師_D1205
ENT,R,F0014,医療機関0014,D1206,医師_D1206
ENT,R,F0027,医療機関0027,D1209,医師_D1209
ENT,R,F0266,医療機関0266,D1215,医師_D1215
ENT,R,F0071,医療機関0071,D1217,医師_D1217
ENT,R,F0041,医療機関0041,D1219,医師_D1219
ENT,R,F0094,医療機関0094,D1221,医師_D1221
ENT,R,F0230,医療機関0230,D1222,医師_D1222
ENT,R,F0032,医療機関0032,D1227,医師_D1227
ENT,R,F0296,医療機関0296,D1228,医師_D1228
ENT,R,F0092,医療機関0092,D1238,医師_D1238
ENT,R,F0030,医療機関0030,D1242,医師_D1242
ENT,R,F0186,医療機関0186,D1246,医師_D1246
ENT,R,F0157,医療機関0157,D1249,医師_D1249
ENT,R,F0222,医療機関0222,D1261,医師_D1261
ENT,R,F0255,医療機関0255,D1263,医師_D1263
ENT,R,F0251,医療機関0251,D1265,医師_D1265
ENT,R,F0010,医療機関0010,D1269,医師_D1269
ENT,R,F0283,医療機関0283,D1274,医師_D1274
ENT,R,F0269,医療機関0269,D1278,医師_D1278
ENT,R,F0254,医療機関0254,D1284,医師_D1284
ENT,R,F0186,医療機関0186,D1285,医師_D1285
ENT,R,F0135,医療機関0135,D1290,医師_D1290
ENT,R,F0056,医療機関0056,D1291,医師_D1291
ENT,R,F0263,医療機関0263,D1298,医師_D1298
ENT,R,F0100,医療機関0100,D1305,医師_D1305
ENT,R,F0283,医療機関0283,D1310,医師_D1310
ENT,R,F0156,医療機関0156,D1316,医師_D1316
ENT,R,F0148,医療機関0148,D1318,医師_D1318
ENT,R,F0286,医療機関0286,D1330,医師_D1330
ENT,R,F0251,医療機関0251,D1333,医師_D1333
ENT,R,F0286,医療機関0286,D1334,医師_D1334
ENT,R,F0010,医療機関0010,D1344,医師_D1344
ENT,R,F0036,医療機関0036,D1346,医師_D1346
ENT,R,F0048,医療機関0048,D1347,医師_D1347
ENT,R,F0275,医療機関0275,D1351,医師_D1351
ENT,R,F0199,医療機関0199,D1359,医師_D1359
ENT,R,F0246,医療機関0246,D1365,医師_D1365
ENT,R,F0112,医療機関0112,D1367,医師_D1367
ENT,R,F0249,医療機関0249,D1371,医師_D1371
ENT,R,F0226,医療機関0226,D1384,医師_D1384
ENT,R,F0278,医療機関0278,D1390,医師_D1390
ENT,R,F0085,医療機関0085,D1400,医師_D1400
ENT,R,F0138,医療機関0138,D1404,医師_D1404
ENT,R,F0240,医療機関0240,D1405,医師_D1405
ENT,R,F0039,医療機関0039,D1406,医師_D1406
ENT,R,F0046,医療機関0046,D1408,医師_D1408
ENT,R,F0118,医療機関0118,D1412,医師_D1412
ENT,R,F0277,医療機関0277,D1414,医師_D1414
ENT,R,F0125,医療機関0125,D1417,医師_D1417
ENT,R,F0139,医療機関0139,D1420,医師_D1420
ENT,R,F0180,医療機関0180,D1424,医師_D1424
ENT,R,F0286,医療機関0286,D1428,医師_D1428
ENT,R,F0296,医療機関0296,D1435,医師_D1435
ENT,R,F0254,医療機関0254,D1436,医師_D1436
ENT,R,F0297,医療機関0297,D1439,医師_D1439
ENT,R,F0198,医療機関0198,D1450,医師_D1450
ENT,R,F0109,医療機関0109,D1453,医師_D1453
ENT,R,F0215,医療機関0215,D1455,医師_D1455
ENT,R,F0110,医療機関0110,D1456,医師_D1456
ENT,R,F0222,医療機関0222,D1458,医師_D1458
ENT,R,F0119,医療機関0119,D1459,医師_D1459
ENT,R,F0045,医療機関0045,D1463,医師_D1463
ENT,R,F0216,医療機関0216,D1464,医師_D1464
ENT,R,F0153,医療機関0153,D1466,医師_D1466
ENT,R,F0057,医療機関0057,D1471,医師_D1471
ENT,R,F0078,医療機関0078,D1479,医師_D1479
ENT,R,F0098,医療機関0098,D1483,医師_D1483
ENT,R,F0040,医療機関0040,D1485,医師_D1485
ENT,R,F0197,医療機関0197,D1486,医師_D1486
ENT,R,F0199,医療機関0199,D1488,医師_D1488
ENT,R,F0006,医療機関0006,D1490,医師_D1490
ENT,R,F0234,医療機関0234,D1496,医師_D1496
ENT,R,F0075,医療機関0075,D1500,医師_D1500
ENT,R,F0262,医療機関0262,D1505,医師_D1505
ENT,R,F0230,医療機関0230,D1507,医師_D1507
ENT,R,F0042,医療機関0042,D1508,医師_D1508
ENT,R,F0085,医療機関0085,D1511,医師_D1511
ENT,R,F0275,医療機関0275,D1513,医師_D1513
ENT,R,F0061,医療機関0061,D1516,医師_D1516
ENT,R,F0224,医療機関0224,D1525,医師_D1525
ENT,R,F0077,医療機関0077,D1526,医師_D1526
ENT,R,F0020,医療機関0020,D1529,医師_D1529
ENT,R,F0097,医療機関0097,D1530,医師_D1530
ENT,R,F0164,医療機関0164,D1537,医師_D1537
ENT,R,F0184,医療機関0184,D1544,医師_D1544
ENT,R,F0109,医療機関0109,D1545,医師_D1545
ENT,R,F0134,医療機関0134,D1546,医師_D1546
ENT,R,F0053,医療機関0053,D1547,医師_D1547
ENT,R,F0281,医療機関0281,D1548,医師_D1548
ENT,R,F0257,医療機関0257,D1550,医師_D1550
ENT,R,F0257,医療機関0257,D1553,医師_D1553
ENT,R,F0133,医療機関0133,D1557,医師_D1557
ENT,R,F0101,医療機関0101,D1560,医師_D1560
ENT,R,F0074,医療機関0074,D1562,医師_D1562
ENT,R,F0121,医療機関0121,D1563,医師_D1563
ENT,R,F0253,医療機関0253,D1568,医師_D1568
ENT,R,F0294,医療機関0294,D1570,医師_D1570
ENT,R,F0224,医療機関0224,D1572,医師_D1572
ENT,R,F0229,医療機関0229,D1576,医師_D1576
ENT,R,F0145,医療機関0145,D1578,医師_D1578
ENT,R,F0210,医療機関0210,D1581,医師_D1581
ENT,R,F0087,医療機関0087,D1586,医師_D1586
ENT,R,F0066,医療機関0066,D1594,医師_D1594
ENT,R,F0012,医療機関0012,D1603,医師_D1603
ENT,R,F0182,医療機関0182,D1613,医師_D1613
ENT,R,F0300,医療機関0300,D1618,医師_D1618
ENT,R,F0058,医療機関0058,D1620,医師_D1620
ENT,R,F0264,医療機関0264,D1627,医師_D1627
ENT,R,F0282,医療機関0282,D1633,医師_D1633
ENT,R,F0042,医療機関0042,D1634,医師_D1634
ENT,R,F0177,医療機関0177,D1635,医師_D1635
ENT,R,F0075,医療機関0075,D1637,医師_D1637
ENT,R,F0136,医療機関0136,D1643,医師_D1643
ENT,R,F0173,医療機関0173,D1647,医師_D1647
ENT,R,F0166,医療機関0166,D1652,医師_D1652
ENT,R,F0151,医療機関0151,D1654,医師_D1654
ENT,R,F0239,医療機関0239,D1657,医師_D1657
ENT,R,F0001,医療機関0001,D1659,医師_D1659
ENT,R,F0298,医療機関0298,D1660,医師_D1660
ENT,R,F0008,医療機関0008,D1661,医師_D1661
ENT,R,F0097,医療機関0097,D1671,医師_D1671
ENT,R,F0139,医療機関0139,D1674,医師_D1674
ENT,R,F0250,医療機関0250,D1686,医師_D1686
ENT,R,F0272,医療機関0272,D1687,医師_D1687
ENT,R,F0071,医療機関0071,D1693,医師_D1693
ENT,R,F0044,医療機関0044,D1702,医師_D1702
ENT,R,F0085,医療機関0085,D1711,医師_D1711
ENT,R,F0256,医療機関0256,D1719,医師_D1719
ENT,R,F0102,医療機関0102,D1723,医師_D1723
ENT,R,F0008,医療機関0008,D1729,医師_D1729
ENT,R,F0259,医療機関0259,D1732,医師_D1732
ENT,R,F0081,医療機関0081,D1733,医師_D1733
ENT,R,F0164,医療機関0164,D1743,医師_D1743
ENT,R,F0162,医療機関0162,D1751,医師_D1751
ENT,R,F0215,医療機関0215,D1753,医師_D1753
ENT,R,F0140,医療機関0140,D1754,医師_D1754
ENT,R,F0066,医療機関0066,D1758,医師_D1758
ENT,R,F0014,医療機関0014,D1771,医師_D1771
ENT,R,F0247,医療機関0247,D1772,医師_D1772
ENT,R,F0210,医療機関0210,D1775,医師_D1775
ENT,R,F0286,医療機関0286,D1787,医師_D1787
ENT,R,F0293,医療機関0293,D1788,医師_D1788
ENT,R,F0287,医療機関0287,D1789,医師_D1789
ENT,R,F0186,医療機関0186,D1793,医師_D1793
ENT,R,F0221,医療機関0221,D1800,医師_D1800
ENT,R,F0002,医療機関0002,D1801,医師_D1801
ENT,R,F0224,医療機関0224,D1803,医師_D1803
ENT,R,F0166,医療機関0166,D1804,医師_D1804
ENT,R,F0249,医療機関0249,D1806,医師_D1806
ENT,R,F0280,医療機関0280,D1813,医師_D1813
ENT,R,F0112,医療機関0112,D1815,医師_D1815
ENT,R,F0032,医療機関0032,D1823,医師_D1823
ENT,R,F0105,医療機関0105,D1825,医師_D1825
ENT,R,F0116,医療機関0116,D1828,医師_D1828
ENT,R,F0227,医療機関0227,D1829,医師_D1829
ENT,R,F0049,医療機関0049,D1833,医師_D1833
ENT,R,F0003,医療機関0003,D1843,医師_D1843
ENT,R,F0064,医療機関0064,D1844,医師_D1844
ENT,R,F0059,医療機関0059,D1866,医師_D1866
ENT,R,F0065,医療機関0065,D1870,医師_D1870
ENT,R,F0055,医療機関0055,D1883,医師_D1883
ENT,R,F0097,医療機関0097,D1884,医師_D1884
ENT,R,F0104,医療機関0104,D1885,医師_D1885
ENT,R,F0017,医療機関0017,D1888,医師_D1888
ENT,R,F0080,医療機関0080,D1892,医師_D1892
ENT,R,F0279,医療機関0279,D1893,医師_D1893
ENT,R,F0126,医療機関0126,D1895,医師_D1895
ENT,R,F0241,医療機関0241,D1897,医師_D1897
ENT,R,F0226,医療機関0226,D1903,医師_D1903
ENT,R,F0033,医療機関0033,D1904,医師_D1904
ENT,R,F0186,医療機関0186,D1908,医師_D1908
ENT,R,F0037,医療機関0037,D1910,医師_D1910
ENT,R,F0060,医療機関0060,D1911,医師_D1911
ENT,R,F0256,医療機関0256,D1912,医師_D1912
ENT,R,F0227,医療機関0227,D1914,医師_D1914
ENT,R,F0032,医療機関0032,D1915,医師_D1915
ENT,R,F0043,医療機関0043,D1919,医師_D1919
ENT,R,F0026,医療機関0026,D1929,医師_D1929
ENT,R,F0242,医療機関0242,D1932,医師_D1932
ENT,R,F0160,医療機関0160,D1939,医師_D1939
ENT,R,F0115,医療機関0115,D1944,医師_D1944
ENT,R,F0242,医療機関0242,D1945,医師_D1945
ENT,R,F0039,医療機関0039,D1950,医師_D1950
ENT,R,F0197,医療機関0197,D1951,医師_D1951
ENT,R,F0097,医療機関0097,D1952,医師_D1952
ENT,R,F0174,医療機関0174,D1961,医師_D1961
ENT,R,F0130,医療機関0130,D1966,医師_D1966
ENT,R,F0190,医療機関0190,D1968,医師_D1968
ENT,R,F0232,医療機関0232,D1975,医師_D1975
ENT,R,F0082,医療機関0082,D1977,医師_D1977
ENT,R,F0136,医療機関0136,D1978,医師_D1978
ENT,R,F0291,医療機関0291,D1979,医師_D1979
ENT,R,F0198,医療機関0198,D1984,医師_D1984
ENT,R,F0217,医療機関0217,D1998,医師_D1998
ENT,R,F0249,医療機関0249,D2010,医師_D2010
ENT,R,F0279,医療機関0279,D2012,医師_D2012
ENT,R,F0180,医療機関0180,D2014,医師_D2014
ENT,R,F0284,医療機関0284,D2020,医師_D2020
ENT,R,F0118,医療機関0118,D2022,医師_D2022
ENT,R,F0174,医療機関0174,D2026,医師_D2026
ENT,R,F0281,医療機関0281,D2031,医師_D2031
ENT,R,F0169,医療機関0169,D2034,医師_D2034
ENT,R,F0008,医療機関0008,D2036,医師_D2036
ENT,R,F0149,医療機関0149,D2042,医師_D2042
ENT,R,F0061,医療機関0061,D2043,医師_D2043
ENT,R,F0136,医療機関0136,D2045,医師_D2045
ENT,R,F0171,医療機関0171,D2047,医師_D2047
ENT,R,F0100,医療機関0100,D2050,医師_D2050
ENT,R,F0265,医療機関0265,D2051,医師_D2051
ENT,R,F0082,医療機関0082,D2058,医師_D2058
ENT,R,F0202,医療機関0202,D2059,医師_D2059
ENT,R,F0233,医療機関0233,D2062,医師_D2062
ENT,R,F0161,医療機関0161,D2066,医師_D2066
ENT,R,F0290,医療機関0290,D2070,医師_D2070
ENT,R,F0257,医療機関0257,D2072,医師_D2072
ENT,R,F0057,医療機関0057,D2074,医師_D2074
ENT,R,F0179,医療機関0179,D2076,医師_D2076
ENT,R,F0289,医療機関0289,D2077,医師_D2077
ENT,R,F0174,医療機関0174,D2079,医師_D2079
ENT,R,F0244,医療機関0244,D2084,医師_D2084
ENT,R,F0152,医療機関0152,D2085,医師_D2085
ENT,R,F0219,医療機関0219,D2091,医師_D2091
ENT,R,F0281,医療機関0281,D2095,医師_D2095
ENT,R,F0039,医療機関0039,D2099,医師_D2099
ENT,R,F0067,医療機関0067,D2103,医師_D2103
ENT,R,F0086,医療機関0086,D2106,医師_D2106
ENT,R,F0092,医療機関0092,D2108,医師_D2108
ENT,R,F0152,医療機関0152,D2115,医師_D2115
ENT,R,F0140,医療機関0140,D2116,医師_D2116
ENT,R,F0174,医療機関0174,D2119,医師_D2119
ENT,R,F0188,医療機関0188,D2121,医師_D2121
ENT,R,F0238,医療機関0238,D2125,医師_D2125
ENT,R,F0041,医療機関0041,D2127,医師_D2127
ENT,R,F0065,医療機関0065,D2134,医師_D2134
ENT,R,F0068,医療機関0068,D2147,医師_D2147
ENT,R,F0196,医療機関0196,D2154,医師_D2154
ENT,R,F0130,医療機関0130,D2162,医師_D2162
ENT,R,F0299,医療機関0299,D2168,医師_D2168
ENT,R,F0288,医療機関0288,D2170,医師_D2170
ENT,R,F0062,医療機関0062,D2173,医師_D2173
ENT,R,F0271,医療機関0271,D2178,医師_D2178
ENT,R,F0274,医療機関0274,D2185,医師_D2185
ENT,R,F0036,医療機関0036,D2186,医師_D2186
ENT,R,F0213,医療機関0213,D2199,医師_D2199
ENT,R,F0134,医療機関0134,D2202,医師_D2202
ENT,R,F0019,医療機関0019,D2204,医師_D2204
ENT,R,F0238,医療機関0238,D2209,医師_D2209
ENT,R,F0057,医療機関0057,D2210,医師_D2210
ENT,R,F0086,医療機関0086,D2212,医師_D2212
ENT,R,F0290,医療機関0290,D2214,医師_D2214
ENT,R,F0213,医療機関0213,D2220,医師_D2220
ENT,R,F0039,医療機関0039,D2223,医師_D2223
ENT,R,F0109,医療機関0109,D2227,医師_D2227
ENT,R,F0239,医療機関0239,D2232,医師_D2232
ENT,R,F0164,医療機関0164,D2234,医師_D2234
ENT,R,F0290,医療機関0290,D2237,医師_D2237
ENT,R,F0065,医療機関0065,D2239,医師_D2239
ENT,R,F0145,医療機関0145,D2244,医師_D2244
ENT,R,F0137,医療機関0137,D2246,医師_D2246
ENT,R,F0259,医療機関0259,D2247,医師_D2247
ENT,R,F0118,医療機関0118,D2252,医師_D2252
ENT,R,F0035,医療機関0035,D2253,医師_D2253
ENT,R,F0027,医療機関0027,D2254,医師_D2254
ENT,R,F0218,医療機関0218,D2255,医師_D2255
ENT,R,F0171,医療機関0171,D2257,医師_D2257
ENT,R,F0134,医療機関0134,D2260,医師_D2260
ENT,R,F0059,医療機関0059,D2261,医師_D2261
ENT,R,F0184,医療機関0184,D2264,医師_D2264
ENT,R,F0027,医療機関0027,D2265,医師_D2265
ENT,R,F0011,医療機関0011,D2266,医師_D2266
ENT,R,F0293,医療機関0293,D2272,医師_D2272
ENT,R,F0246,医療機関0246,D2273,医師_D2273
ENT,R,F0066,医療機関0066,D2274,医師_D2274
ENT,R,F0071,医療機関0071,D2282,医師_D2282
ENT,R,F0280,医療機関0280,D2287,医師_D2287
ENT,R,F0045,医療機関0045,D2291,医師_D2291
ENT,R,F0110,医療機関0110,D2293,医師_D2293
ENT,R,F0259,医療機関0259,D2303,医師_D2303
ENT,R,F0188,医療機関0188,D2307,医師_D2307
ENT,R,F0039,医療機関0039,D2309,医師_D2309
ENT,R,F0105,医療機関0105,D2310,医師_D2310
ENT,R,F0028,医療機関0028,D2312,医師_D2312
ENT,R,F0284,医療機関0284,D2318,医師_D2318
ENT,R,F0038,医療機関0038,D2323,医師_D2323
ENT,R,F0163,医療機関0163,D2324,医師_D2324
ENT,R,F0127,医療機関0127,D2325,医師_D2325
ENT,R,F0056,医療機関0056,D2329,医師_D2329
ENT,R,F0202,医療機関0202,D2332,医師_D2332
ENT,R,F0282,医療機関0282,D2342,医師_D2342
ENT,R,F0229,医療機関0229,D2343,医師_D2343
ENT,R,F0057,医療機関0057,D2344,医師_D2344
ENT,R,F0150,医療機関0150,D2348,医師_D2348
ENT,R,F0282,医療機関0282,D2353,医師_D2353
ENT,R,F0030,医療機関0030,D2357,医師_D2357
ENT,R,F0146,医療機関0146,D2358,医師_D2358
ENT,R,F0144,医療機関0144,D2360,医師_D2360
ENT,R,F0292,医療機関0292,D2363,医師_D2363
ENT,R,F0016,医療機関0016,D2372,医師_D2372
ENT,R,F0149,医療機関0149,D2377,医師_D2377
ENT,R,F0085,医療機関0085,D2379,医師_D2379
ENT,R,F0247,医療機関0247,D2384,医師_D2384
ENT,R,F0137,医療機関0137,D2391,医師_D2391
ENT,R,F0105,医療機関0105,D2398,医師_D2398
ENT,R,F0234,医療機関0234,D2401,医師_D2401
ENT,R,F0279,医療機関0279,D2403,医師_D2403
ENT,R,F0212,医療機関0212,D2405,医師_D2405
ENT,R,F0180,医療機関0180,D2407,医師_D2407
ENT,R,F0189,医療機関0189,D2409,医師_D2409
ENT,R,F0147,医療機関0147,D2415,医師_D2415
ENT,R,F0065,医療機関0065,D2418,医師_D2418
ENT,R,F0180,医療機関0180,D2419,医師_D2419
ENT,R,F0040,医療機関0040,D2422,医師_D2422
ENT,R,F0269,医療機関0269,D2430,医師_D2430
ENT,R,F0082,医療機関0082,D2432,医師_D2432
ENT,R,F0287,医療機関0287,D2436,医師_D2436
ENT,R,F0241,医療機関0241,D2437,医師_D2437
ENT,R,F0047,医療機関0047,D2438,医師_D2438
ENT,R,F0085,医療機関0085,D2439,医師_D2439
ENT,R,F0119,医療機関0119,D2441,医師_D2441
ENT,R,F0057,医療機関0057,D2445,医師_D2445
ENT,R,F0213,医療機関0213,D2450,医師_D2450
ENT,W,F0257,医療機関0257,D0801,医師_D0801
ENT,W,F0073,医療機関0073,D0802,医師_D0802
ENT,W,F0090,医療機関0090,D0803,医師_D0803
ENT,W,F0054,医療機関0054,D0805,医師_D0805
ENT,W,F0047,医療機関0047,D0806,医師_D0806
ENT,W,F0105,医療機関0105,D0807,医師_D0807
ENT,W,F0263,医療機関0263,D0808,医師_D0808
ENT,W,F0076,医療機関0076,D0813,医師_D0813
ENT,W,F0238,医療機関0238,D0814,医師_D0814
ENT,W,F0236,医療機関0236,D0816,医師_D0816
ENT,W,F0191,医療機関0191,D0817,医師_D0817
ENT,W,F0132,医療機関0132,D0818,医師_D0818
ENT,W,F0177,医療機関0177,D0823,医師_D0823
ENT,W,F0203,医療機関0203,D0824,医師_D0824
ENT,W,F0077,医療機関0077,D0825,医師_D0825
ENT,W,F0245,医療機関0245,D0826,医師_D0826
ENT,W,F0271,医療機関0271,D0828,医師_D0828
ENT,W,F0142,医療機関0142,D0831,医師_D0831
ENT,W,F0056,医療機関0056,D0832,医師_D0832
ENT,W,F0052,医療機関0052,D0833,医師_D0833
ENT,W,F0169,医療機関0169,D0834,医師_D0834
ENT,W,F0031,医療機関0031,D0836,医師_D0836
ENT,W,F0096,医療機関0096,D0839,医師_D0839
ENT,W,F0287,医療機関0287,D0840,医師_D0840
ENT,W,F0154,医療機関0154,D0842,医師_D0842
ENT,W,F0281,医療機関0281,D0843,医師_D0843
ENT,W,F0011,医療機関0011,D0846,医師_D0846
ENT,W,F0282,医療機関0282,D0847,医師_D0847
ENT,W,F0288,医療機関0288,D0848,医師_D0848
ENT,W,F0222,医療機関0222,D0849,医師_D0849
ENT,W,F0031,医療機関0031,D0850,医師_D0850
ENT,W,F0013,医療機関0013,D0852,医師_D0852
ENT,W,F0016,医療機関0016,D0853,医師_D0853
ENT,W,F0172,医療機関0172,D0855,医師_D0855
ENT,W,F0020,医療機関0020,D0856,医師_D0856
ENT,W,F0296,医療機関0296,D0857,医師_D0857
ENT,W,F0137,医療機関0137,D0858,医師_D0858
ENT,W,F0238,医療機関0238,D0861,医師_D0861
ENT,W,F0094,医療機関0094,D0862,医師_D0862
ENT,W,F0015,医療機関0015,D0863,医師_D0863
ENT,W,F0016,医療機関0016,D0864,医師_D0864
ENT,W,F0116,医療機関0116,D0868,医師_D0868
ENT,W,F0234,医療機関0234,D0869,医師_D0869
ENT,W,F0019,医療機関0019,D0870,医師_D0870
ENT,W,F0270,医療機関0270,D0871,医師_D0871
ENT,W,F0210,医療機関0210,D0872,医師_D0872
ENT,W,F0063,医療機関0063,D0874,医師_D0874
ENT,W,F0148,医療機関0148,D0877,医師_D0877
ENT,W,F0119,医療機関0119,D0878,医師_D0878
ENT,W,F0070,医療機関0070,D0879,医師_D0879
ENT,W,F0001,医療機関0001,D0882,医師_D0882
ENT,W,F0034,医療機関0034,D0884,医師_D0884
ENT,W,F0125,医療機関0125,D0885,医師_D0885
ENT,W,F0259,医療機関0259,D0886,医師_D0886
ENT,W,F0049,医療機関0049,D0887,医師_D0887
ENT,W,F0001,医療機関0001,D0888,医師_D0888
ENT,W,F0034,医療機関0034,D0889,医師_D0889
ENT,W,F0083,医療機関0083,D0891,医師_D0891
ENT,W,F0147,医療機関0147,D0892,医師_D0892
ENT,W,F0009,医療機関0009,D0893,医師_D0893
ENT,W,F0124,医療機関0124,D0895,医師_D0895
ENT,W,F0235,医療機関0235,D0898,医師_D0898
ENT,W,F0141,医療機関0141,D0899,医師_D0899
ENT,W,F0253,医療機関0253,D0900,医師_D0900
ENT,W,F0159,医療機関0159,D0901,医師_D0901
ENT,W,F0069,医療機関0069,D0903,医師_D0903
ENT,W,F0097,医療機関0097,D0904,医師_D0904
ENT,W,F0180,医療機関0180,D0905,医師_D0905
ENT,W,F0275,医療機関0275,D0907,医師_D0907
ENT,W,F0144,医療機関0144,D0908,医師_D0908
ENT,W,F0259,医療機関0259,D0909,医師_D0909
ENT,W,F0205,医療機関0205,D0910,医師_D0910
ENT,W,F0101,医療機関0101,D0911,医師_D0911
ENT,W,F0224,医療機関0224,D0913,医師_D0913
ENT,W,F0100,医療機関0100,D0914,医師_D0914
ENT,W,F0075,医療機関0075,D0915,医師_D0915
ENT,W,F0015,医療機関0015,D0918,医師_D0918
ENT,W,F0149,医療機関0149,D0919,医師_D0919
ENT,W,F0139,医療機関0139,D0920,医師_D0920
ENT,W,F0260,医療機関0260,D0921,医師_D0921
ENT,W,F0214,医療機関0214,D0922,医師_D0922
ENT,W,F0058,医療機関0058,D0923,医師_D0923
ENT,W,F0046,医療機関0046,D0924,医師_D0924
ENT,W,F0182,医療機関0182,D0925,医師_D0925
ENT,W,F0015,医療機関0015,D0926,医師_D0926
ENT,W,F0096,医療機関0096,D0927,医師_D0927
ENT,W,F0042,医療機関0042,D0928,医師_D0928
ENT,W,F0007,医療機関0007,D0929,医師_D0929
ENT,W,F0276,医療機関0276,D0930,医師_D0930
ENT,W,F0027,医療機関0027,D0931,医師_D0931
ENT,W,F0003,医療機関0003,D0932,医師_D0932
ENT,W,F0280,医療機関0280,D0933,医師_D0933
ENT,W,F0245,医療機関0245,D0935,医師_D0935
ENT,W,F0010,医療機関0010,D0936,医師_D0936
ENT,W,F0047,医療機関0047,D0937,医師_D0937
ENT,W,F0034,医療機関0034,D0938,医師_D0938
ENT,W,F0212,医療機関0212,D0939,医師_D0939
ENT,W,F0187,医療機関0187,D0940,医師_D0940
ENT,W,F0143,医療機関0143,D0941,医師_D0941
ENT,W,F0073,医療機関0073,D0942,医師_D0942
ENT,W,F0027,医療機関0027,D0943,医師_D0943
ENT,W,F0070,医療機関0070,D0945,医師_D0945
ENT,W,F0178,医療機関0178,D0946,医師_D0946
ENT,W,F0207,医療機関0207,D0947,医師_D0947
ENT,W,F0149,医療機関0149,D0949,医師_D0949
ENT,W,F0085,医療機関0085,D0951,医師_D0951
ENT,W,F0257,医療機関0257,D0952,医師_D0952
ENT,W,F0160,医療機関0160,D0953,医師_D0953
ENT,W,F0186,医療機関0186,D0954,医師_D0954
ENT,W,F0049,医療機関0049,D0956,医師_D0956
ENT,W,F0270,医療機関0270,D0957,医師_D0957
ENT,W,F0232,医療機関0232,D0958,医師_D0958
ENT,W,F0299,医療機関0299,D0959,医師_D0959
ENT,W,F0257,医療機関0257,D0960,医師_D0960
ENT,W,F0088,医療機関0088,D0961,医師_D0961
ENT,W,F0077,医療機関0077,D0962,医師_D0962
ENT,W,F0075,医療機関0075,D0963,医師_D0963
ENT,W,F0276,医療機関0276,D0964,医師_D0964
ENT,W,F0137,医療機関0137,D0966,医師_D0966
ENT,W,F0291,医療機関0291,D0967,医師_D0967
ENT,W,F0182,医療機関0182,D0968,医師_D0968
ENT,W,F0296,医療機関0296,D0970,医師_D0970
ENT,W,F0024,医療機関0024,D0971,医師_D0971
ENT,W,F0109,医療機関0109,D0972,医師_D0972
ENT,W,F0221,医療機関0221,D0973,医師_D0973
ENT,W,F0244,医療機関0244,D0974,医師_D0974
ENT,W,F0045,医療機関0045,D0975,医師_D0975
ENT,W,F0165,医療機関0165,D0977,医師_D0977
ENT,W,F0240,医療機関0240,D0978,医師_D0978
ENT,W,F0034,医療機関0034,D0979,医師_D0979
ENT,W,F0181,医療機関0181,D0980,医師_D0980
ENT,W,F0089,医療機関0089,D0981,医師_D0981
ENT,W,F0065,医療機関0065,D0982,医師_D0982
ENT,W,F0155,医療機関0155,D0983,医師_D0983
ENT,W,F0125,医療機関0125,D0984,医師_D0984
ENT,W,F0191,医療機関0191,D0985,医師_D0985
ENT,W,F0096,医療機関0096,D0986,医師_D0986
ENT,W,F0247,医療機関0247,D0987,医師_D0987
ENT,W,F0024,医療機関0024,D0988,医師_D0988
ENT,W,F0259,医療機関0259,D0989,医師_D0989
ENT,W,F0009,医療機関0009,D0990,医師_D0990
ENT,W,F0116,医療機関0116,D0993,医師_D0993
ENT,W,F0006,医療機関0006,D0994,医師_D0994
ENT,W,F0211,医療機関0211,D0995,医師_D0995
ENT,W,F0198,医療機関0198,D0997,医師_D0997
ENT,W,F0218,医療機関0218,D0998,医師_D0998
ENT,W,F0254,医療機関0254,D0999,医師_D0999
ENT,W,F0091,医療機関0091,D1001,医師_D1001
ENT,W,F0222,医療機関0222,D1002,医師_D1002
ENT,W,F0096,医療機関0096,D1004,医師_D1004
ENT,W,F0268,医療機関0268,D1006,医師_D1006
ENT,W,F0071,医療機関0071,D1009,医師_D1009
ENT,W,F0233,医療機関0233,D1011,医師_D1011
ENT,W,F0044,医療機関0044,D1012,医師_D1012
ENT,W,F0202,医療機関0202,D1013,医師_D1013
ENT,W,F0019,医療機関0019,D1015,医師_D1015
ENT,W,F0052,医療機関0052,D1016,医師_D1016
ENT,W,F0239,医療機関0239,D1017,医師_D1017
ENT,W,F0037,医療機関0037,D1019,医師_D1019
ENT,W,F0080,医療機関0080,D1021,医師_D1021
ENT,W,F0002,医療機関0002,D1022,医師_D1022
ENT,W,F0278,医療機関0278,D1023,医師_D1023
ENT,W,F0005,医療機関0005,D1024,医師_D1024
ENT,W,F0167,医療機関0167,D1025,医師_D1025
ENT,W,F0298,医療機関0298,D1026,医師_D1026
ENT,W,F0174,医療機関0174,D1027,医師_D1027
ENT,W,F0117,医療機関0117,D1029,医師_D1029
ENT,W,F0270,医療機関0270,D1032,医師_D1032
ENT,W,F0028,医療機関0028,D1033,医師_D1033
ENT,W,F0265,医療機関0265,D1034,医師_D1034
ENT,W,F0187,医療機関0187,D1038,医師_D1038
ENT,W,F0055,医療機関0055,D1039,医師_D1039
ENT,W,F0082,医療機関0082,D1040,医師_D1040
ENT,W,F0217,医療機関0217,D1041,医師_D1041
ENT,W,F0016,医療機関0016,D1042,医師_D1042
ENT,W,F0179,医療機関0179,D1044,医師_D1044
ENT,W,F0089,医療機関0089,D1046,医師_D1046
ENT,W,F0104,医療機関0104,D1047,医師_D1047
ENT,W,F0294,医療機関0294,D1049,医師_D1049
ENT,W,F0006,医療機関0006,D1052,医師_D1052
ENT,W,F0016,医療機関0016,D1053,医師_D1053
ENT,W,F0255,医療機関0255,D1057,医師_D1057
ENT,W,F0263,医療機関0263,D1058,医師_D1058
ENT,W,F0252,医療機関0252,D1059,医師_D1059
ENT,W,F0077,医療機関0077,D1060,医師_D1060
ENT,W,F0186,医療機関0186,D1061,医師_D1061
ENT,W,F0184,医療機関0184,D1062,医師_D1062
ENT,W,F0056,医療機関0056,D1063,医師_D1063
ENT,W,F0167,医療機関0167,D1064,医師_D1064
ENT,W,F0158,医療機関0158,D1065,医師_D1065
ENT,W,F0226,医療機関0226,D1067,医師_D1067
ENT,W,F0204,医療機関0204,D1068,医師_D1068
ENT,W,F0160,医療機関0160,D1069,医師_D1069
ENT,W,F0218,医療機関0218,D1070,医師_D1070
ENT,W,F0229,医療機関0229,D1071,医師_D1071
ENT,W,F0171,医療機関0171,D1072,医師_D1072
ENT,W,F0081,医療機関0081,D1073,医師_D1073
ENT,W,F0216,医療機関0216,D1075,医師_D1075
ENT,W,F0278,医療機関0278,D1079,医師_D1079
ENT,W,F0155,医療機関0155,D1080,医師_D1080
ENT,W,F0283,医療機関0283,D1081,医師_D1081
ENT,W,F0004,医療機関0004,D1082,医師_D1082
ENT,W,F0011,医療機関0011,D1083,医師_D1083
ENT,W,F0239,医療機関0239,D1084,医師_D1084
ENT,W,F0108,医療機関0108,D1085,医師_D1085
ENT,W,F0157,医療機関0157,D1086,医師_D1086
ENT,W,F0129,医療機関0129,D1087,医師_D1087
ENT,W,F0123,医療機関0123,D1088,医師_D1088
ENT,W,F0232,医療機関0232,D1091,医師_D1091
ENT,W,F0267,医療機関0267,D1092,医師_D1092
ENT,W,F0198,医療機関0198,D1093,医師_D1093
ENT,W,F0049,医療機関0049,D1095,医師_D1095
ENT,W,F0205,医療機関0205,D1096,医師_D1096
ENT,W,F0141,医療機関0141,D1097,医師_D1097
ENT,W,F0045,医療機関0045,D1098,医師_D1098
ENT,W,F0108,医療機関0108,D1099,医師_D1099
ENT,W,F0289,医療機関0289,D1100,医師_D1100
ENT,W,F0080,医療機関0080,D1101,医師_D1101
ENT,W,F0054,医療機関0054,D1102,医師_D1102
ENT,W,F0205,医療機関0205,D1103,医師_D1103
ENT,W,F0276,医療機関0276,D1105,医師_D1105
ENT,W,F0258,医療機関0258,D1106,医師_D1106
ENT,W,F0296,医療機関0296,D1107,医師_D1107
ENT,W,F0274,医療機関0274,D1108,医師_D1108
ENT,W,F0074,医療機関0074,D1109,医師_D1109
ENT,W,F0103,医療機関0103,D1111,医師_D1111
ENT,W,F0141,医療機関0141,D1112,医師_D1112
ENT,W,F0264,医療機関0264,D1113,医師_D1113
ENT,W,F0194,医療機関0194,D1115,医師_D1115
ENT,W,F0264,医療機関0264,D1116,医師_D1116
ENT,W,F0194,医療機関0194,D1117,医師_D1117
ENT,W,F0124,医療機関0124,D1119,医師_D1119
ENT,W,F0156,医療機関0156,D1120,医師_D1120
ENT,W,F0027,医療機関0027,D1121,医師_D1121
ENT,W,F0223,医療機関0223,D1122,医師_D1122
ENT,W,F0196,医療機関0196,D1123,医師_D1123
ENT,W,F0220,医療機関0220,D1124,医師_D1124
ENT,W,F0161,医療機関0161,D1125,医師_D1125
ENT,W,F0235,医療機関0235,D1126,医師_D1126
ENT,W,F0285,医療機関0285,D1127,医師_D1127
ENT,W,F0234,医療機関0234,D1131,医師_D1131
ENT,W,F0272,医療機関0272,D1132,医師_D1132
ENT,W,F0260,医療機関0260,D1134,医師_D1134
ENT,W,F0259,医療機関0259,D1135,医師_D1135
ENT,W,F0240,医療機関0240,D1136,医師_D1136
ENT,W,F0151,医療機関0151,D1137,医師_D1137
ENT,W,F0030,医療機関0030,D1138,医師_D1138
ENT,W,F0001,医療機関0001,D1139,医師_D1139
ENT,W,F0062,医療機関0062,D1140,医師_D1140
ENT,W,F0224,医療機関0224,D1142,医師_D1142
ENT,W,F0007,医療機関0007,D1144,医師_D1144
ENT,W,F0064,医療機関0064,D1145,医師_D1145
ENT,W,F0294,医療機関0294,D1146,医師_D1146
ENT,W,F0297,医療機関0297,D1147,医師_D1147
ENT,W,F0114,医療機関0114,D1148,医師_D1148
ENT,W,F0242,医療機関0242,D1149,医師_D1149
ENT,W,F0216,医療機関0216,D1150,医師_D1150
ENT,W,F0267,医療機関0267,D1152,医師_D1152
ENT,W,F0119,医療機関0119,D1154,医師_D1154
ENT,W,F0188,医療機関0188,D1155,医師_D1155
ENT,W,F0096,医療機関0096,D1156,医師_D1156
ENT,W,F0105,医療機関0105,D1157,医師_D1157
ENT,W,F0183,医療機関0183,D1158,医師_D1158
ENT,W,F0172,医療機関0172,D1159,医師_D1159
ENT,W,F0175,医療機関0175,D1160,医師_D1160
ENT,W,F0116,医療機関0116,D1161,医師_D1161
ENT,W,F0123,医療機関0123,D1162,医師_D1162
ENT,W,F0004,医療機関0004,D1163,医師_D1163
ENT,W,F0181,医療機関0181,D1164,医師_D1164
ENT,W,F0173,医療機関0173,D1165,医師_D1165
ENT,W,F0152,医療機関0152,D1167,医師_D1167
ENT,W,F0141,医療機関0141,D1168,医師_D1168
ENT,W,F0060,医療機関0060,D1170,医師_D1170
ENT,W,F0102,医療機関0102,D1171,医師_D1171
ENT,W,F0114,医療機関0114,D1172,医師_D1172
ENT,W,F0231,医療機関0231,D1175,医師_D1175
ENT,W,F0040,医療機関0040,D1176,医師_D1176
ENT,W,F0100,医療機関0100,D1177,医師_D1177
ENT,W,F0049,医療機関0049,D1178,医師_D1178
ENT,W,F0093,医療機関0093,D1179,医師_D1179
ENT,W,F0206,医療機関0206,D1180,医師_D1180
ENT,W,F0015,医療機関0015,D1181,医師_D1181
ENT,W,F0102,医療機関0102,D1182,医師_D1182
ENT,W,F0008,医療機関0008,D1183,医師_D1183
ENT,W,F0219,医療機関0219,D1185,医師_D1185
ENT,W,F0030,医療機関0030,D1188,医師_D1188
ENT,W,F0142,医療機関0142,D1189,医師_D1189
ENT,W,F0227,医療機関0227,D1190,医師_D1190
ENT,W,F0176,医療機関0176,D1191,医師_D1191
ENT,W,F0265,医療機関0265,D1192,医師_D1192
ENT,W,F0104,医療機関0104,D1193,医師_D1193
ENT,W,F0084,医療機関0084,D1194,医師_D1194
ENT,W,F0061,医療機関0061,D1196,医師_D1196
ENT,W,F0293,医療機関0293,D1197,医師_D1197
ENT,W,F0144,医療機関0144,D1199,医師_D1199
ENT,W,F0018,医療機関0018,D1201,医師_D1201
ENT,W,F0141,医療機関0141,D1202,医師_D1202
ENT,W,F0003,医療機関0003,D1207,医師_D1207
ENT,W,F0145,医療機関0145,D1208,医師_D1208
ENT,W,F0288,医療機関0288,D1210,医師_D1210
ENT,W,F0074,医療機関0074,D1211,医師_D1211
ENT,W,F0196,医療機関0196,D1212,医師_D1212
ENT,W,F0203,医療機関0203,D1213,医師_D1213
ENT,W,F0149,医療機関0149,D1214,医師_D1214
ENT,W,F0034,医療機関0034,D1216,医師_D1216
ENT,W,F0076,医療機関0076,D1218,医師_D1218
ENT,W,F0089,医療機関0089,D1220,医師_D1220
ENT,W,F0091,医療機関0091,D1223,医師_D1223
ENT,W,F0264,医療機関0264,D1224,医師_D1224
ENT,W,F0232,医療機関0232,D1225,医師_D1225
ENT,W,F0271,医療機関0271,D1226,医師_D1226
ENT,W,F0185,医療機関0185,D1229,医師_D1229
ENT,W,F0295,医療機関0295,D1230,医師_D1230
ENT,W,F0107,医療機関0107,D1231,医師_D1231
ENT,W,F0286,医療機関0286,D1232,医師_D1232
ENT,W,F0177,医療機関0177,D1233,医師_D1233
ENT,W,F0022,医療機関0022,D1234,医師_D1234
ENT,W,F0124,医療機関0124,D1235,医師_D1235
ENT,W,F0042,医療機関0042,D1236,医師_D1236
ENT,W,F0283,医療機関0283,D1237,医師_D1237
ENT,W,F0067,医療機関0067,D1239,医師_D1239
ENT,W,F0166,医療機関0166,D1240,医師_D1240
ENT,W,F0128,医療機関0128,D1241,医師_D1241
ENT,W,F0245,医療機関0245,D1243,医師_D1243
ENT,W,F0254,医療機関0254,D1244,医師_D1244
ENT,W,F0223,医療機関0223,D1245,医師_D1245
ENT,W,F0121,医療機関0121,D1247,医師_D1247
ENT,W,F0163,医療機関0163,D1248,医師_D1248
ENT,W,F0050,医療機関0050,D1250,医師_D1250
ENT,W,F0025,医療機関0025,D1251,医師_D1251
ENT,W,F0076,医療機関0076,D1252,医師_D1252
ENT,W,F0137,医療機関0137,D1253,医師_D1253
ENT,W,F0049,医療機関0049,D1254,医師_D1254
ENT,W,F0033,医療機関0033,D1255,医師_D1255
ENT,W,F0256,医療機関0256,D1256,医師_D1256
ENT,W,F0113,医療機関0113,D1257,医師_D1257
ENT,W,F0176,医療機関0176,D1258,医師_D1258
ENT,W,F0158,医療機関0158,D1259,医師_D1259
ENT,W,F0221,医療機関0221,D1260,医師_D1260
ENT,W,F0089,医療機関0089,D1262,医師_D1262
ENT,W,F0112,医療機関0112,D1264,医師_D1264
ENT,W,F0122,医療機関0122,D1266,医師_D1266
ENT,W,F0034,医療機関0034,D1267,医師_D1267
ENT,W,F0229,医療機関0229,D1268,医師_D1268
ENT,W,F0232,医療機関0232,D1270,医師_D1270
ENT,W,F0013,医療機関0013,D1271,医師_D1271
ENT,W,F0063,医療機関0063,D1272,医師_D1272
ENT,W,F0182,医療機関0182,D1273,医師_D1273
ENT,W,F0123,医療機関0123,D1275,医師_D1275
ENT,W,F0037,医療機関0037,D1276,医師_D1276
ENT,W,F0070,医療機関0070,D1277,医師_D1277
ENT,W,F0219,医療機関0219,D1279,医師_D1279
ENT,W,F0031,医療機関0031,D1280,医師_D1280
ENT,W,F0116,医療機関0116,D1281,医師_D1281
ENT,W,F0080,医療機関0080,D1282,医師_D1282
ENT,W,F0054,医療機関0054,D1283,医師_D1283
ENT,W,F0054,医療機関0054,D1286,医師_D1286
ENT,W,F0196,医療機関0196,D1287,医師_D1287
ENT,W,F0125,医療機関0125,D1288,医師_D1288
ENT,W,F0019,医療機関0019,D1289,医師_D1289
ENT,W,F0074,医療機関0074,D1292,医師_D1292
ENT,W,F0264,医療機関0264,D1293,医師_D1293
ENT,W,F0214,医療機関0214,D1294,医師_D1294
ENT,W,F0041,医療機関0041,D1295,医師_D1295
ENT,W,F0256,医療機関0256,D1296,医師_D1296
ENT,W,F0173,医療機関0173,D1297,医師_D1297
ENT,W,F0225,医療機関0225,D1299,医師_D1299
ENT,W,F0102,医療機関0102,D1300,医師_D1300
ENT,W,F0161,医療機関0161,D1301,医師_D1301
ENT,W,F0160,医療機関0160,D1302,医師_D1302
ENT,W,F0216,医療機関0216,D1303,医師_D1303
ENT,W,F0075,医療機関0075,D1304,医師_D1304
ENT,W,F0074,医療機関0074,D1306,医師_D1306
ENT,W,F0089,医療機関0089,D1307,医師_D1307
ENT,W,F0049,医療機関0049,D1308,医師_D1308
ENT,W,F0011,医療機関0011,D1309,医師_D1309
ENT,W,F0023,医療機関0023,D1311,医師_D1311
ENT,W,F0267,医療機関0267,D1312,医師_D1312
ENT,W,F0001,医療機関0001,D1313,医師_D1313
ENT,W,F0234,医療機関0234,D1314,医師_D1314
ENT,W,F0099,医療機関0099,D1315,医師_D1315
ENT,W,F0085,医療機関0085,D1317,医師_D1317
ENT,W,F0136,医療機関0136,D1319,医師_D1319
ENT,W,F0159,医療機関0159,D1320,医師_D1320
ENT,W,F0118,医療機関0118,D1321,医師_D1321
ENT,W,F0161,医療機関0161,D1322,医師_D1322
ENT,W,F0248,医療機関0248,D1323,医師_D1323
ENT,W,F0131,医療機関0131,D1324,医師_D1324
ENT,W,F0109,医療機関0109,D1325,医師_D1325
ENT,W,F0040,医療機関0040,D1326,医師_D1326
ENT,W,F0108,医療機関0108,D1327,医師_D1327
ENT,W,F0038,医療機関0038,D1328,医師_D1328
ENT,W,F0055,医療機関0055,D1329,医師_D1329
ENT,W,F0027,医療機関0027,D1331,医師_D1331
ENT,W,F0145,医療機関0145,D1332,医師_D1332
ENT,W,F0045,医療機関0045,D1335,医師_D1335
ENT,W,F0050,医療機関0050,D1336,医師_D1336
ENT,W,F0112,医療機関0112,D1337,医師_D1337
ENT,W,F0167,医療機関0167,D1338,医師_D1338
ENT,W,F0288,医療機関0288,D1339,医師_D1339
ENT,W,F0063,医療機関0063,D1340,医師_D1340
ENT,W,F0050,医療機関0050,D1341,医師_D1341
ENT,W,F0076,医療機関0076,D1342,医師_D1342
ENT,W,F0263,医療機関0263,D1343,医師_D1343
ENT,W,F0115,医療機関0115,D1345,医師_D1345
ENT,W,F0276,医療機関0276,D1348,医師_D1348
ENT,W,F0001,医療機関0001,D1349,医師_D1349
ENT,W,F0097,医療機関0097,D1350,医師_D1350
ENT,W,F0183,医療機関0183,D1352,医師_D1352
ENT,W,F0022,医療機関0022,D1353,医師_D1353
ENT,W,F0140,医療機関0140,D1354,医師_D1354
ENT,W,F0292,医療機関0292,D1355,医師_D1355
ENT,W,F0121,医療機関0121,D1356,医師_D1356
ENT,W,F0159,医療機関0159,D1357,医師_D1357
ENT,W,F0160,医療機関0160,D1358,医師_D1358
ENT,W,F0057,医療機関0057,D1360,医師_D1360
ENT,W,F0252,医療機関0252,D1361,医師_D1361
ENT,W,F0297,医療機関0297,D1362,医師_D1362
ENT,W,F0043,医療機関0043,D1363,医師_D1363
ENT,W,F0246,医療機関0246,D1364,医師_D1364
ENT,W,F0223,医療機関0223,D1366,医師_D1366
ENT,W,F0141,医療機関0141,D1368,医師_D1368
ENT,W,F0252,医療機関0252,D1369,医師_D1369
ENT,W,F0046,医療機関0046,D1370,医師_D1370
ENT,W,F0277,医療機関0277,D1372,医師_D1372
ENT,W,F0205,医療機関0205,D1373,医師_D1373
ENT,W,F0103,医療機関0103,D1374,医師_D1374
ENT,W,F0168,医療機関0168,D1375,医師_D1375
ENT,W,F0016,医療機関0016,D1376,医師_D1376
ENT,W,F0280,医療機関0280,D1377,医師_D1377
ENT,W,F0103,医療機関0103,D1378,医師_D1378
ENT,W,F0018,医療機関0018,D1379,医師_D1379
ENT,W,F0239,医療機関0239,D1380,医師_D1380
ENT,W,F0198,医療機関0198,D1381,医師_D1381
ENT,W,F0187,医療機関0187,D1382,医師_D1382
ENT,W,F0017,医療機関0017,D1383,医師_D1383
ENT,W,F0192,医療機関0192,D1385,医師_D1385
ENT,W,F0239,医療機関0239,D1386,医師_D1386
ENT,W,F0249,医療機関0249,D1387,医師_D1387
ENT,W,F0064,医療機関0064,D1388,医師_D1388
ENT,W,F0064,医療機関0064,D1389,医師_D1389
ENT,W,F0160,医療機関0160,D1391,医師_D1391
ENT,W,F0132,医療機関0132,D1392,医師_D1392
ENT,W,F0087,医療機関0087,D1393,医師_D1393
ENT,W,F0192,医療機関0192,D1394,医師_D1394
ENT,W,F0227,医療機関0227,D1395,医師_D1395
ENT,W,F0001,医療機関0001,D1396,医師_D1396
ENT,W,F0166,医療機関0166,D1397,医師_D1397
ENT,W,F0299,医療機関0299,D1398,医師_D1398
ENT,W,F0085,医療機関0085,D1399,医師_D1399
ENT,W,F0264,医療機関0264,D1401,医師_D1401
ENT,W,F0019,医療機関0019,D1402,医師_D1402
ENT,W,F0120,医療機関0120,D1403,医師_D1403
ENT,W,F0131,医療機関0131,D1407,医師_D1407
ENT,W,F0237,医療機関0237,D1409,医師_D1409
ENT,W,F0190,医療機関0190,D1410,医師_D1410
ENT,W,F0150,医療機関0150,D1411,医師_D1411
ENT,W,F0046,医療機関0046,D1413,医師_D1413
ENT,W,F0195,医療機関0195,D1415,医師_D1415
ENT,W,F0096,医療機関0096,D1416,医師_D1416
ENT,W,F0218,医療機関0218,D1418,医師_D1418
ENT,W,F0216,医療機関0216,D1419,医師_D1419
ENT,W,F0091,医療機関0091,D1421,医師_D1421
ENT,W,F0198,医療機関0198,D1422,医師_D1422
ENT,W,F0198,医療機関0198,D1423,医師_D1423
ENT,W,F0022,医療機関0022,D1425,医師_D1425
ENT,W,F0142,医療機関0142,D1426,医師_D1426
ENT,W,F0185,医療機関0185,D1427,医師_D1427
ENT,W,F0158,医療機関0158,D1429,医師_D1429
ENT,W,F0103,医療機関0103,D1430,医師_D1430
ENT,W,F0167,医療機関0167,D1431,医師_D1431
ENT,W,F0054,医療機関0054,D1432,医師_D1432
ENT,W,F0028,医療機関0028,D1433,医師_D1433
ENT,W,F0204,医療機関0204,D1434,医師_D1434
ENT,W,F0176,医療機関0176,D1437,医師_D1437
ENT,W,F0013,医療機関0013,D1438,医師_D1438
ENT,W,F0135,医療機関0135,D1440,医師_D1440
ENT,W,F0087,医療機関0087,D1441,医師_D1441
ENT,W,F0268,医療機関0268,D1442,医師_D1442
ENT,W,F0224,医療機関0224,D1443,医師_D1443
ENT,W,F0225,医療機関0225,D1444,医師_D1444
ENT,W,F0084,医療機関0084,D1445,医師_D1445
ENT,W,F0298,医療機関0298,D1446,医師_D1446
ENT,W,F0136,医療機関0136,D1447,医師_D1447
ENT,W,F0160,医療機関0160,D1448,医師_D1448
ENT,W,F0226,医療機関0226,D1449,医師_D1449
ENT,W,F0052,医療機関0052,D1451,医師_D1451
ENT,W,F0091,医療機関0091,D1452,医師_D1452
ENT,W,F0285,医療機関0285,D1454,医師_D1454
ENT,W,F0221,医療機関0221,D1457,医師_D1457
ENT,W,F0121,医療機関0121,D1460,医師_D1460
ENT,W,F0269,医療機関0269,D1461,医師_D1461
ENT,W,F0169,医療機関0169,D1462,医師_D1462
ENT,W,F0177,医療機関0177,D1465,医師_D1465
ENT,W,F0218,医療機関0218,D1467,医師_D1467
ENT,W,F0273,医療機関0273,D1468,医師_D1468
ENT,W,F0100,医療機関0100,D1469,医師_D1469
ENT,W,F0126,医療機関0126,D1470,医師_D1470
ENT,W,F0195,医療機関0195,D1472,医師_D1472
ENT,W,F0121,医療機関0121,D1473,医師_D1473
ENT,W,F0103,医療機関0103,D1474,医師_D1474
ENT,W,F0209,医療機関0209,D1475,医師_D1475
ENT,W,F0123,医療機関0123,D1476,医師_D1476
ENT,W,F0140,医療機関0140,D1477,医師_D1477
ENT,W,F0133,医療機関0133,D1478,医師_D1478
ENT,W,F0038,医療機関0038,D1480,医師_D1480
ENT,W,F0249,医療機関0249,D1481,医師_D1481
ENT,W,F0028,医療機関0028,D1482,医師_D1482
ENT,W,F0201,医療機関0201,D1484,医師_D1484
ENT,W,F0220,医療機関0220,D1487,医師_D1487
ENT,W,F0092,医療機関0092,D1489,医師_D1489
ENT,W,F0267,医療機関0267,D1491,医師_D1491
ENT,W,F0098,医療機関0098,D1492,医師_D1492
ENT,W,F0242,医療機関0242,D1493,医師_D1493
ENT,W,F0060,医療機関0060,D1494,医師_D1494
ENT,W,F0049,医療機関0049,D1495,医師_D1495
ENT,W,F0282,医療機関0282,D1497,医師_D1497
ENT,W,F0259,医療機関0259,D1498,医師_D1498
ENT,W,F0226,医療機関0226,D1499,医師_D1499
ENT,W,F0274,医療機関0274,D1501,医師_D1501
ENT,W,F0201,医療機関0201,D1502,医師_D1502
ENT,W,F0052,医療機関0052,D1503,医師_D1503
ENT,W,F0039,医療機関0039,D1504,医師_D1504
ENT,W,F0083,医療機関0083,D1506,医師_D1506
ENT,W,F0085,医療機関0085,D1509,医師_D1509
ENT,W,F0086,医療機関0086,D1510,医師_D1510
ENT,W,F0203,医療機関0203,D1512,医師_D1512
ENT,W,F0274,医療機関0274,D1514,医師_D1514
ENT,W,F0223,医療機関0223,D1515,医師_D1515
ENT,W,F0289,医療機関0289,D1517,医師_D1517
ENT,W,F0163,医療機関0163,D1518,医師_D1518
ENT,W,F0164,医療機関0164,D1519,医師_D1519
ENT,W,F0211,医療機関0211,D1520,医師_D1520
ENT,W,F0231,医療機関0231,D1521,医師_D1521
ENT,W,F0286,医療機関0286,D1522,医師_D1522
ENT,W,F0175,医療機関0175,D1523,医師_D1523
ENT,W,F0184,医療機関0184,D1524,医師_D1524
ENT,W,F0093,医療機関0093,D1527,医師_D1527
ENT,W,F0188,医療機関0188,D1528,医師_D1528
ENT,W,F0216,医療機関0216,D1531,医師_D1531
ENT,W,F0293,医療機関0293,D1532,医師_D1532
ENT,W,F0156,医療機関0156,D1533,医師_D1533
ENT,W,F0120,医療機関0120,D1534,医師_D1534
ENT,W,F0133,医療機関0133,D1535,医師_D1535
ENT,W,F0206,医療機関0206,D1536,医師_D1536
ENT,W,F0007,医療機関0007,D1538,医師_D1538
ENT,W,F0162,医療機関0162,D1539,医師_D1539
ENT,W,F0121,医療機関0121,D1540,医師_D1540
ENT,W,F0211,医療機関0211,D1541,医師_D1541
ENT,W,F0263,医療機関0263,D1542,医師_D1542
ENT,W,F0289,医療機関0289,D1543,医師_D1543
ENT,W,F0255,医療機関0255,D1549,医師_D1549
ENT,W,F0099,医療機関0099,D1551,医師_D1551
ENT,W,F0097,医療機関0097,D1552,医師_D1552
ENT,W,F0164,医療機関0164,D1554,医師_D1554
ENT,W,F0212,医療機関0212,D1555,医師_D1555
ENT,W,F0147,医療機関0147,D1556,医師_D1556
ENT,W,F0190,医療機関0190,D1558,医師_D1558
ENT,W,F0244,医療機関0244,D1559,医師_D1559
ENT,W,F0243,医療機関0243,D1561,医師_D1561
ENT,W,F0274,医療機関0274,D1564,医師_D1564
ENT,W,F0287,医療機関0287,D1565,医師_D1565
ENT,W,F0278,医療機関0278,D1566,医師_D1566
ENT,W,F0095,医療機関0095,D1567,医師_D1567
ENT,W,F0281,医療機関0281,D1569,医師_D1569
ENT,W,F0007,医療機関0007,D1571,医師_D1571
ENT,W,F0300,医療機関0300,D1573,医師_D1573
ENT,W,F0230,医療機関0230,D1574,医師_D1574
ENT,W,F0070,医療機関0070,D1575,医師_D1575
ENT,W,F0032,医療機関0032,D1577,医師_D1577
ENT,W,F0188,医療機関0188,D1579,医師_D1579
ENT,W,F0137,医療機関0137,D1580,医師_D1580
ENT,W,F0073,医療機関0073,D1582,医師_D1582
ENT,W,F0182,医療機関0182,D1583,医師_D1583
ENT,W,F0194,医療機関0194,D1584,医師_D1584
ENT,W,F0191,医療機関0191,D1585,医師_D1585
ENT,W,F0092,医療機関0092,D1587,医師_D1587
ENT,W,F0078,医療機関0078,D1588,医師_D1588
ENT,W,F0139,医療機関0139,D1589,医師_D1589
ENT,W,F0176,医療機関0176,D1590,医師_D1590
ENT,W,F0109,医療機関0109,D1591,医師_D1591
ENT,W,F0123,医療機関0123,D1592,医師_D1592
ENT,W,F0086,医療機関0086,D1593,医師_D1593
ENT,W,F0198,医療機関0198,D1595,医師_D1595
ENT,W,F0245,医療機関0245,D1596,医師_D1596
ENT,W,F0088,医療機関0088,D1597,医師_D1597
ENT,W,F0259,医療機関0259,D1598,医師_D1598
ENT,W,F0172,医療機関0172,D1599,医師_D1599
ENT,W,F0051,医療機関0051,D1600,医師_D1600
ENT,W,F0110,医療機関0110,D1601,医師_D1601
ENT,W,F0003,医療機関0003,D1602,医師_D1602
ENT,W,F0101,医療機関0101,D1604,医師_D1604
ENT,W,F0137,医療機関0137,D1605,医師_D1605
ENT,W,F0240,医療機関0240,D1606,医師_D1606
ENT,W,F0041,医療機関0041,D1607,医師_D1607
ENT,W,F0252,医療機関0252,D1608,医師_D1608
ENT,W,F0071,医療機関0071,D1609,医師_D1609
ENT,W,F0042,医療機関0042,D1610,医師_D1610
ENT,W,F0210,医療機関0210,D1611,医師_D1611
ENT,W,F0233,医療機関0233,D1612,医師_D1612
ENT,W,F0035,医療機関0035,D1614,医師_D1614
ENT,W,F0035,医療機関0035,D1615,医師_D1615
ENT,W,F0118,医療機関0118,D1616,医師_D1616
ENT,W,F0136,医療機関0136,D1617,医師_D1617
ENT,W,F0086,医療機関0086,D1619,医師_D1619
ENT,W,F0284,医療機関0284,D1621,医師_D1621
ENT,W,F0047,医療機関0047,D1622,医師_D1622
ENT,W,F0008,医療機関0008,D1623,医師_D1623
ENT,W,F0127,医療機関0127,D1624,医師_D1624
ENT,W,F0121,医療機関0121,D1625,医師_D1625
ENT,W,F0186,医療機関0186,D1626,医師_D1626
ENT,W,F0280,医療機関0280,D1628,医師_D1628
ENT,W,F0087,医療機関0087,D1629,医師_D1629
ENT,W,F0295,医療機関0295,D1630,医師_D1630
ENT,W,F0190,医療機関0190,D1631,医師_D1631
ENT,W,F0021,医療機関0021,D1632,医師_D1632
ENT,W,F0238,医療機関0238,D1636,医師_D1636
ENT,W,F0082,医療機関0082,D1638,医師_D1638
ENT,W,F0143,医療機関0143,D1639,医師_D1639
ENT,W,F0266,医療機関0266,D1640,医師_D1640
ENT,W,F0068,医療機関0068,D1641,医師_D1641
ENT,W,F0200,医療機関0200,D1642,医師_D1642
ENT,W,F0034,医療機関0034,D1644,医師_D1644
ENT,W,F0214,医療機関0214,D1645,医師_D1645
ENT,W,F0250,医療機関0250,D1646,医師_D1646
ENT,W,F0053,医療機関0053,D1648,医師_D1648
ENT,W,F0047,医療機関0047,D1649,医師_D1649
ENT,W,F0128,医療機関0128,D1650,医師_D1650
ENT,W,F0152,医療機関0152,D1651,医師_D1651
ENT,W,F0074,医療機関0074,D1653,医師_D1653
ENT,W,F0089,医療機関0089,D1655,医師_D1655
ENT,W,F0206,医療機関0206,D1656,医師_D1656
ENT,W,F0196,医療機関0196,D1658,医師_D1658
ENT,W,F0300,医療機関0300,D1662,医師_D1662
ENT,W,F0010,医療機関0010,D1663,医師_D1663
ENT,W,F0155,医療機関0155,D1664,医師_D1664
ENT,W,F0032,医療機関0032,D1665,医師_D1665
ENT,W,F0029,医療機関0029,D1666,医師_D1666
ENT,W,F0206,医療機関0206,D1667,医師_D1667
ENT,W,F0219,医療機関0219,D1668,医師_D1668
ENT,W,F0036,医療機関0036,D1669,医師_D1669
ENT,W,F0293,医療機関0293,D1670,医師_D1670
ENT,W,F0096,医療機関0096,D1672,医師_D1672
ENT,W,F0090,医療機関0090,D1673,医師_D1673
ENT,W,F0054,医療機関0054,D1675,医師_D1675
ENT,W,F0128,医療機関0128,D1676,医師_D1676
ENT,W,F0063,医療機関0063,D1677,医師_D1677
ENT,W,F0016,医療機関0016,D1678,医師_D1678
ENT,W,F0111,医療機関0111,D1679,医師_D1679
ENT,W,F0202,医療機関0202,D1680,医師_D1680
ENT,W,F0229,医療機関0229,D1681,医師_D1681
ENT,W,F0107,医療機関0107,D1682,医師_D1682
ENT,W,F0098,医療機関0098,D1683,医師_D1683
ENT,W,F0237,医療機関0237,D1684,医師_D1684
ENT,W,F0205,医療機関0205,D1685,医師_D1685
ENT,W,F0247,医療機関0247,D1688,医師_D1688
ENT,W,F0281,医療機関0281,D1689,医師_D1689
ENT,W,F0125,医療機関0125,D1690,医師_D1690
ENT,W,F0119,医療機関0119,D1691,医師_D1691
ENT,W,F0097,医療機関0097,D1692,医師_D1692
ENT,W,F0225,医療機関0225,D1694,医師_D1694
ENT,W,F0215,医療機関0215,D1695,医師_D1695
ENT,W,F0241,医療機関0241,D1696,医師_D1696
ENT,W,F0051,医療機関0051,D1697,医師_D1697
ENT,W,F0148,医療機関0148,D1698,医師_D1698
ENT,W,F0067,医療機関0067,D1699,医師_D1699
ENT,W,F0268,医療機関0268,D1700,医師_D1700
ENT,W,F0081,医療機関0081,D1701,医師_D1701
ENT,W,F0171,医療機関0171,D1703,医師_D1703
ENT,W,F0264,医療機関0264,D1704,医師_D1704
ENT,W,F0275,医療機関0275,D1705,医師_D1705
ENT,W,F0029,医療機関0029,D1706,医師_D1706
ENT,W,F0098,医療機関0098,D1707,医師_D1707
ENT,W,F0047,医療機関0047,D1708,医師_D1708
ENT,W,F0093,医療機関0093,D1709,医師_D1709
ENT,W,F0161,医療機関0161,D1710,医師_D1710
ENT,W,F0021,医療機関0021,D1712,医師_D1712
ENT,W,F0154,医療機関0154,D1713,医師_D1713
ENT,W,F0016,医療機関0016,D1714,医師_D1714
ENT,W,F0069,医療機関0069,D1715,医師_D1715
ENT,W,F0001,医療機関0001,D1716,医師_D1716
ENT,W,F0027,医療機関0027,D1717,医師_D1717
ENT,W,F0131,医療機関0131,D1718,医師_D1718
ENT,W,F0233,医療機関0233,D1720,医師_D1720
ENT,W,F0030,医療機関0030,D1721,医師_D1721
ENT,W,F0011,医療機関0011,D1722,医師_D1722
ENT,W,F0196,医療機関0196,D1724,医師_D1724
ENT,W,F0225,医療機関0225,D1725,医師_D1725
ENT,W,F0247,医療機関0247,D1726,医師_D1726
ENT,W,F0103,医療機関0103,D1727,医師_D1727
ENT,W,F0051,医療機関0051,D1728,医師_D1728
ENT,W,F0045,医療機関0045,D1730,医師_D1730
ENT,W,F0020,医療機関0020,D1731,医師_D1731
ENT,W,F0247,医療機関0247,D1734,医師_D1734
ENT,W,F0166,医療機関0166,D1735,医師_D1735
ENT,W,F0162,医療機関0162,D1736,医師_D1736
ENT,W,F0137,医療機関0137,D1737,医師_D1737
ENT,W,F0246,医療機関0246,D1738,医師_D1738
ENT,W,F0014,医療機関0014,D1739,医師_D1739
ENT,W,F0028,医療機関0028,D1740,医師_D1740
ENT,W,F0128,医療機関0128,D1741,医師_D1741
ENT,W,F0119,医療機関0119,D1742,医師_D1742
ENT,W,F0222,医療機関0222,D1744,医師_D1744
ENT,W,F0177,医療機関0177,D1745,医師_D1745
ENT,W,F0078,医療機関0078,D1746,医師_D1746
ENT,W,F0099,医療機関0099,D1747,医師_D1747
ENT,W,F0226,医療機関0226,D1748,医師_D1748
ENT,W,F0061,医療機関0061,D1749,医師_D1749
ENT,W,F0152,医療機関0152,D1750,医師_D1750
ENT,W,F0226,医療機関0226,D1752,医師_D1752
ENT,W,F0093,医療機関0093,D1755,医師_D1755
ENT,W,F0111,医療機関0111,D1756,医師_D1756
ENT,W,F0124,医療機関0124,D1757,医師_D1757
ENT,W,F0188,医療機関0188,D1759,医師_D1759
ENT,W,F0063,医療機関0063,D1760,医師_D1760
ENT,W,F0195,医療機関0195,D1761,医師_D1761
ENT,W,F0226,医療機関0226,D1762,医師_D1762
ENT,W,F0289,医療機関0289,D1763,医師_D1763
ENT,W,F0036,医療機関0036,D1764,医師_D1764
ENT,W,F0228,医療機関0228,D1765,医師_D1765
ENT,W,F0026,医療機関0026,D1766,医師_D1766
ENT,W,F0102,医療機関0102,D1767,医師_D1767
ENT,W,F0053,医療機関0053,D1768,医師_D1768
ENT,W,F0049,医療機関0049,D1769,医師_D1769
ENT,W,F0053,医療機関0053,D1770,医師_D1770
ENT,W,F0019,医療機関0019,D1773,医師_D1773
ENT,W,F0120,医療機関0120,D1774,医師_D1774
ENT,W,F0298,医療機関0298,D1776,医師_D1776
ENT,W,F0257,医療機関0257,D1777,医師_D1777
ENT,W,F0042,医療機関0042,D1778,医師_D1778
ENT,W,F0297,医療機関0297,D1779,医師_D1779
ENT,W,F0197,医療機関0197,D1780,医師_D1780
ENT,W,F0054,医療機関0054,D1781,医師_D1781
ENT,W,F0135,医療機関0135,D1782,医師_D1782
ENT,W,F0276,医療機関0276,D1783,医師_D1783
ENT,W,F0118,医療機関0118,D1784,医師_D1784
ENT,W,F0056,医療機関0056,D1785,医師_D1785
ENT,W,F0263,医療機関0263,D1786,医師_D1786
ENT,W,F0262,医療機関0262,D1790,医師_D1790
ENT,W,F0137,医療機関0137,D1791,医師_D1791
ENT,W,F0058,医療機関0058,D1792,医師_D1792
ENT,W,F0067,医療機関0067,D1794,医師_D1794
ENT,W,F0142,医療機関0142,D1795,医師_D1795
ENT,W,F0197,医療機関0197,D1796,医師_D1796
ENT,W,F0284,医療機関0284,D1797,医師_D1797
ENT,W,F0087,医療機関0087,D1798,医師_D1798
ENT,W,F0076,医療機関0076,D1799,医師_D1799
ENT,W,F0170,医療機関0170,D1802,医師_D1802
ENT,W,F0116,医療機関0116,D1805,医師_D1805
ENT,W,F0112,医療機関0112,D1807,医師_D1807
ENT,W,F0214,医療機関0214,D1808,医師_D1808
ENT,W,F0140,医療機関0140,D1809,医師_D1809
ENT,W,F0008,医療機関0008,D1810,医師_D1810
ENT,W,F0160,医療機関0160,D1811,医師_D1811
ENT,W,F0015,医療機関0015,D1812,医師_D1812
ENT,W,F0181,医療機関0181,D1814,医師_D1814
ENT,W,F0146,医療機関0146,D1816,医師_D1816
ENT,W,F0186,医療機関0186,D1817,医師_D1817
ENT,W,F0079,医療機関0079,D1818,医師_D1818
ENT,W,F0087,医療機関0087,D1819,医師_D1819
ENT,W,F0126,医療機関0126,D1820,医師_D1820
ENT,W,F0078,医療機関0078,D1821,医師_D1821
ENT,W,F0228,医療機関0228,D1822,医師_D1822
ENT,W,F0248,医療機関0248,D1824,医師_D1824
ENT,W,F0169,医療機関0169,D1826,医師_D1826
ENT,W,F0048,医療機関0048,D1827,医師_D1827
ENT,W,F0082,医療機関0082,D1830,医師_D1830
ENT,W,F0040,医療機関0040,D1831,医師_D1831
ENT,W,F0157,医療機関0157,D1832,医師_D1832
ENT,W,F0095,医療機関0095,D1834,医師_D1834
ENT,W,F0136,医療機関0136,D1835,医師_D1835
ENT,W,F0170,医療機関0170,D1836,医師_D1836
ENT,W,F0192,医療機関0192,D1837,医師_D1837
ENT,W,F0203,医療機関0203,D1838,医師_D1838
ENT,W,F0254,医療機関0254,D1839,医師_D1839
ENT,W,F0020,医療機関0020,D1840,医師_D1840
ENT,W,F0109,医療機関0109,D1841,医師_D1841
ENT,W,F0001,医療機関0001,D1842,医師_D1842
ENT,W,F0180,医療機関0180,D1845,医師_D1845
ENT,W,F0269,医療機関0269,D1846,医師_D1846
ENT,W,F0233,医療機関0233,D1847,医師_D1847
ENT,W,F0194,医療機関0194,D1848,医師_D1848
ENT,W,F0234,医療機関0234,D1849,医師_D1849
ENT,W,F0052,医療機関0052,D1850,医師_D1850
ENT,W,F0252,医療機関0252,D1851,医師_D1851
ENT,W,F0268,医療機関0268,D1852,医師_D1852
ENT,W,F0029,医療機関0029,D1853,医師_D1853
ENT,W,F0141,医療機関0141,D1854,医師_D1854
ENT,W,F0250,医療機関0250,D1855,医師_D1855
ENT,W,F0143,医療機関0143,D1856,医師_D1856
ENT,W,F0253,医療機関0253,D1857,医師_D1857
ENT,W,F0281,医療機関0281,D1858,医師_D1858
ENT,W,F0143,医療機関0143,D1859,医師_D1859
ENT,W,F0018,医療機関0018,D1860,医師_D1860
ENT,W,F0103,医療機関0103,D1861,医師_D1861
ENT,W,F0065,医療機関0065,D1862,医師_D1862
ENT,W,F0143,医療機関0143,D1863,医師_D1863
ENT,W,F0176,医療機関0176,D1864,医師_D1864
ENT,W,F0140,医療機関0140,D1865,医師_D1865
ENT,W,F0091,医療機関0091,D1867,医師_D1867
ENT,W,F0204,医療機関0204,D1868,医師_D1868
ENT,W,F0009,医療機関0009,D1869,医師_D1869
ENT,W,F0268,医療機関0268,D1871,医師_D1871
ENT,W,F0030,医療機関0030,D1872,医師_D1872
ENT,W,F0125,医療機関0125,D1873,医師_D1873
ENT,W,F0063,医療機関0063,D1874,医師_D1874
ENT,W,F0032,医療機関0032,D1875,医師_D1875
ENT,W,F0127,医療機関0127,D1876,医師_D1876
ENT,W,F0157,医療機関0157,D1877,医師_D1877
ENT,W,F0053,医療機関0053,D1878,医師_D1878
ENT,W,F0024,医療機関0024,D1879,医師_D1879
ENT,W,F0041,医療機関0041,D1880,医師_D1880
ENT,W,F0196,医療機関0196,D1881,医師_D1881
ENT,W,F0259,医療機関0259,D1882,医師_D1882
ENT,W,F0109,医療機関0109,D1886,医師_D1886
ENT,W,F0074,医療機関0074,D1887,医師_D1887
ENT,W,F0158,医療機関0158,D1889,医師_D1889
ENT,W,F0108,医療機関0108,D1890,医師_D1890
ENT,W,F0103,医療機関0103,D1891,医師_D1891
ENT,W,F0184,医療機関0184,D1894,医師_D1894
ENT,W,F0062,医療機関0062,D1896,医師_D1896
ENT,W,F0267,医療機関0267,D1898,医師_D1898
ENT,W,F0010,医療機関0010,D1899,医師_D1899
ENT,W,F0279,医療機関0279,D1900,医師_D1900
ENT,W,F0210,医療機関0210,D1901,医師_D1901
ENT,W,F0030,医療機関0030,D1902,医師_D1902
ENT,W,F0016,医療機関0016,D1905,医師_D1905
ENT,W,F0035,医療機関0035,D1906,医師_D1906
ENT,W,F0138,医療機関0138,D1907,医師_D1907
ENT,W,F0123,医療機関0123,D1909,医師_D1909
ENT,W,F0289,医療機関0289,D1913,医師_D1913
ENT,W,F0246,医療機関0246,D1916,医師_D1916
ENT,W,F0208,医療機関0208,D1917,医師_D1917
ENT,W,F0158,医療機関0158,D1918,医師_D1918
ENT,W,F0300,医療機関0300,D1920,医師_D1920
ENT,W,F0133,医療機関0133,D1921,医師_D1921
ENT,W,F0014,医療機関0014,D1922,医師_D1922
ENT,W,F0063,医療機関0063,D1923,医師_D1923
ENT,W,F0121,医療機関0121,D1924,医師_D1924
ENT,W,F0019,医療機関0019,D1925,医師_D1925
ENT,W,F0098,医療機関0098,D1926,医師_D1926
ENT,W,F0141,医療機関0141,D1927,医師_D1927
ENT,W,F0285,医療機関0285,D1928,医師_D1928
ENT,W,F0174,医療機関0174,D1930,医師_D1930
ENT,W,F0275,医療機関0275,D1931,医師_D1931
ENT,W,F0278,医療機関0278,D1933,医師_D1933
ENT,W,F0052,医療機関0052,D1934,医師_D1934
ENT,W,F0241,医療機関0241,D1935,医師_D1935
ENT,W,F0294,医療機関0294,D1936,医師_D1936
ENT,W,F0098,医療機関0098,D1937,医師_D1937
ENT,W,F0150,医療機関0150,D1938,医師_D1938
ENT,W,F0149,医療機関0149,D1940,医師_D1940
ENT,W,F0087,医療機関0087,D1941,医師_D1941
ENT,W,F0292,医療機関0292,D1942,医師_D1942
ENT,W,F0287,医療機関0287,D1943,医師_D1943
ENT,W,F0120,医療機関0120,D1946,医師_D1946
ENT,W,F0239,医療機関0239,D1947,医師_D1947
ENT,W,F0176,医療機関0176,D1948,医師_D1948
ENT,W,F0142,医療機関0142,D1949,医師_D1949
ENT,W,F0066,医療機関0066,D1953,医師_D1953
ENT,W,F0058,医療機関0058,D1954,医師_D1954
ENT,W,F0295,医療機関0295,D1955,医師_D1955
ENT,W,F0031,医療機関0031,D1956,医師_D1956
ENT,W,F0240,医療機関0240,D1957,医師_D1957
ENT,W,F0260,医療機関0260,D1958,医師_D1958
ENT,W,F0010,医療機関0010,D1959,医師_D1959
ENT,W,F0177,医療機関0177,D1960,医師_D1960
ENT,W,F0108,医療機関0108,D1962,医師_D1962
ENT,W,F0201,医療機関0201,D1963,医師_D1963
ENT,W,F0123,医療機関0123,D1964,医師_D1964
ENT,W,F0132,医療機関0132,D1965,医師_D1965
ENT,W,F0241,医療機関0241,D1967,医師_D1967
ENT,W,F0114,医療機関0114,D1969,医師_D1969
ENT,W,F0279,医療機関0279,D1970,医師_D1970
ENT,W,F0241,医療機関0241,D1971,医師_D1971
ENT,W,F0280,医療機関0280,D1972,医師_D1972
ENT,W,F0220,医療機関0220,D1973,医師_D1973
ENT,W,F0118,医療機関0118,D1974,医師_D1974
ENT,W,F0099,医療機関0099,D1976,医師_D1976
ENT,W,F0171,医療機関0171,D1980,医師_D1980
ENT,W,F0116,医療機関0116,D1981,医師_D1981
ENT,W,F0139,医療機関0139,D1982,医師_D1982
ENT,W,F0088,医療機関0088,D1983,医師_D1983
ENT,W,F0106,医療機関0106,D1985,医師_D1985
ENT,W,F0167,医療機関0167,D1986,医師_D1986
ENT,W,F0111,医療機関0111,D1987,医師_D1987
ENT,W,F0097,医療機関0097,D1988,医師_D1988
ENT,W,F0292,医療機関0292,D1989,医師_D1989
ENT,W,F0104,医療機関0104,D1990,医師_D1990
ENT,W,F0022,医療機関0022,D1991,医師_D1991
ENT,W,F0114,医療機関0114,D1992,医師_D1992
ENT,W,F0160,医療機関0160,D1993,医師_D1993
ENT,W,F0029,医療機関0029,D1994,医師_D1994
ENT,W,F0092,医療機関0092,D1995,医師_D1995
ENT,W,F0050,医療機関0050,D1996,医師_D1996
ENT,W,F0151,医療機関0151,D1997,医師_D1997
ENT,W,F0291,医療機関0291,D1999,医師_D1999
ENT,W,F0117,医療機関0117,D2000,医師_D2000
ENT,W,F0259,医療機関0259,D2001,医師_D2001
ENT,W,F0065,医療機関0065,D2002,医師_D2002
ENT,W,F0235,医療機関0235,D2003,医師_D2003
ENT,W,F0169,医療機関0169,D2004,医師_D2004
ENT,W,F0228,医療機関0228,D2005,医師_D2005
ENT,W,F0227,医療機関0227,D2006,医師_D2006
ENT,W,F0160,医療機関0160,D2007,医師_D2007
ENT,W,F0078,医療機関0078,D2008,医師_D2008
ENT,W,F0158,医療機関0158,D2009,医師_D2009
ENT,W,F0292,医療機関0292,D2011,医師_D2011
ENT,W,F0055,医療機関0055,D2013,医師_D2013
ENT,W,F0032,医療機関0032,D2015,医師_D2015
ENT,W,F0201,医療機関0201,D2016,医師_D2016
ENT,W,F0298,医療機関0298,D2017,医師_D2017
ENT,W,F0016,医療機関0016,D2018,医師_D2018
ENT,W,F0197,医療機関0197,D2019,医師_D2019
ENT,W,F0255,医療機関0255,D2021,医師_D2021
ENT,W,F0032,医療機関0032,D2023,医師_D2023
ENT,W,F0278,医療機関0278,D2024,医師_D2024
ENT,W,F0277,医療機関0277,D2025,医師_D2025
ENT,W,F0294,医療機関0294,D2027,医師_D2027
ENT,W,F0002,医療機関0002,D2028,医師_D2028
ENT,W,F0185,医療機関0185,D2029,医師_D2029
ENT,W,F0012,医療機関0012,D2030,医師_D2030
ENT,W,F0205,医療機関0205,D2032,医師_D2032
ENT,W,F0275,医療機関0275,D2033,医師_D2033
ENT,W,F0025,医療機関0025,D2035,医師_D2035
ENT,W,F0101,医療機関0101,D2037,医師_D2037
ENT,W,F0224,医療機関0224,D2038,医師_D2038
ENT,W,F0046,医療機関0046,D2039,医師_D2039
ENT,W,F0256,医療機関0256,D2040,医師_D2040
ENT,W,F0072,医療機関0072,D2041,医師_D2041
ENT,W,F0140,医療機関0140,D2044,医師_D2044
ENT,W,F0002,医療機関0002,D2046,医師_D2046
ENT,W,F0236,医療機関0236,D2048,医師_D2048
ENT,W,F0281,医療機関0281,D2049,医師_D2049
ENT,W,F0264,医療機関0264,D2052,医師_D2052
ENT,W,F0297,医療機関0297,D2053,医師_D2053
ENT,W,F0112,医療機関0112,D2054,医師_D2054
ENT,W,F0256,医療機関0256,D2055,医師_D2055
ENT,W,F0170,医療機関0170,D2056,医師_D2056
ENT,W,F0018,医療機関0018,D2057,医師_D2057
ENT,W,F0049,医療機関0049,D2060,医師_D2060
ENT,W,F0131,医療機関0131,D2061,医師_D2061
ENT,W,F0045,医療機関0045,D2063,医師_D2063
ENT,W,F0149,医療機関0149,D2064,医師_D2064
ENT,W,F0065,医療機関0065,D2065,医師_D2065
ENT,W,F0073,医療機関0073,D2067,医師_D2067
ENT,W,F0290,医療機関0290,D2068,医師_D2068
ENT,W,F0024,医療機関0024,D2069,医師_D2069
ENT,W,F0238,医療機関0238,D2071,医師_D2071
ENT,W,F0256,医療機関0256,D2073,医師_D2073
ENT,W,F0280,医療機関0280,D2075,医師_D2075
ENT,W,F0264,医療機関0264,D2078,医師_D2078
ENT,W,F0113,医療機関0113,D2080,医師_D2080
ENT,W,F0036,医療機関0036,D2081,医師_D2081
ENT,W,F0031,医療機関0031,D2082,医師_D2082
ENT,W,F0117,医療機関0117,D2083,医師_D2083
ENT,W,F0145,医療機関0145,D2086,医師_D2086
ENT,W,F0074,医療機関0074,D2087,医師_D2087
ENT,W,F0170,医療機関0170,D2088,医師_D2088
ENT,W,F0192,医療機関0192,D2089,医師_D2089
ENT,W,F0295,医療機関0295,D2090,医師_D2090
ENT,W,F0183,医療機関0183,D2092,医師_D2092
ENT,W,F0274,医療機関0274,D2093,医師_D2093
ENT,W,F0128,医療機関0128,D2094,医師_D2094
ENT,W,F0111,医療機関0111,D2096,医師_D2096
ENT,W,F0039,医療機関0039,D2097,医師_D2097
ENT,W,F0126,医療機関0126,D2098,医師_D2098
ENT,W,F0036,医療機関0036,D2100,医師_D2100
ENT,W,F0265,医療機関0265,D2101,医師_D2101
ENT,W,F0239,医療機関0239,D2102,医師_D2102
ENT,W,F0252,医療機関0252,D2104,医師_D2104
ENT,W,F0021,医療機関0021,D2105,医師_D2105
ENT,W,F0212,医療機関0212,D2107,医師_D2107
ENT,W,F0220,医療機関0220,D2109,医師_D2109
ENT,W,F0263,医療機関0263,D2110,医師_D2110
ENT,W,F0020,医療機関0020,D2111,医師_D2111
ENT,W,F0008,医療機関0008,D2112,医師_D2112
ENT,W,F0283,医療機関0283,D2113,医師_D2113
ENT,W,F0157,医療機関0157,D2114,医師_D2114
ENT,W,F0131,医療機関0131,D2117,医師_D2117
ENT,W,F0208,医療機関0208,D2118,医師_D2118
ENT,W,F0050,医療機関0050,D2120,医師_D2120
ENT,W,F0201,医療機関0201,D2122,医師_D2122
ENT,W,F0035,医療機関0035,D2123,医師_D2123
ENT,W,F0114,医療機関0114,D2124,医師_D2124
ENT,W,F0186,医療機関0186,D2126,医師_D2126
ENT,W,F0013,医療機関0013,D2128,医師_D2128
ENT,W,F0175,医療機関0175,D2129,医師_D2129
ENT,W,F0139,医療機関0139,D2130,医師_D2130
ENT,W,F0289,医療機関0289,D2131,医師_D2131
ENT,W,F0157,医療機関0157,D2132,医師_D2132
ENT,W,F0280,医療機関0280,D2133,医師_D2133
ENT,W,F0135,医療機関0135,D2135,医師_D2135
ENT,W,F0042,医療機関0042,D2136,医師_D2136
ENT,W,F0173,医療機関0173,D2137,医師_D2137
ENT,W,F0057,医療機関0057,D2138,医師_D2138
ENT,W,F0148,医療機関0148,D2139,医師_D2139
ENT,W,F0104,医療機関0104,D2140,医師_D2140
ENT,W,F0056,医療機関0056,D2141,医師_D2141
ENT,W,F0030,医療機関0030,D2142,医師_D2142
ENT,W,F0154,医療機関0154,D2143,医師_D2143
ENT,W,F0285,医療機関0285,D2144,医師_D2144
ENT,W,F0060,医療機関0060,D2145,医師_D2145
ENT,W,F0122,医療機関0122,D2146,医師_D2146
ENT,W,F0243,医療機関0243,D2148,医師_D2148
ENT,W,F0125,医療機関0125,D2149,医師_D2149
ENT,W,F0293,医療機関0293,D2150,医師_D2150
ENT,W,F0074,医療機関0074,D2151,医師_D2151
ENT,W,F0025,医療機関0025,D2152,医師_D2152
ENT,W,F0175,医療機関0175,D2153,医師_D2153
ENT,W,F0298,医療機関0298,D2155,医師_D2155
ENT,W,F0262,医療機関0262,D2156,医師_D2156
ENT,W,F0266,医療機関0266,D2157,医師_D2157
ENT,W,F0191,医療機関0191,D2158,医師_D2158
ENT,W,F0108,医療機関0108,D2159,医師_D2159
ENT,W,F0129,医療機関0129,D2160,医師_D2160
ENT,W,F0041,医療機関0041,D2161,医師_D2161
ENT,W,F0110,医療機関0110,D2163,医師_D2163
ENT,W,F0011,医療機関0011,D2164,医師_D2164
ENT,W,F0062,医療機関0062,D2165,医師_D2165
ENT,W,F0161,医療機関0161,D2166,医師_D2166
ENT,W,F0111,医療機関0111,D2167,医師_D2167
ENT,W,F0144,医療機関0144,D2169,医師_D2169
ENT,W,F0199,医療機関0199,D2171,医師_D2171
ENT,W,F0013,医療機関0013,D2172,医師_D2172
ENT,W,F0212,医療機関0212,D2174,医師_D2174
ENT,W,F0164,医療機関0164,D2175,医師_D2175
ENT,W,F0091,医療機関0091,D2176,医師_D2176
ENT,W,F0157,医療機関0157,D2177,医師_D2177
ENT,W,F0117,医療機関0117,D2179,医師_D2179
ENT,W,F0014,医療機関0014,D2180,医師_D2180
ENT,W,F0094,医療機関0094,D2181,医師_D2181
ENT,W,F0281,医療機関0281,D2182,医師_D2182
ENT,W,F0229,医療機関0229,D2183,医師_D2183
ENT,W,F0252,医療機関0252,D2184,医師_D2184
ENT,W,F0085,医療機関0085,D2187,医師_D2187
ENT,W,F0018,医療機関0018,D2188,医師_D2188
ENT,W,F0002,医療機関0002,D2189,医師_D2189
ENT,W,F0251,医療機関0251,D2190,医師_D2190
ENT,W,F0282,医療機関0282,D2191,医師_D2191
ENT,W,F0047,医療機関0047,D2192,医師_D2192
ENT,W,F0217,医療機関0217,D2193,医師_D2193
ENT,W,F0161,医療機関0161,D2194,医師_D2194
ENT,W,F0021,医療機関0021,D2195,医師_D2195
ENT,W,F0275,医療機関0275,D2196,医師_D2196
ENT,W,F0262,医療機関0262,D2197,医師_D2197
ENT,W,F0171,医療機関0171,D2198,医師_D2198
ENT,W,F0120,医療機関0120,D2200,医師_D2200
ENT,W,F0238,医療機関0238,D2201,医師_D2201
ENT,W,F0297,医療機関0297,D2203,医師_D2203
ENT,W,F0052,医療機関0052,D2205,医師_D2205
ENT,W,F0291,医療機関0291,D2206,医師_D2206
ENT,W,F0087,医療機関0087,D2207,医師_D2207
ENT,W,F0094,医療機関0094,D2208,医師_D2208
ENT,W,F0155,医療機関0155,D2211,医師_D2211
ENT,W,F0060,医療機関0060,D2213,医師_D2213
ENT,W,F0060,医療機関0060,D2215,医師_D2215
ENT,W,F0029,医療機関0029,D2216,医師_D2216
ENT,W,F0203,医療機関0203,D2217,医師_D2217
ENT,W,F0261,医療機関0261,D2218,医師_D2218
ENT,W,F0039,医療機関0039,D2219,医師_D2219
ENT,W,F0163,医療機関0163,D2221,医師_D2221
ENT,W,F0250,医療機関0250,D2222,医師_D2222
ENT,W,F0293,医療機関0293,D2224,医師_D2224
ENT,W,F0186,医療機関0186,D2225,医師_D2225
ENT,W,F0253,医療機関0253,D2226,医師_D2226
ENT,W,F0284,医療機関0284,D2228,医師_D2228
ENT,W,F0188,医療機関0188,D2229,医師_D2229
ENT,W,F0039,医療機関0039,D2230,医師_D2230
ENT,W,F0277,医療機関0277,D2231,医師_D2231
ENT,W,F0091,医療機関0091,D2233,医師_D2233
ENT,W,F0117,医療機関0117,D2235,医師_D2235
ENT,W,F0164,医療機関0164,D2236,医師_D2236
ENT,W,F0270,医療機関0270,D2238,医師_D2238
ENT,W,F0292,医療機関0292,D2240,医師_D2240
ENT,W,F0132,医療機関0132,D2241,医師_D2241
ENT,W,F0212,医療機関0212,D2242,医師_D2242
ENT,W,F0230,医療機関0230,D2243,医師_D2243
ENT,W,F0137,医療機関0137,D2245,医師_D2245
ENT,W,F0116,医療機関0116,D2248,医師_D2248
ENT,W,F0084,医療機関0084,D2249,医師_D2249
ENT,W,F0109,医療機関0109,D2250,医師_D2250
ENT,W,F0059,医療機関0059,D2251,医師_D2251
ENT,W,F0024,医療機関0024,D2256,医師_D2256
ENT,W,F0234,医療機関0234,D2258,医師_D2258
ENT,W,F0218,医療機関0218,D2259,医師_D2259
ENT,W,F0280,医療機関0280,D2262,医師_D2262
ENT,W,F0251,医療機関0251,D2263,医師_D2263
ENT,W,F0095,医療機関0095,D2267,医師_D2267
ENT,W,F0048,医療機関0048,D2268,医師_D2268
ENT,W,F0259,医療機関0259,D2269,医師_D2269
ENT,W,F0062,医療機関0062,D2270,医師_D2270
ENT,W,F0085,医療機関0085,D2271,医師_D2271
ENT,W,F0116,医療機関0116,D2275,医師_D2275
ENT,W,F0155,医療機関0155,D2276,医師_D2276
ENT,W,F0200,医療機関0200,D2277,医師_D2277
ENT,W,F0281,医療機関0281,D2278,医師_D2278
ENT,W,F0262,医療機関0262,D2279,医師_D2279
ENT,W,F0294,医療機関0294,D2280,医師_D2280
ENT,W,F0013,医療機関0013,D2281,医師_D2281
ENT,W,F0169,医療機関0169,D2283,医師_D2283
ENT,W,F0015,医療機関0015,D2284,医師_D2284
ENT,W,F0107,医療機関0107,D2285,医師_D2285
ENT,W,F0047,医療機関0047,D2286,医師_D2286
ENT,W,F0019,医療機関0019,D2288,医師_D2288
ENT,W,F0045,医療機関0045,D2289,医師_D2289
ENT,W,F0059,医療機関0059,D2290,医師_D2290
ENT,W,F0171,医療機関0171,D2292,医師_D2292
ENT,W,F0274,医療機関0274,D2294,医師_D2294
ENT,W,F0079,医療機関0079,D2295,医師_D2295
ENT,W,F0162,医療機関0162,D2296,医師_D2296
ENT,W,F0199,医療機関0199,D2297,医師_D2297
ENT,W,F0188,医療機関0188,D2298,医師_D2298
ENT,W,F0239,医療機関0239,D2299,医師_D2299
ENT,W,F0061,医療機関0061,D2300,医師_D2300
ENT,W,F0153,医療機関0153,D2301,医師_D2301
ENT,W,F0241,医療機関0241,D2302,医師_D2302
ENT,W,F0186,医療機関0186,D2304,医師_D2304
ENT,W,F0196,医療機関0196,D2305,医師_D2305
ENT,W,F0260,医療機関0260,D2306,医師_D2306
ENT,W,F0285,医療機関0285,D2308,医師_D2308
ENT,W,F0034,医療機関0034,D2311,医師_D2311
ENT,W,F0142,医療機関0142,D2313,医師_D2313
ENT,W,F0068,医療機関0068,D2314,医師_D2314
ENT,W,F0123,医療機関0123,D2315,医師_D2315
ENT,W,F0132,医療機関0132,D2316,医師_D2316
ENT,W,F0187,医療機関0187,D2317,医師_D2317
ENT,W,F0255,医療機関0255,D2319,医師_D2319
ENT,W,F0114,医療機関0114,D2320,医師_D2320
ENT,W,F0098,医療機関0098,D2321,医師_D2321
ENT,W,F0232,医療機関0232,D2322,医師_D2322
ENT,W,F0055,医療機関0055,D2326,医師_D2326
ENT,W,F0185,医療機関0185,D2327,医師_D2327
ENT,W,F0097,医療機関0097,D2328,医師_D2328
ENT,W,F0196,医療機関0196,D2330,医師_D2330
ENT,W,F0053,医療機関0053,D2331,医師_D2331
ENT,W,F0049,医療機関0049,D2333,医師_D2333
ENT,W,F0131,医療機関0131,D2334,医師_D2334
ENT,W,F0243,医療機関0243,D2335,医師_D2335
ENT,W,F0069,医療機関0069,D2336,医師_D2336
ENT,W,F0231,医療機関0231,D2337,医師_D2337
ENT,W,F0217,医療機関0217,D2338,医師_D2338
ENT,W,F0271,医療機関0271,D2339,医師_D2339
ENT,W,F0051,医療機関0051,D2340,医師_D2340
ENT,W,F0215,医療機関0215,D2341,医師_D2341
ENT,W,F0247,医療機関0247,D2345,医師_D2345
ENT,W,F0033,医療機関0033,D2346,医師_D2346
ENT,W,F0177,医療機関0177,D2347,医師_D2347
ENT,W,F0160,医療機関0160,D2349,医師_D2349
ENT,W,F0156,医療機関0156,D2350,医師_D2350
ENT,W,F0010,医療機関0010,D2351,医師_D2351
ENT,W,F0153,医療機関0153,D2352,医師_D2352
ENT,W,F0132,医療機関0132,D2354,医師_D2354
ENT,W,F0084,医療機関0084,D2355,医師_D2355
ENT,W,F0299,医療機関0299,D2356,医師_D2356
ENT,W,F0154,医療機関0154,D2359,医師_D2359
ENT,W,F0277,医療機関0277,D2361,医師_D2361
ENT,W,F0127,医療機関0127,D2362,医師_D2362
ENT,W,F0021,医療機関0021,D2364,医師_D2364
ENT,W,F0221,医療機関0221,D2365,医師_D2365
ENT,W,F0178,医療機関0178,D2366,医師_D2366
ENT,W,F0073,医療機関0073,D2367,医師_D2367
ENT,W,F0069,医療機関0069,D2368,医師_D2368
ENT,W,F0216,医療機関0216,D2369,医師_D2369
ENT,W,F0192,医療機関0192,D2370,医師_D2370
ENT,W,F0184,医療機関0184,D2371,医師_D2371
ENT,W,F0180,医療機関0180,D2373,医師_D2373
ENT,W,F0295,医療機関0295,D2374,医師_D2374
ENT,W,F0006,医療機関0006,D2375,医師_D2375
ENT,W,F0141,医療機関0141,D2376,医師_D2376
ENT,W,F0270,医療機関0270,D2378,医師_D2378
ENT,W,F0143,医療機関0143,D2380,医師_D2380
ENT,W,F0216,医療機関0216,D2381,医師_D2381
ENT,W,F0019,医療機関0019,D2382,医師_D2382
ENT,W,F0241,医療機関0241,D2383,医師_D2383
ENT,W,F0216,医療機関0216,D2385,医師_D2385
ENT,W,F0195,医療機関0195,D2386,医師_D2386
ENT,W,F0225,医療機関0225,D2387,医師_D2387
ENT,W,F0235,医療機関0235,D2388,医師_D2388
ENT,W,F0272,医療機関0272,D2389,医師_D2389
ENT,W,F0129,医療機関0129,D2390,医師_D2390
ENT,W,F0192,医療機関0192,D2392,医師_D2392
ENT,W,F0058,医療機関0058,D2393,医師_D2393
ENT,W,F0257,医療機関0257,D2394,医師_D2394
ENT,W,F0232,医療機関0232,D2395,医師_D2395
ENT,W,F0190,医療機関0190,D2396,医師_D2396
ENT,W,F0091,医療機関0091,D2397,医師_D2397
ENT,W,F0131,医療機関0131,D2399,医師_D2399
ENT,W,F0199,医療機関0199,D2400,医師_D2400
ENT,W,F0202,医療機関0202,D2402,医師_D2402
ENT,W,F0289,医療機関0289,D2404,医師_D2404
ENT,W,F0112,医療機関0112,D2406,医師_D2406
ENT,W,F0128,医療機関0128,D2408,医師_D2408
ENT,W,F0244,医療機関0244,D2410,医師_D2410
ENT,W,F0111,医療機関0111,D2411,医師_D2411
ENT,W,F0152,医療機関0152,D2412,医師_D2412
ENT,W,F0014,医療機関0014,D2413,医師_D2413
ENT,W,F0221,医療機関0221,D2414,医師_D2414
ENT,W,F0138,医療機関0138,D2416,医師_D2416
ENT,W,F0160,医療機関0160,D2417,医師_D2417
ENT,W,F0224,医療機関0224,D2420,医師_D2420
ENT,W,F0105,医療機関0105,D2421,医師_D2421
ENT,W,F0117,医療機関0117,D2423,医師_D2423
ENT,W,F0060,医療機関0060,D2424,医師_D2424
ENT,W,F0113,医療機関0113,D2425,医師_D2425
ENT,W,F0189,医療機関0189,D2426,医師_D2426
ENT,W,F0035,医療機関0035,D2427,医師_D2427
ENT,W,F0225,医療機関0225,D2428,医師_D2428
ENT,W,F0068,医療機関0068,D2429,医師_D2429
ENT,W,F0220,医療機関0220,D2431,医師_D2431
ENT,W,F0169,医療機関0169,D2433,医師_D2433
ENT,W,F0034,医療機関0034,D2434,医師_D2434
ENT,W,F0030,医療機関0030,D2435,医師_D2435
ENT,W,F0060,医療機関0060,D2440,医師_D2440
ENT,W,F0088,医療機関0088,D2442,医師_D2442
ENT,W,F0099,医療機関0099,D2443,医師_D2443
ENT,W,F0159,医療機関0159,D2444,医師_D2444
ENT,W,F0265,医療機関0265,D2446,医師_D2446
ENT,W,F0219,医療機関0219,D2447,医師_D2447
ENT,W,F0229,医療機関0229,D2448,医師_D2448
ENT,W,F0051,医療機関0051,D2449,医師_D2449
GLI,R,F0161,医療機関0161,D0006,医師_D0006
GLI,R,F0192,医療機関0192,D0016,医師_D0016
GLI,R,F0080,医療機関0080,D0018,医師_D0018
GLI,R,F0144,医療機関0144,D0022,医師_D0022
GLI,R,F0126,医療機関0126,D0024,医師_D0024
GLI,R,F0102,医療機関0102,D0027,医師_D0027
GLI,R,F0110,医療機関0110,D0030,医師_D0030
GLI,R,F0131,医療機関0131,D0033,医師_D0033
GLI,R,F0055,医療機関0055,D0035,医師_D0035
GLI,R,F0202,医療機関0202,D0041,医師_D0041
GLI,R,F0232,医療機関0232,D0045,医師_D0045
GLI,R,F0099,医療機関0099,D0046,医師_D0046
GLI,R,F0139,医療機関0139,D0047,医師_D0047
GLI,R,F0147,医療機関0147,D0051,医師_D0051
GLI,R,F0196,医療機関0196,D0052,医師_D0052
GLI,R,F0190,医療機関0190,D0058,医師_D0058
GLI,R,F0087,医療機関0087,D0060,医師_D0060
GLI,R,F0209,医療機関0209,D0066,医師_D0066
GLI,R,F0191,医療機関0191,D0073,医師_D0073
GLI,R,F0157,医療機関0157,D0079,医師_D0079
GLI,R,F0218,医療機関0218,D0081,医師_D0081
GLI,R,F0123,医療機関0123,D0087,医師_D0087
GLI,R,F0299,医療機関0299,D0091,医師_D0091
GLI,R,F0284,医療機関0284,D0094,医師_D0094
GLI,R,F0170,医療機関0170,D0106,医師_D0106
GLI,R,F0143,医療機関0143,D0109,医師_D0109
GLI,R,F0230,医療機関0230,D0114,医師_D0114
GLI,R,F0240,医療機関0240,D0116,医師_D0116
GLI,R,F0280,医療機関0280,D0122,医師_D0122
GLI,R,F0217,医療機関0217,D0127,医師_D0127
GLI,R,F0219,医療機関0219,D0131,医師_D0131
GLI,R,F0222,医療機関0222,D0139,医師_D0139
GLI,R,F0082,医療機関0082,D0144,医師_D0144
GLI,R,F0281,医療機関0281,D0154,医師_D0154
GLI,R,F0039,医療機関0039,D0159,医師_D0159
GLI,R,F0281,医療機関0281,D0164,医師_D0164
GLI,R,F0184,医療機関0184,D0167,医師_D0167
GLI,R,F0042,医療機関0042,D0169,医師_D0169
GLI,R,F0002,医療機関0002,D0173,医師_D0173
GLI,R,F0254,医療機関0254,D0175,医師_D0175
GLI,R,F0036,医療機関0036,D0178,医師_D0178
GLI,R,F0082,医療機関0082,D0179,医師_D0179
GLI,R,F0037,医療機関0037,D0183,医師_D0183
GLI,R,F0029,医療機関0029,D0191,医師_D0191
GLI,R,F0137,医療機関0137,D0192,医師_D0192
GLI,R,F0130,医療機関0130,D0195,医師_D0195
GLI,R,F0155,医療機関0155,D0203,医師_D0203
GLI,R,F0235,医療機関0235,D0206,医師_D0206
GLI,R,F0234,医療機関0234,D0215,医師_D0215
GLI,R,F0252,医療機関0252,D0216,医師_D0216
GLI,R,F0013,医療機関0013,D0217,医師_D0217
GLI,R,F0032,医療機関0032,D0218,医師_D0218
GLI,R,F0041,医療機関0041,D0223,医師_D0223
GLI,R,F0196,医療機関0196,D0224,医師_D0224
GLI,R,F0043,医療機関0043,D0234,医師_D0234
GLI,R,F0274,医療機関0274,D0240,医師_D0240
GLI,R,F0002,医療機関0002,D0245,医師_D0245
GLI,R,F0047,医療機関0047,D0247,医師_D0247
GLI,R,F0241,医療機関0241,D0252,医師_D0252
GLI,R,F0289,医療機関0289,D0253,医師_D0253
GLI,R,F0087,医療機関0087,D0255,医師_D0255
GLI,R,F0255,医療機関0255,D0256,医師_D0256
GLI,R,F0291,医療機関0291,D0261,医師_D0261
GLI,R,F0037,医療機関0037,D0263,医師_D0263
GLI,R,F0210,医療機関0210,D0266,医師_D0266
GLI,R,F0252,医療機関0252,D0268,医師_D0268
GLI,R,F0038,医療機関0038,D0274,医師_D0274
GLI,R,F0165,医療機関0165,D0279,医師_D0279
GLI,R,F0190,医療機関0190,D0280,医師_D0280
GLI,R,F0026,医療機関0026,D0281,医師_D0281
GLI,R,F0213,医療機関0213,D0292,医師_D0292
GLI,R,F0022,医療機関0022,D0299,医師_D0299
GLI,R,F0112,医療機関0112,D0309,医師_D0309
GLI,R,F0056,医療機関0056,D0312,医師_D0312
GLI,R,F0113,医療機関0113,D0313,医師_D0313
GLI,R,F0178,医療機関0178,D0315,医師_D0315
GLI,R,F0236,医療機関0236,D0318,医師_D0318
GLI,R,F0172,医療機関0172,D0322,医師_D0322
GLI,R,F0174,医療機関0174,D0330,医師_D0330
GLI,R,F0195,医療機関0195,D0334,医師_D0334
GLI,R,F0133,医療機関0133,D0335,医師_D0335
GLI,R,F0139,医療機関0139,D0339,医師_D0339
GLI,R,F0153,医療機関0153,D0340,医師_D0340
GLI,R,F0041,医療機関0041,D0348,医師_D0348
GLI,R,F0029,医療機関0029,D0351,医師_D0351
GLI,R,F0236,医療機関0236,D0355,医師_D0355
GLI,R,F0121,医療機関0121,D0357,医師_D0357
GLI,R,F0191,医療機関0191,D0358,医師_D0358
GLI,R,F0066,医療機関0066,D0364,医師_D0364
GLI,R,F0096,医療機関0096,D0368,医師_D0368
GLI,R,F0143,医療機関0143,D0374,医師_D0374
GLI,R,F0106,医療機関0106,D0379,医師_D0379
GLI,R,F0170,医療機関0170,D0380,医師_D0380
GLI,R,F0177,医療機関0177,D0381,医師_D0381
GLI,R,F0165,医療機関0165,D0383,医師_D0383
GLI,R,F0195,医療機関0195,D0384,医師_D0384
GLI,R,F0109,医療機関0109,D0398,医師_D0398
GLI,R,F0243,医療機関0243,D0401,医師_D0401
GLI,R,F0222,医療機関0222,D0402,医師_D0402
GLI,R,F0277,医療機関0277,D0406,医師_D0406
GLI,R,F0157,医療機関0157,D0410,医師_D0410
GLI,R,F0081,医療機関0081,D0411,医師_D0411
GLI,R,F0074,医療機関0074,D0413,医師_D0413
GLI,R,F0095,医療機関0095,D0414,医師_D0414
GLI,R,F0147,医療機関0147,D0431,医師_D0431
GLI,R,F0220,医療機関0220,D0433,医師_D0433
GLI,R,F0072,医療機関0072,D0447,医師_D0447
GLI,R,F0201,医療機関0201,D0449,医師_D0449
GLI,R,F0151,医療機関0151,D0453,医師_D0453
GLI,R,F0288,医療機関0288,D0454,医師_D0454
GLI,R,F0023,医療機関0023,D0455,医師_D0455
GLI,R,F0232,医療機関0232,D0461,医師_D0461
GLI,R,F0207,医療機関0207,D0462,医師_D0462
GLI,R,F0212,医療機関0212,D0464,医師_D0464
GLI,R,F0203,医療機関0203,D0471,医師_D0471
GLI,R,F0158,医療機関0158,D0474,医師_D0474
GLI,R,F0277,医療機関0277,D0481,医師_D0481
GLI,R,F0135,医療機関0135,D0492,医師_D0492
GLI,R,F0118,医療機関0118,D0494,医師_D0494
GLI,R,F0013,医療機関0013,D0499,医師_D0499
GLI,R,F0131,医療機関0131,D0500,医師_D0500
GLI,R,F0046,医療機関0046,D0504,医師_D0504
GLI,R,F0055,医療機関0055,D0506,医師_D0506
GLI,R,F0014,医療機関0014,D0510,医師_D0510
GLI,R,F0148,医療機関0148,D0516,医師_D0516
GLI,R,F0299,医療機関0299,D0517,医師_D0517
GLI,R,F0217,医療機関0217,D0519,医師_D0519
GLI,R,F0148,医療機関0148,D0520,医師_D0520
GLI,R,F0005,医療機関0005,D0521,医師_D0521
GLI,R,F0026,医療機関0026,D0522,医師_D0522
GLI,R,F0081,医療機関0081,D0523,医師_D0523
GLI,R,F0253,医療機関0253,D0525,医師_D0525
GLI,R,F0254,医療機関0254,D0526,医師_D0526
GLI,R,F0192,医療機関0192,D0528,医師_D0528
GLI,R,F0167,医療機関0167,D0529,医師_D0529
GLI,R,F0195,医療機関0195,D0530,医師_D0530
GLI,R,F0123,医療機関0123,D0531,医師_D0531
GLI,R,F0239,医療機関0239,D0533,医師_D0533
GLI,R,F0185,医療機関0185,D0535,医師_D0535
GLI,R,F0145,医療機関0145,D0546,医師_D0546
GLI,R,F0037,医療機関0037,D0557,医師_D0557
GLI,R,F0116,医療機関0116,D0559,医師_D0559
GLI,R,F0103,医療機関0103,D0560,医師_D0560
GLI,R,F0255,医療機関0255,D0563,医師_D0563
GLI,R,F0032,医療機関0032,D0566,医師_D0566
GLI,R,F0300,医療機関0300,D0569,医師_D0569
GLI,R,F0189,医療機関0189,D0571,医師_D0571
GLI,R,F0190,医療機関0190,D0572,医師_D0572
GLI,R,F0003,医療機関0003,D0575,医師_D0575
GLI,R,F0102,医療機関0102,D0576,医師_D0576
GLI,R,F0078,医療機関0078,D0579,医師_D0579
GLI,R,F0183,医療機関0183,D0581,医師_D0581
GLI,R,F0125,医療機関0125,D0591,医師_D0591
GLI,R,F0052,医療機関0052,D0593,医師_D0593
GLI,R,F0158,医療機関0158,D0595,医師_D0595
GLI,R,F0264,医療機関0264,D0601,医師_D0601
GLI,R,F0144,医療機関0144,D0602,医師_D0602
GLI,R,F0271,医療機関0271,D0606,医師_D0606
GLI,R,F0139,医療機関0139,D0613,医師_D0613
GLI,R,F0261,医療機関0261,D0614,医師_D0614
GLI,R,F0023,医療機関0023,D0615,医師_D0615
GLI,R,F0126,医療機関0126,D0625,医師_D0625
GLI,R,F0153,医療機関0153,D0641,医師_D0641
GLI,R,F0289,医療機関0289,D0643,医師_D0643
GLI,R,F0263,医療機関0263,D0645,医師_D0645
GLI,R,F0023,医療機関0023,D0653,医師_D0653
GLI,R,F0278,医療機関0278,D0662,医師_D0662
GLI,R,F0012,医療機関0012,D0666,医師_D0666
GLI,R,F0286,医療機関0286,D0669,医師_D0669
GLI,R,F0111,医療機関0111,D0671,医師_D0671
GLI,R,F0033,医療機関0033,D0672,医師_D0672
GLI,R,F0280,医療機関0280,D0673,医師_D0673
GLI,R,F0003,医療機関0003,D0679,医師_D0679
GLI,R,F0119,医療機関0119,D0683,医師_D0683
GLI,R,F0241,医療機関0241,D0684,医師_D0684
GLI,R,F0155,医療機関0155,D0696,医師_D0696
GLI,R,F0228,医療機関0228,D0701,医師_D0701
GLI,R,F0121,医療機関0121,D0702,医師_D0702
GLI,R,F0184,医療機関0184,D0705,医師_D0705
GLI,R,F0125,医療機関0125,D0709,医師_D0709
GLI,R,F0158,医療機関0158,D0711,医師_D0711
GLI,R,F0213,医療機関0213,D0717,医師_D0717
GLI,R,F0165,医療機関0165,D0723,医師_D0723
GLI,R,F0057,医療機関0057,D0726,医師_D0726
GLI,R,F0089,医療機関0089,D0738,医師_D0738
GLI,R,F0233,医療機関0233,D0739,医師_D0739
GLI,R,F0300,医療機関0300,D0746,医師_D0746
GLI,R,F0221,医療機関0221,D0749,医師_D0749
GLI,R,F0179,医療機関0179,D0750,医師_D0750
GLI,R,F0019,医療機関0019,D0751,医師_D0751
GLI,R,F0149,医療機関0149,D0753,医師_D0753
GLI,R,F0041,医療機関0041,D0758,医師_D0758
GLI,R,F0110,医療機関0110,D0760,医師_D0760
GLI,R,F0106,医療機関0106,D0763,医師_D0763
GLI,R,F0061,医療機関0061,D0764,医師_D0764
GLI,R,F0103,医療機関0103,D0772,医師_D0772
GLI,R,F0135,医療機関0135,D0773,医師_D0773
GLI,R,F0163,医療機関0163,D0780,医師_D0780
GLI,R,F0295,医療機関0295,D0781,医師_D0781
GLI,R,F0098,医療機関0098,D0788,医師_D0788
GLI,R,F0296,医療機関0296,D0793,医師_D0793
GLI,R,F0073,医療機関0073,D0802,医師_D0802
GLI,R,F0090,医療機関0090,D0803,医師_D0803
GLI,R,F0097,医療機関0097,D0804,医師_D0804
GLI,R,F0047,医療機関0047,D0806,医師_D0806
GLI,R,F0263,医療機関0263,D0808,医師_D0808
GLI,R,F0001,医療機関0001,D0809,医師_D0809
GLI,R,F0085,医療機関0085,D0810,医師_D0810
GLI,R,F0076,医療機関0076,D0813,医師_D0813
GLI,R,F0176,医療機関0176,D0815,医師_D0815
GLI,R,F0236,医療機関0236,D0816,医師_D0816
GLI,R,F0191,医療機関0191,D0817,医師_D0817
GLI,R,F0132,医療機関0132,D0818,医師_D0818
GLI,R,F0143,医療機関0143,D0820,医師_D0820
GLI,R,F0285,医療機関0285,D0821,医師_D0821
GLI,R,F0299,医療機関0299,D0822,医師_D0822
GLI,R,F0177,医療機関0177,D0823,医師_D0823
GLI,R,F0203,医療機関0203,D0824,医師_D0824
GLI,R,F0245,医療機関0245,D0826,医師_D0826
GLI,R,F0081,医療機関0081,D0829,医師_D0829
GLI,R,F0096,医療機関0096,D0835,医師_D0835
GLI,R,F0031,医療機関0031,D0836,医師_D0836
GLI,R,F0196,医療機関0196,D0838,医師_D0838
GLI,R,F0287,医療機関0287,D0840,医師_D0840
GLI,R,F0042,医療機関0042,D0845,医師_D0845
GLI,R,F0288,医療機関0288,D0848,医師_D0848
GLI,R,F0222,医療機関0222,D0849,医師_D0849
GLI,R,F0031,医療機関0031,D0850,医師_D0850
GLI,R,F0089,医療機関0089,D0851,医師_D0851
GLI,R,F0074,医療機関0074,D0854,医師_D0854
GLI,R,F0172,医療機関0172,D0855,医師_D0855
GLI,R,F0020,医療機関0020,D0856,医師_D0856
GLI,R,F0094,医療機関0094,D0862,医師_D0862
GLI,R,F0034,医療機関0034,D0866,医師_D0866
GLI,R,F0116,医療機関0116,D0868,医師_D0868
GLI,R,F0234,医療機関0234,D0869,医師_D0869
GLI,R,F0019,医療機関0019,D0870,医師_D0870
GLI,R,F0135,医療機関0135,D0873,医師_D0873
GLI,R,F0063,医療機関0063,D0874,医師_D0874
GLI,R,F0148,医療機関0148,D0877,医師_D0877
GLI,R,F0001,医療機関0001,D0882,医師_D0882
GLI,R,F0087,医療機関0087,D0883,医師_D0883
GLI,R,F0034,医療機関0034,D0884,医師_D0884
GLI,R,F0125,医療機関0125,D0885,医師_D0885
GLI,R,F0259,医療機関0259,D0886,医師_D0886
GLI,R,F0153,医療機関0153,D0890,医師_D0890
GLI,R,F0147,医療機関0147,D0892,医師_D0892
GLI,R,F0009,医療機関0009,D0893,医師_D0893
GLI,R,F0100,医療機関0100,D0894,医師_D0894
GLI,R,F0124,医療機関0124,D0895,医師_D0895
GLI,R,F0235,医療機関0235,D0898,医師_D0898
GLI,R,F0159,医療機関0159,D0901,医師_D0901
GLI,R,F0069,医療機関0069,D0903,医師_D0903
GLI,R,F0180,医療機関0180,D0905,医師_D0905
GLI,R,F0073,医療機関0073,D0906,医師_D0906
GLI,R,F0259,医療機関0259,D0909,医師_D0909
GLI,R,F0075,医療機関0075,D0915,医師_D0915
GLI,R,F0015,医療機関0015,D0918,医師_D0918
GLI,R,F0260,医療機関0260,D0921,医師_D0921
GLI,R,F0182,医療機関0182,D0925,医師_D0925
GLI,R,F0034,医療機関0034,D0938,医師_D0938
GLI,R,F0073,医療機関0073,D0942,医師_D0942
GLI,R,F0027,医療機関0027,D0943,医師_D0943
GLI,R,F0207,医療機関0207,D0947,医師_D0947
GLI,R,F0255,医療機関0255,D0948,医師_D0948
GLI,R,F0002,医療機関0002,D0950,医師_D0950
GLI,R,F0085,医療機関0085,D0951,医師_D0951
GLI,R,F0160,医療機関0160,D0953,医師_D0953
GLI,R,F0257,医療機関0257,D0960,医師_D0960
GLI,R,F0088,医療機関0088,D0961,医師_D0961
GLI,R,F0075,医療機関0075,D0963,医師_D0963
GLI,R,F0168,医療機関0168,D0965,医師_D0965
GLI,R,F0291,医療機関0291,D0967,医師_D0967
GLI,R,F0024,医療機関0024,D0971,医師_D0971
GLI,R,F0045,医療機関0045,D0975,医師_D0975
GLI,R,F0165,医療機関0165,D0977,医師_D0977
GLI,R,F0089,医療機関0089,D0981,医師_D0981
GLI,R,F0155,医療機関0155,D0983,医師_D0983
GLI,R,F0191,医療機関0191,D0985,医師_D0985
GLI,R,F0009,医療機関0009,D0990,医師_D0990
GLI,R,F0221,医療機関0221,D0991,医師_D0991
GLI,R,F0104,医療機関0104,D0992,医師_D0992
GLI,R,F0050,医療機関0050,D0996,医師_D0996
GLI,R,F0096,医療機関0096,D1004,医師_D1004
GLI,R,F0045,医療機関0045,D1007,医師_D1007
GLI,R,F0071,医療機関0071,D1009,医師_D1009
GLI,R,F0233,医療機関0233,D1011,医師_D1011
GLI,R,F0052,医療機関0052,D1016,医師_D1016
GLI,R,F0239,医療機関0239,D1017,医師_D1017
GLI,R,F0037,医療機関0037,D1019,医師_D1019
GLI,R,F0005,医療機関0005,D1024,医師_D1024
GLI,R,F0176,医療機関0176,D1028,医師_D1028
GLI,R,F0028,医療機関0028,D1033,医師_D1033
GLI,R,F0082,医療機関0082,D1040,医師_D1040
GLI,R,F0016,医療機関0016,D1042,医師_D1042
GLI,R,F0006,医療機関0006,D1052,医師_D1052
GLI,R,F0047,医療機関0047,D1055,医師_D1055
GLI,R,F0255,医療機関0255,D1057,医師_D1057
GLI,R,F0252,医療機関0252,D1059,医師_D1059
GLI,R,F0119,医療機関0119,D1066,医師_D1066
GLI,R,F0081,医療機関0081,D1073,医師_D1073
GLI,R,F0228,医療機関0228,D1074,医師_D1074
GLI,R,F0296,医療機関0296,D1076,医師_D1076
GLI,R,F0045,医療機関0045,D1077,医師_D1077
GLI,R,F0004,医療機関0004,D1082,医師_D1082
GLI,R,F0157,医療機関0157,D1086,医師_D1086
GLI,R,F0129,医療機関0129,D1087,医師_D1087
GLI,R,F0119,医療機関0119,D1094,医師_D1094
GLI,R,F0049,医療機関0049,D1095,医師_D1095
GLI,R,F0045,医療機関0045,D1098,医師_D1098
GLI,R,F0108,医療機関0108,D1099,医師_D1099
GLI,R,F0289,医療機関0289,D1100,医師_D1100
GLI,R,F0054,医療機関0054,D1102,医師_D1102
GLI,R,F0205,医療機関0205,D1103,医師_D1103
GLI,R,F0064,医療機関0064,D1110,医師_D1110
GLI,R,F0194,医療機関0194,D1117,医師_D1117
GLI,R,F0114,医療機関0114,D1118,医師_D1118
GLI,R,F0124,医療機関0124,D1119,医師_D1119
GLI,R,F0027,医療機関0027,D1121,医師_D1121
GLI,R,F0196,医療機関0196,D1123,医師_D1123
GLI,R,F0220,医療機関0220,D1124,医師_D1124
GLI,R,F0235,医療機関0235,D1126,医師_D1126
GLI,R,F0260,医療機関0260,D1134,医師_D1134
GLI,R,F0130,医療機関0130,D1141,医師_D1141
GLI,R,F0224,医療機関0224,D1142,医師_D1142
GLI,R,F0007,医療機関0007,D1144,医師_D1144
GLI,R,F0294,医療機関0294,D1146,医師_D1146
GLI,R,F0280,医療機関0280,D1151,医師_D1151
GLI,R,F0189,医療機関0189,D1153,医師_D1153
GLI,R,F0096,医療機関0096,D1156,医師_D1156
GLI,R,F0105,医療機関0105,D1157,医師_D1157
GLI,R,F0175,医療機関0175,D1160,医師_D1160
GLI,R,F0152,医療機関0152,D1167,医師_D1167
GLI,R,F0102,医療機関0102,D1171,医師_D1171
GLI,R,F0109,医療機関0109,D1173,医師_D1173
GLI,R,F0040,医療機関0040,D1176,医師_D1176
GLI,R,F0015,医療機関0015,D1181,医師_D1181
GLI,R,F0219,医療機関0219,D1185,医師_D1185
GLI,R,F0141,医療機関0141,D1202,医師_D1202
GLI,R,F0137,医療機関0137,D1203,医師_D1203
GLI,R,F0039,医療機関0039,D1205,医師_D1205
GLI,R,F0288,医療機関0288,D1210,医師_D1210
GLI,R,F0074,医療機関0074,D1211,医師_D1211
GLI,R,F0034,医療機関0034,D1216,医師_D1216
GLI,R,F0071,医療機関0071,D1217,医師_D1217
GLI,R,F0230,医療機関0230,D1222,医師_D1222
GLI,R,F0296,医療機関0296,D1228,医師_D1228
GLI,R,F0286,医療機関0286,D1232,医師_D1232
GLI,R,F0177,医療機関0177,D1233,医師_D1233
GLI,R,F0124,医療機関0124,D1235,医師_D1235
GLI,R,F0042,医療機関0042,D1236,医師_D1236
GLI,R,F0283,医療機関0283,D1237,医師_D1237
GLI,R,F0092,医療機関0092,D1238,医師_D1238
GLI,R,F0067,医療機関0067,D1239,医師_D1239
GLI,R,F0030,医療機関0030,D1242,医師_D1242
GLI,R,F0186,医療機関0186,D1246,医師_D1246
GLI,R,F0157,医療機関0157,D1249,医師_D1249
GLI,R,F0025,医療機関0025,D1251,医師_D1251
GLI,R,F0137,医療機関0137,D1253,医師_D1253
GLI,R,F0256,医療機関0256,D1256,医師_D1256
GLI,R,F0112,医療機関0112,D1264,医師_D1264
GLI,R,F0013,医療機関0013,D1271,医師_D1271
GLI,R,F0182,医療機関0182,D1273,医師_D1273
GLI,R,F0037,医療機関0037,D1276,医師_D1276
GLI,R,F0219,医療機関0219,D1279,医師_D1279
GLI,R,F0116,医療機関0116,D1281,医師_D1281
GLI,R,F0054,医療機関0054,D1286,医師_D1286
GLI,R,F0225,医療機関0225,D1299,医師_D1299
GLI,R,F0161,医療機関0161,D1301,医師_D1301
GLI,R,F0011,医療機関0011,D1309,医師_D1309
GLI,R,F0267,医療機関0267,D1312,医師_D1312
GLI,R,F0136,医療機関0136,D1319,医師_D1319
GLI,R,F0161,医療機関0161,D1322,医師_D1322
GLI,R,F0131,医療機関0131,D1324,医師_D1324
GLI,R,F0040,医療機関0040,D1326,医師_D1326
GLI,R,F0145,医療機関0145,D1332,医師_D1332
GLI,R,F0251,医療機関0251,D1333,医師_D1333
GLI,R,F0288,医療機関0288,D1339,医師_D1339
GLI,R,F0263,医療機関0263,D1343,医師_D1343
GLI,R,F0115,医療機関0115,D1345,医師_D1345
GLI,R,F0036,医療機関0036,D1346,医師_D1346
GLI,R,F0001,医療機関0001,D1349,医師_D1349
GLI,R,F0022,医療機関0022,D1353,医師_D1353
GLI,R,F0140,医療機関0140,D1354,医師_D1354
GLI,R,F0159,医療機関0159,D1357,医師_D1357
GLI,R,F0160,医療機関0160,D1358,医師_D1358
GLI,R,F0057,医療機関0057,D1360,医師_D1360
GLI,R,F0252,医療機関0252,D1361,医師_D1361
GLI,R,F0223,医療機関0223,D1366,医師_D1366
GLI,R,F0112,医療機関0112,D1367,医師_D1367
GLI,R,F0141,医療機関0141,D1368,医師_D1368
GLI,R,F0205,医療機関0205,D1373,医師_D1373
GLI,R,F0018,医療機関0018,D1379,医師_D1379
GLI,R,F0187,医療機関0187,D1382,医師_D1382
GLI,R,F0017,医療機関0017,D1383,医師_D1383
GLI,R,F0226,医療機関0226,D1384,医師_D1384
GLI,R,F0249,医療機関0249,D1387,医師_D1387
GLI,R,F0087,医療機関0087,D1393,医師_D1393
GLI,R,F0227,医療機関0227,D1395,医師_D1395
GLI,R,F0001,医療機関0001,D1396,医師_D1396
GLI,W,F0185,医療機関0185,D0001,医師_D0001
GLI,W,F0234,医療機関0234,D0002,医師_D0002
GLI,W,F0222,医療機関0222,D0003,医師_D0003
GLI,W,F0041,医療機関0041,D0004,医師_D0004
GLI,W,F0248,医療機関0248,D0005,医師_D0005
GLI,W,F0097,医療機関0097,D0007,医師_D0007
GLI,W,F0155,医療機関0155,D0008,医師_D0008
GLI,W,F0291,医療機関0291,D0009,医師_D0009
GLI,W,F0258,医療機関0258,D0010,医師_D0010
GLI,W,F0251,医療機関0251,D0011,医師_D0011
GLI,W,F0139,医療機関0139,D0012,医師_D0012
GLI,W,F0236,医療機関0236,D0013,医師_D0013
GLI,W,F0116,医療機関0116,D0014,医師_D0014
GLI,W,F0206,医療機関0206,D0015,医師_D0015
GLI,W,F0075,医療機関0075,D0017,医師_D0017
GLI,W,F0019,医療機関0019,D0019,医師_D0019
GLI,W,F0042,医療機関0042,D0020,医師_D0020
GLI,W,F0131,医療機関0131,D0021,医師_D0021
GLI,W,F0050,医療機関0050,D0023,医師_D0023
GLI,W,F0182,医療機関0182,D0025,医師_D0025
GLI,W,F0070,医療機関0070,D0026,医師_D0026
GLI,W,F0111,医療機関0111,D0028,医師_D0028
GLI,W,F0152,医療機関0152,D0029,医師_D0029
GLI,W,F0222,医療機関0222,D0031,医師_D0031
GLI,W,F0099,医療機関0099,D0032,医師_D0032
GLI,W,F0114,医療機関0114,D0034,医師_D0034
GLI,W,F0206,医療機関0206,D0036,医師_D0036
GLI,W,F0071,医療機関0071,D0037,医師_D0037
GLI,W,F0090,医療機関0090,D0038,医師_D0038
GLI,W,F0238,医療機関0238,D0039,医師_D0039
GLI,W,F0285,医療機関0285,D0040,医師_D0040
GLI,W,F0275,医療機関0275,D0042,医師_D0042
GLI,W,F0257,医療機関0257,D0043,医師_D0043
GLI,W,F0145,医療機関0145,D0044,医師_D0044
GLI,W,F0161,医療機関0161,D0048,医師_D0048
GLI,W,F0289,医療機関0289,D0049,医師_D0049
GLI,W,F0255,医療機関0255,D0050,医師_D0050
GLI,W,F0061,医療機関0061,D0053,医師_D0053
GLI,W,F0242,医療機関0242,D0054,医師_D0054
GLI,W,F0166,医療機関0166,D0055,医師_D0055
GLI,W,F0160,医療機関0160,D0056,医師_D0056
GLI,W,F0230,医療機関0230,D0057,医師_D0057
GLI,W,F0022,医療機関0022,D0059,医師_D0059
GLI,W,F0054,医療機関0054,D0061,医師_D0061
GLI,W,F0221,医療機関0221,D0062,医師_D0062
GLI,W,F0011,医療機関0011,D0063,医師_D0063
GLI,W,F0061,医療機関0061,D0064,医師_D0064
GLI,W,F0180,医療機関0180,D0065,医師_D0065
GLI,W,F0151,医療機関0151,D0067,医師_D0067
GLI,W,F0259,医療機関0259,D0068,医師_D0068
GLI,W,F0276,医療機関0276,D0069,医師_D0069
GLI,W,F0040,医療機関0040,D0070,医師_D0070
GLI,W,F0286,医療機関0286,D0071,医師_D0071
GLI,W,F0185,医療機関0185,D0072,医師_D0072
GLI,W,F0029,医療機関0029,D0074,医師_D0074
GLI,W,F0187,医療機関0187,D0075,医師_D0075
GLI,W,F0218,医療機関0218,D0076,医師_D0076
GLI,W,F0175,医療機関0175,D0077,医師_D0077
GLI,W,F0026,医療機関0026,D0078,医師_D0078
GLI,W,F0281,医療機関0281,D0080,医師_D0080
GLI,W,F0042,医療機関0042,D0082,医師_D0082
GLI,W,F0288,医療機関0288,D0083,医師_D0083
GLI,W,F0288,医療機関0288,D0084,医師_D0084
GLI,W,F0051,医療機関0051,D0085,医師_D0085
GLI,W,F0241,医療機関0241,D0086,医師_D0086
GLI,W,F0179,医療機関0179,D0088,医師_D0088
GLI,W,F0134,医療機関0134,D0089,医師_D0089
GLI,W,F0235,医療機関0235,D0090,医師_D0090
GLI,W,F0239,医療機関0239,D0092,医師_D0092
GLI,W,F0280,医療機関0280,D0093,医師_D0093
GLI,W,F0028,医療機関0028,D0095,医師_D0095
GLI,W,F0077,医療機関0077,D0096,医師_D0096
GLI,W,F0217,医療機関0217,D0097,医師_D0097
GLI,W,F0178,医療機関0178,D0098,医師_D0098
GLI,W,F0016,医療機関0016,D0099,医師_D0099
GLI,W,F0029,医療機関0029,D0100,医師_D0100
GLI,W,F0157,医療機関0157,D0101,医師_D0101
GLI,W,F0185,医療機関0185,D0102,医師_D0102
GLI,W,F0051,医療機関0051,D0103,医師_D0103
GLI,W,F0052,医療機関0052,D0104,医師_D0104
GLI,W,F0039,医療機関0039,D0105,医師_D0105
GLI,W,F0003,医療機関0003,D0107,医師_D0107
GLI,W,F0172,医療機関0172,D0108,医師_D0108
GLI,W,F0140,医療機関0140,D0110,医師_D0110
GLI,W,F0204,医療機関0204,D0111,医師_D0111
GLI,W,F0157,医療機関0157,D0112,医師_D0112
GLI,W,F0219,医療機関0219,D0113,医師_D0113
GLI,W,F0277,医療機関0277,D0115,医師_D0115
GLI,W,F0156,医療機関0156,D0117,医師_D0117
GLI,W,F0148,医療機関0148,D0118,医師_D0118
GLI,W,F0071,医療機関0071,D0119,医師_D0119
GLI,W,F0180,医療機関0180,D0120,医師_D0120
GLI,W,F0042,医療機関0042,D0121,医師_D0121
GLI,W,F0254,医療機関0254,D0123,医師_D0123
GLI,W,F0036,医療機関0036,D0124,医師_D0124
GLI,W,F0236,医療機関0236,D0125,医師_D0125
GLI,W,F0036,医療機関0036,D0126,医師_D0126
GLI,W,F0027,医療機関0027,D0128,医師_D0128
GLI,W,F0147,医療機関0147,D0129,医師_D0129
GLI,W,F0198,医療機関0198,D0130,医師_D0130
GLI,W,F0126,医療機関0126,D0132,医師_D0132
GLI,W,F0277,医療機関0277,D0133,医師_D0133
GLI,W,F0233,医療機関0233,D0134,医師_D0134
GLI,W,F0063,医療機関0063,D0135,医師_D0135
GLI,W,F0202,医療機関0202,D0136,医師_D0136
GLI,W,F0220,医療機関0220,D0137,医師_D0137
GLI,W,F0101,医療機関0101,D0138,医師_D0138
GLI,W,F0270,医療機関0270,D0140,医師_D0140
GLI,W,F0246,医療機関0246,D0141,医師_D0141
GLI,W,F0229,医療機関0229,D0142,医師_D0142
GLI,W,F0191,医療機関0191,D0143,医師_D0143
GLI,W,F0239,医療機関0239,D0145,医師_D0145
GLI,W,F0110,医療機関0110,D0146,医師_D0146
GLI,W,F0160,医療機関0160,D0147,医師_D0147
GLI,W,F0095,医療機関0095,D0148,医師_D0148
GLI,W,F0094,医療機関0094,D0149,医師_D0149
GLI,W,F0048,医療機関0048,D0150,医師_D0150
GLI,W,F0289,医療機関0289,D0151,医師_D0151
GLI,W,F0045,医療機関0045,D0152,医師_D0152
GLI,W,F0026,医療機関0026,D0153,医師_D0153
GLI,W,F0167,医療機関0167,D0155,医師_D0155
GLI,W,F0132,医療機関0132,D0156,医師_D0156
GLI,W,F0222,医療機関0222,D0157,医師_D0157
GLI,W,F0115,医療機関0115,D0158,医師_D0158
GLI,W,F0219,医療機関0219,D0160,医師_D0160
GLI,W,F0053,医療機関0053,D0161,医師_D0161
GLI,W,F0166,医療機関0166,D0162,医師_D0162
GLI,W,F0285,医療機関0285,D0163,医師_D0163
GLI,W,F0109,医療機関0109,D0165,医師_D0165
GLI,W,F0235,医療機関0235,D0166,医師_D0166
GLI,W,F0144,医療機関0144,D0168,医師_D0168
GLI,W,F0113,医療機関0113,D0170,医師_D0170
GLI,W,F0196,医療機関0196,D0171,医師_D0171
GLI,W,F0296,医療機関0296,D0172,医師_D0172
GLI,W,F0216,医療機関0216,D0174,医師_D0174
GLI,W,F0286,医療機関0286,D0176,医師_D0176
GLI,W,F0128,医療機関0128,D0177,医師_D0177
GLI,W,F0256,医療機関0256,D0180,医師_D0180
GLI,W,F0264,医療機関0264,D0181,医師_D0181
GLI,W,F0192,医療機関0192,D0182,医師_D0182
GLI,W,F0037,医療機関0037,D0184,医師_D0184
GLI,W,F0144,医療機関0144,D0185,医師_D0185
GLI,W,F0177,医療機関0177,D0186,医師_D0186
GLI,W,F0010,医療機関0010,D0187,医師_D0187
GLI,W,F0206,医療機関0206,D0188,医師_D0188
GLI,W,F0164,医療機関0164,D0189,医師_D0189
GLI,W,F0004,医療機関0004,D0190,医師_D0190
GLI,W,F0217,医療機関0217,D0193,医師_D0193
GLI,W,F0248,医療機関0248,D0194,医師_D0194
GLI,W,F0089,医療機関0089,D0196,医師_D0196
GLI,W,F0291,医療機関0291,D0197,医師_D0197
GLI,W,F0138,医療機関0138,D0198,医師_D0198
GLI,W,F0095,医療機関0095,D0199,医師_D0199
GLI,W,F0133,医療機関0133,D0200,医師_D0200
GLI,W,F0004,医療機関0004,D0201,医師_D0201
GLI,W,F0091,医療機関0091,D0202,医師_D0202
GLI,W,F0276,医療機関0276,D0204,医師_D0204
GLI,W,F0222,医療機関0222,D0205,医師_D0205
GLI,W,F0164,医療機関0164,D0207,医師_D0207
GLI,W,F0034,医療機関0034,D0208,医師_D0208
GLI,W,F0118,医療機関0118,D0209,医師_D0209
GLI,W,F0300,医療機関0300,D0210,医師_D0210
GLI,W,F0014,医療機関0014,D0211,医師_D0211
GLI,W,F0264,医療機関0264,D0212,医師_D0212
GLI,W,F0206,医療機関0206,D0213,医師_D0213
GLI,W,F0086,医療機関0086,D0214,医師_D0214
GLI,W,F0200,医療機関0200,D0219,医師_D0219
GLI,W,F0300,医療機関0300,D0220,医師_D0220
GLI,W,F0008,医療機関0008,D0221,医師_D0221
GLI,W,F0200,医療機関0200,D0222,医師_D0222
GLI,W,F0187,医療機関0187,D0225,医師_D0225
GLI,W,F0028,医療機関0028,D0226,医師_D0226
GLI,W,F0205,医療機関0205,D0227,医師_D0227
GLI,W,F0270,医療機関0270,D0228,医師_D0228
GLI,W,F0260,医療機関0260,D0229,医師_D0229
GLI,W,F0009,医療機関0009,D0230,医師_D0230
GLI,W,F0074,医療機関0074,D0231,医師_D0231
GLI,W,F0073,医療機関0073,D0232,医師_D0232
GLI,W,F0136,医療機関0136,D0233,医師_D0233
GLI,W,F0257,医療機関0257,D0235,医師_D0235
GLI,W,F0234,医療機関0234,D0236,医師_D0236
GLI,W,F0243,医療機関0243,D0237,医師_D0237
GLI,W,F0060,医療機関0060,D0238,医師_D0238
GLI,W,F0005,医療機関0005,D0239,医師_D0239
GLI,W,F0087,医療機関0087,D0241,医師_D0241
GLI,W,F0197,医療機関0197,D0242,医師_D0242
GLI,W,F0273,医療機関0273,D0243,医師_D0243
GLI,W,F0011,医療機関0011,D0244,医師_D0244
GLI,W,F0002,医療機関0002,D0246,医師_D0246
GLI,W,F0016,医療機関0016,D0248,医師_D0248
GLI,W,F0246,医療機関0246,D0249,医師_D0249
GLI,W,F0182,医療機関0182,D0250,医師_D0250
GLI,W,F0295,医療機関0295,D0251,医師_D0251
GLI,W,F0072,医療機関0072,D0254,医師_D0254
GLI,W,F0074,医療機関0074,D0257,医師_D0257
GLI,W,F0018,医療機関0018,D0258,医師_D0258
GLI,W,F0201,医療機関0201,D0259,医師_D0259
GLI,W,F0241,医療機関0241,D0260,医師_D0260
GLI,W,F0279,医療機関0279,D0262,医師_D0262
GLI,W,F0232,医療機関0232,D0264,医師_D0264
GLI,W,F0254,医療機関0254,D0265,医師_D0265
GLI,W,F0246,医療機関0246,D0267,医師_D0267
GLI,W,F0134,医療機関0134,D0269,医師_D0269
GLI,W,F0013,医療機関0013,D0270,医師_D0270
GLI,W,F0137,医療機関0137,D0271,医師_D0271
GLI,W,F0061,医療機関0061,D0272,医師_D0272
GLI,W,F0035,医療機関0035,D0273,医師_D0273
GLI,W,F0210,医療機関0210,D0275,医師_D0275
GLI,W,F0152,医療機関0152,D0276,医師_D0276
GLI,W,F0162,医療機関0162,D0277,医師_D0277
GLI,W,F0224,医療機関0224,D0278,医師_D0278
GLI,W,F0256,医療機関0256,D0282,医師_D0282
GLI,W,F0135,医療機関0135,D0283,医師_D0283
GLI,W,F0047,医療機関0047,D0284,医師_D0284
GLI,W,F0244,医療機関0244,D0285,医師_D0285
GLI,W,F0221,医療機関0221,D0286,医師_D0286
GLI,W,F0016,医療機関0016,D0287,医師_D0287
GLI,W,F0058,医療機関0058,D0288,医師_D0288
GLI,W,F0005,医療機関0005,D0289,医師_D0289
GLI,W,F0082,医療機関0082,D0290,医師_D0290
GLI,W,F0030,医療機関0030,D0291,医師_D0291
GLI,W,F0157,医療機関0157,D0293,医師_D0293
GLI,W,F0295,医療機関0295,D0294,医師_D0294
GLI,W,F0225,医療機関0225,D0295,医師_D0295
GLI,W,F0184,医療機関0184,D0296,医師_D0296
GLI,W,F0153,医療機関0153,D0297,医師_D0297
GLI,W,F0017,医療機関0017,D0298,医師_D0298
GLI,W,F0185,医療機関0185,D0300,医師_D0300
GLI,W,F0002,医療機関0002,D0301,医師_D0301
GLI,W,F0013,医療機関0013,D0302,医師_D0302
GLI,W,F0066,医療機関0066,D0303,医師_D0303
GLI,W,F0266,医療機関0266,D0304,医師_D0304
GLI,W,F0138,医療機関0138,D0305,医師_D0305
GLI,W,F0213,医療機関0213,D0306,医師_D0306
GLI,W,F0124,医療機関0124,D0307,医師_D0307
GLI,W,F0052,医療機関0052,D0308,医師_D0308
GLI,W,F0028,医療機関0028,D0310,医師_D0310
GLI,W,F0232,医療機関0232,D0311,医師_D0311
GLI,W,F0295,医療機関0295,D0314,医師_D0314
GLI,W,F0138,医療機関0138,D0316,医師_D0316
GLI,W,F0163,医療機関0163,D0317,医師_D0317
GLI,W,F0077,医療機関0077,D0319,医師_D0319
GLI,W,F0191,医療機関0191,D0320,医師_D0320
GLI,W,F0262,医療機関0262,D0321,医師_D0321
GLI,W,F0134,医療機関0134,D0323,医師_D0323
GLI,W,F0044,医療機関0044,D0324,医師_D0324
GLI,W,F0075,医療機関0075,D0325,医師_D0325
GLI,W,F0284,医療機関0284,D0326,医師_D0326
GLI,W,F0163,医療機関0163,D0327,医師_D0327
GLI,W,F0091,医療機関0091,D0328,医師_D0328
GLI,W,F0126,医療機関0126,D0329,医師_D0329
GLI,W,F0162,医療機関0162,D0331,医師_D0331
GLI,W,F0210,医療機関0210,D0332,医師_D0332
GLI,W,F0078,医療機関0078,D0333,医師_D0333
GLI,W,F0283,医療機関0283,D0336,医師_D0336
GLI,W,F0048,医療機関0048,D0337,医師_D0337
GLI,W,F0045,医療機関0045,D0338,医師_D0338
GLI,W,F0208,医療機関0208,D0341,医師_D0341
GLI,W,F0122,医療機関0122,D0342,医師_D0342
GLI,W,F0275,医療機関0275,D0343,医師_D0343
GLI,W,F0143,医療機関0143,D0344,医師_D0344
GLI,W,F0039,医療機関0039,D0345,医師_D0345
GLI,W,F0036,医療機関0036,D0346,医師_D0346
GLI,W,F0293,医療機関0293,D0347,医師_D0347
GLI,W,F0285,医療機関0285,D0349,医師_D0349
GLI,W,F0084,医療機関0084,D0350,医師_D0350
GLI,W,F0092,医療機関0092,D0352,医師_D0352
GLI,W,F0185,医療機関0185,D0353,医師_D0353
GLI,W,F0129,医療機関0129,D0354,医師_D0354
GLI,W,F0184,医療機関0184,D0356,医師_D0356
GLI,W,F0292,医療機関0292,D0359,医師_D0359
GLI,W,F0124,医療機関0124,D0360,医師_D0360
GLI,W,F0047,医療機関0047,D0361,医師_D0361
GLI,W,F0123,医療機関0123,D0362,医師_D0362
GLI,W,F0253,医療機関0253,D0363,医師_D0363
GLI,W,F0285,医療機関0285,D0365,医師_D0365
GLI,W,F0177,医療機関0177,D0366,医師_D0366
GLI,W,F0181,医療機関0181,D0367,医師_D0367
GLI,W,F0277,医療機関0277,D0369,医師_D0369
GLI,W,F0011,医療機関0011,D0370,医師_D0370
GLI,W,F0090,医療機関0090,D0371,医師_D0371
GLI,W,F0126,医療機関0126,D0372,医師_D0372
GLI,W,F0144,医療機関0144,D0373,医師_D0373
GLI,W,F0045,医療機関0045,D0375,医師_D0375
GLI,W,F0068,医療機関0068,D0376,医師_D0376
GLI,W,F0029,医療機関0029,D0377,医師_D0377
GLI,W,F0172,医療機関0172,D0378,医師_D0378
GLI,W,F0211,医療機関0211,D0382,医師_D0382
GLI,W,F0177,医療機関0177,D0385,医師_D0385
GLI,W,F0196,医療機関0196,D0386,医師_D0386
GLI,W,F0185,医療機関0185,D0387,医師_D0387
GLI,W,F0095,医療機関0095,D0388,医師_D0388
GLI,W,F0074,医療機関0074,D0389,医師_D0389
GLI,W,F0237,医療機関0237,D0390,医師_D0390
GLI,W,F0103,医療機関0103,D0391,医師_D0391
GLI,W,F0165,医療機関0165,D0392,医師_D0392
GLI,W,F0060,医療機関0060,D0393,医師_D0393
GLI,W,F0130,医療機関0130,D0394,医師_D0394
GLI,W,F0159,医療機関0159,D0395,医師_D0395
GLI,W,F0188,医療機関0188,D0396,医師_D0396
GLI,W,F0158,医療機関0158,D0397,医師_D0397
GLI,W,F0289,医療機関0289,D0399,医師_D0399
GLI,W,F0154,医療機関0154,D0400,医師_D0400
GLI,W,F0168,医療機関0168,D0403,医師_D0403
GLI,W,F0266,医療機関0266,D0404,医師_D0404
GLI,W,F0039,医療機関0039,D0405,医師_D0405
GLI,W,F0256,医療機関0256,D0407,医師_D0407
GLI,W,F0152,医療機関0152,D0408,医師_D0408
GLI,W,F0221,医療機関0221,D0409,医師_D0409
GLI,W,F0240,医療機関0240,D0412,医師_D0412
GLI,W,F0156,医療機関0156,D0415,医師_D0415
GLI,W,F0252,医療機関0252,D0416,医師_D0416
GLI,W,F0116,医療機関0116,D0417,医師_D0417
GLI,W,F0149,医療機関0149,D0418,医師_D0418
GLI,W,F0013,医療機関0013,D0419,医師_D0419
GLI,W,F0035,医療機関0035,D0420,医師_D0420
GLI,W,F0017,医療機関0017,D0421,医師_D0421
GLI,W,F0022,医療機関0022,D0422,医師_D0422
GLI,W,F0261,医療機関0261,D0423,医師_D0423
GLI,W,F0253,医療機関0253,D0424,医師_D0424
GLI,W,F0247,医療機関0247,D0425,医師_D0425
GLI,W,F0017,医療機関0017,D0426,医師_D0426
GLI,W,F0024,医療機関0024,D0427,医師_D0427
GLI,W,F0085,医療機関0085,D0428,医師_D0428
GLI,W,F0170,医療機関0170,D0429,医師_D0429
GLI,W,F0101,医療機関0101,D0430,医師_D0430
GLI,W,F0052,医療機関0052,D0432,医師_D0432
GLI,W,F0095,医療機関0095,D0434,医師_D0434
GLI,W,F0020,医療機関0020,D0435,医師_D0435
GLI,W,F0223,医療機関0223,D0436,医師_D0436
GLI,W,F0271,医療機関0271,D0437,医師_D0437
GLI,W,F0005,医療機関0005,D0438,医師_D0438
GLI,W,F0132,医療機関0132,D0439,医師_D0439
GLI,W,F0249,医療機関0249,D0440,医師_D0440
GLI,W,F0212,医療機関0212,D0441,医師_D0441
GLI,W,F0257,医療機関0257,D0442,医師_D0442
GLI,W,F0125,医療機関0125,D0443,医師_D0443
GLI,W,F0112,医療機関0112,D0444,医師_D0444
GLI,W,F0213,医療機関0213,D0445,医師_D0445
GLI,W,F0047,医療機関0047,D0446,医師_D0446
GLI,W,F0181,医療機関0181,D0448,医師_D0448
GLI,W,F0036,医療機関0036,D0450,医師_D0450
GLI,W,F0153,医療機関0153,D0451,医師_D0451
GLI,W,F0110,医療機関0110,D0452,医師_D0452
GLI,W,F0299,医療機関0299,D0456,医師_D0456
GLI,W,F0135,医療機関0135,D0457,医師_D0457
GLI,W,F0232,医療機関0232,D0458,医師_D0458
GLI,W,F0128,医療機関0128,D0459,医師_D0459
GLI,W,F0094,医療機関0094,D0460,医師_D0460
GLI,W,F0044,医療機関0044,D0463,医師_D0463
GLI,W,F0226,医療機関0226,D0465,医師_D0465
GLI,W,F0117,医療機関0117,D0466,医師_D0466
GLI,W,F0278,医療機関0278,D0467,医師_D0467
GLI,W,F0193,医療機関0193,D0468,医師_D0468
GLI,W,F0101,医療機関0101,D0469,医師_D0469
GLI,W,F0004,医療機関0004,D0470,医師_D0470
GLI,W,F0063,医療機関0063,D0472,医師_D0472
GLI,W,F0227,医療機関0227,D0473,医師_D0473
GLI,W,F0141,医療機関0141,D0475,医師_D0475
GLI,W,F0050,医療機関0050,D0476,医師_D0476
GLI,W,F0214,医療機関0214,D0477,医師_D0477
GLI,W,F0050,医療機関0050,D0478,医師_D0478
GLI,W,F0126,医療機関0126,D0479,医師_D0479
GLI,W,F0251,医療機関0251,D0480,医師_D0480
GLI,W,F0297,医療機関0297,D0482,医師_D0482
GLI,W,F0288,医療機関0288,D0483,医師_D0483
GLI,W,F0167,医療機関0167,D0484,医師_D0484
GLI,W,F0061,医療機関0061,D0485,医師_D0485
GLI,W,F0252,医療機関0252,D0486,医師_D0486
GLI,W,F0241,医療機関0241,D0487,医師_D0487
GLI,W,F0298,医療機関0298,D0488,医師_D0488
GLI,W,F0196,医療機関0196,D0489,医師_D0489
GLI,W,F0043,医療機関0043,D0490,医師_D0490
GLI,W,F0151,医療機関0151,D0491,医師_D0491
GLI,W,F0253,医療機関0253,D0493,医師_D0493
GLI,W,F0099,医療機関0099,D0495,医師_D0495
GLI,W,F0025,医療機関0025,D0496,医師_D0496
GLI,W,F0251,医療機関0251,D0497,医師_D0497
GLI,W,F0227,医療機関0227,D0498,医師_D0498
GLI,W,F0144,医療機関0144,D0501,医師_D0501
GLI,W,F0141,医療機関0141,D0502,医師_D0502
GLI,W,F0276,医療機関0276,D0503,医師_D0503
GLI,W,F0092,医療機関0092,D0505,医師_D0505
GLI,W,F0074,医療機関0074,D0507,医師_D0507
GLI,W,F0273,医療機関0273,D0508,医師_D0508
GLI,W,F0283,医療機関0283,D0509,医師_D0509
GLI,W,F0190,医療機関0190,D0511,医師_D0511
GLI,W,F0070,医療機関0070,D0512,医師_D0512
GLI,W,F0058,医療機関0058,D0513,医師_D0513
GLI,W,F0088,医療機関0088,D0514,医師_D0514
GLI,W,F0059,医療機関0059,D0515,医師_D0515
GLI,W,F0176,医療機関0176,D0518,医師_D0518
GLI,W,F0074,医療機関0074,D0524,医師_D0524
GLI,W,F0257,医療機関0257,D0527,医師_D0527
GLI,W,F0202,医療機関0202,D0532,医師_D0532
GLI,W,F0229,医療機関0229,D0534,医師_D0534
GLI,W,F0018,医療機関0018,D0536,医師_D0536
GLI,W,F0218,医療機関0218,D0537,医師_D0537
GLI,W,F0110,医療機関0110,D0538,医師_D0538
GLI,W,F0224,医療機関0224,D0539,医師_D0539
GLI,W,F0162,医療機関0162,D0540,医師_D0540
GLI,W,F0265,医療機関0265,D0541,医師_D0541
GLI,W,F0102,医療機関0102,D0542,医師_D0542
GLI,W,F0280,医療機関0280,D0543,医師_D0543
GLI,W,F0254,医療機関0254,D0544,医師_D0544
GLI,W,F0100,医療機関0100,D0545,医師_D0545
GLI,W,F0160,医療機関0160,D0547,医師_D0547
GLI,W,F0231,医療機関0231,D0548,医師_D0548
GLI,W,F0207,医療機関0207,D0549,医師_D0549
GLI,W,F0256,医療機関0256,D0550,医師_D0550
GLI,W,F0111,医療機関0111,D0551,医師_D0551
GLI,W,F0152,医療機関0152,D0552,医師_D0552
GLI,W,F0130,医療機関0130,D0553,医師_D0553
GLI,W,F0273,医療機関0273,D0554,医師_D0554
GLI,W,F0092,医療機関0092,D0555,医師_D0555
GLI,W,F0177,医療機関0177,D0556,医師_D0556
GLI,W,F0256,医療機関0256,D0558,医師_D0558
GLI,W,F0175,医療機関0175,D0561,医師_D0561
GLI,W,F0150,医療機関0150,D0562,医師_D0562
GLI,W,F0160,医療機関0160,D0564,医師_D0564
GLI,W,F0156,医療機関0156,D0565,医師_D0565
GLI,W,F0007,医療機関0007,D0567,医師_D0567
GLI,W,F0120,医療機関0120,D0568,医師_D0568
GLI,W,F0276,医療機関0276,D0570,医師_D0570
GLI,W,F0118,医療機関0118,D0573,医師_D0573
GLI,W,F0054,医療機関0054,D0574,医師_D0574
GLI,W,F0095,医療機関0095,D0577,医師_D0577
GLI,W,F0058,医療機関0058,D0578,医師_D0578
GLI,W,F0008,医療機関0008,D0580,医師_D0580
GLI,W,F0279,医療機関0279,D0582,医師_D0582
GLI,W,F0208,医療機関0208,D0583,医師_D0583
GLI,W,F0135,医療機関0135,D0584,医師_D0584
GLI,W,F0127,医療機関0127,D0585,医師_D0585
GLI,W,F0093,医療機関0093,D0586,医師_D0586
GLI,W,F0043,医療機関0043,D0587,医師_D0587
GLI,W,F0180,医療機関0180,D0588,医師_D0588
GLI,W,F0170,医療機関0170,D0589,医師_D0589
GLI,W,F0003,医療機関0003,D0590,医師_D0590
GLI,W,F0084,医療機関0084,D0592,医師_D0592
GLI,W,F0211,医療機関0211,D0594,医師_D0594
GLI,W,F0191,医療機関0191,D0596,医師_D0596
GLI,W,F0215,医療機関0215,D0597,医師_D0597
GLI,W,F0295,医療機関0295,D0598,医師_D0598
GLI,W,F0241,医療機関0241,D0599,医師_D0599
GLI,W,F0187,医療機関0187,D0600,医師_D0600
GLI,W,F0296,医療機関0296,D0603,医師_D0603
GLI,W,F0229,医療機関0229,D0604,医師_D0604
GLI,W,F0196,医療機関0196,D0605,医師_D0605
GLI,W,F0155,医療機関0155,D0607,医師_D0607
GLI,W,F0217,医療機関0217,D0608,医師_D0608
GLI,W,F0086,医療機関0086,D0609,医師_D0609
GLI,W,F0289,医療機関0289,D0610,医師_D0610
GLI,W,F0188,医療機関0188,D0611,医師_D0611
GLI,W,F0235,医療機関0235,D0612,医師_D0612
GLI,W,F0035,医療機関0035,D0616,医師_D0616
GLI,W,F0153,医療機関0153,D0617,医師_D0617
GLI,W,F0220,医療機関0220,D0618,医師_D0618
GLI,W,F0243,医療機関0243,D0619,医師_D0619
GLI,W,F0133,医療機関0133,D0620,医師_D0620
GLI,W,F0195,医療機関0195,D0621,医師_D0621
GLI,W,F0166,医療機関0166,D0622,医師_D0622
GLI,W,F0289,医療機関0289,D0623,医師_D0623
GLI,W,F0197,医療機関0197,D0624,医師_D0624
GLI,W,F0291,医療機関0291,D0626,医師_D0626
GLI,W,F0033,医療機関0033,D0627,医師_D0627
GLI,W,F0296,医療機関0296,D0628,医師_D0628
GLI,W,F0047,医療機関0047,D0629,医師_D0629
GLI,W,F0087,医療機関0087,D0630,医師_D0630
GLI,W,F0247,医療機関0247,D0631,医師_D0631
GLI,W,F0221,医療機関0221,D0632,医師_D0632
GLI,W,F0292,医療機関0292,D0633,医師_D0633
GLI,W,F0225,医療機関0225,D0634,医師_D0634
GLI,W,F0192,医療機関0192,D0635,医師_D0635
GLI,W,F0104,医療機関0104,D0636,医師_D0636
GLI,W,F0002,医療機関0002,D0637,医師_D0637
GLI,W,F0038,医療機関0038,D0638,医師_D0638
GLI,W,F0090,医療機関0090,D0639,医師_D0639
GLI,W,F0013,医療機関0013,D0640,医師_D0640
GLI,W,F0234,医療機関0234,D0642,医師_D0642
GLI,W,F0147,医療機関0147,D0644,医師_D0644
GLI,W,F0296,医療機関0296,D0646,医師_D0646
GLI,W,F0258,医療機関0258,D0647,医師_D0647
GLI,W,F0140,医療機関0140,D0648,医師_D0648
GLI,W,F0098,医療機関0098,D0649,医師_D0649
GLI,W,F0294,医療機関0294,D0650,医師_D0650
GLI,W,F0073,医療機関0073,D0651,医師_D0651
GLI,W,F0124,医療機関0124,D0652,医師_D0652
GLI,W,F0239,医療機関0239,D0654,医師_D0654
GLI,W,F0195,医療機関0195,D0655,医師_D0655
GLI,W,F0026,医療機関0026,D0656,医師_D0656
GLI,W,F0067,医療機関0067,D0657,医師_D0657
GLI,W,F0167,医療機関0167,D0658,医師_D0658
GLI,W,F0163,医療機関0163,D0659,医師_D0659
GLI,W,F0241,医療機関0241,D0660,医師_D0660
GLI,W,F0080,医療機関0080,D0661,医師_D0661
GLI,W,F0134,医療機関0134,D0663,医師_D0663
GLI,W,F0247,医療機関0247,D0664,医師_D0664
GLI,W,F0072,医療機関0072,D0665,医師_D0665
GLI,W,F0017,医療機関0017,D0667,医師_D0667
GLI,W,F0112,医療機関0112,D0668,医師_D0668
GLI,W,F0015,医療機関0015,D0670,医師_D0670
GLI,W,F0203,医療機関0203,D0674,医師_D0674
GLI,W,F0229,医療機関0229,D0675,医師_D0675
GLI,W,F0214,医療機関0214,D0676,医師_D0676
GLI,W,F0198,医療機関0198,D0677,医師_D0677
GLI,W,F0233,医療機関0233,D0678,医師_D0678
GLI,W,F0260,医療機関0260,D0680,医師_D0680
GLI,W,F0222,医療機関0222,D0681,医師_D0681
GLI,W,F0222,医療機関0222,D0682,医師_D0682
GLI,W,F0115,医療機関0115,D0685,医師_D0685
GLI,W,F0015,医療機関0015,D0686,医師_D0686
GLI,W,F0273,医療機関0273,D0687,医師_D0687
GLI,W,F0071,医療機関0071,D0688,医師_D0688
GLI,W,F0031,医療機関0031,D0689,医師_D0689
GLI,W,F0187,医療機関0187,D0690,医師_D0690
GLI,W,F0071,医療機関0071,D0691,医師_D0691
GLI,W,F0258,医療機関0258,D0692,医師_D0692
GLI,W,F0134,医療機関0134,D0693,医師_D0693
GLI,W,F0002,医療機関0002,D0694,医師_D0694
GLI,W,F0286,医療機関0286,D0695,医師_D0695
GLI,W,F0079,医療機関0079,D0697,医師_D0697
GLI,W,F0204,医療機関0204,D0698,医師_D0698
GLI,W,F0160,医療機関0160,D0699,医師_D0699
GLI,W,F0009,医療機関0009,D0700,医師_D0700
GLI,W,F0210,医療機関0210,D0703,医師_D0703
GLI,W,F0269,医療機関0269,D0704,医師_D0704
GLI,W,F0202,医療機関0202,D0706,医師_D0706
GLI,W,F0077,医療機関0077,D0707,医師_D0707
GLI,W,F0072,医療機関0072,D0708,医師_D0708
GLI,W,F0256,医療機関0256,D0710,医師_D0710
GLI,W,F0105,医療機関0105,D0712,医師_D0712
GLI,W,F0234,医療機関0234,D0713,医師_D0713
GLI,W,F0257,医療機関0257,D0714,医師_D0714
GLI,W,F0271,医療機関0271,D0715,医師_D0715
GLI,W,F0090,医療機関0090,D0716,医師_D0716
GLI,W,F0178,医療機関0178,D0718,医師_D0718
GLI,W,F0135,医療機関0135,D0719,医師_D0719
GLI,W,F0120,医療機関0120,D0720,医師_D0720
GLI,W,F0035,医療機関0035,D0721,医師_D0721
GLI,W,F0083,医療機関0083,D0722,医師_D0722
GLI,W,F0266,医療機関0266,D0724,医師_D0724
GLI,W,F0260,医療機関0260,D0725,医師_D0725
GLI,W,F0204,医療機関0204,D0727,医師_D0727
GLI,W,F0026,医療機関0026,D0728,医師_D0728
GLI,W,F0203,医療機関0203,D0729,医師_D0729
GLI,W,F0103,医療機関0103,D0730,医師_D0730
GLI,W,F0135,医療機関0135,D0731,医師_D0731
GLI,W,F0216,医療機関0216,D0732,医師_D0732
GLI,W,F0128,医療機関0128,D0733,医師_D0733
GLI,W,F0243,医療機関0243,D0734,医師_D0734
GLI,W,F0161,医療機関0161,D0735,医師_D0735
GLI,W,F0300,医療機関0300,D0736,医師_D0736
GLI,W,F0192,医療機関0192,D0737,医師_D0737
GLI,W,F0123,医療機関0123,D0740,医師_D0740
GLI,W,F0161,医療機関0161,D0741,医師_D0741
GLI,W,F0042,医療機関0042,D0742,医師_D0742
GLI,W,F0036,医療機関0036,D0743,医師_D0743
GLI,W,F0173,医療機関0173,D0744,医師_D0744
GLI,W,F0057,医療機関0057,D0745,医師_D0745
GLI,W,F0257,医療機関0257,D0747,医師_D0747
GLI,W,F0211,医療機関0211,D0748,医師_D0748
GLI,W,F0118,医療機関0118,D0752,医師_D0752
GLI,W,F0275,医療機関0275,D0754,医師_D0754
GLI,W,F0066,医療機関0066,D0755,医師_D0755
GLI,W,F0150,医療機関0150,D0756,医師_D0756
GLI,W,F0104,医療機関0104,D0757,医師_D0757
GLI,W,F0031,医療機関0031,D0759,医師_D0759
GLI,W,F0025,医療機関0025,D0761,医師_D0761
GLI,W,F0021,医療機関0021,D0762,医師_D0762
GLI,W,F0167,医療機関0167,D0765,医師_D0765
GLI,W,F0006,医療機関0006,D0766,医師_D0766
GLI,W,F0091,医療機関0091,D0767,医師_D0767
GLI,W,F0136,医療機関0136,D0768,医師_D0768
GLI,W,F0289,医療機関0289,D0769,医師_D0769
GLI,W,F0191,医療機関0191,D0770,医師_D0770
GLI,W,F0265,医療機関0265,D0771,医師_D0771
GLI,W,F0127,医療機関0127,D0774,医師_D0774
GLI,W,F0267,医療機関0267,D0775,医師_D0775
GLI,W,F0288,医療機関0288,D0776,医師_D0776
GLI,W,F0289,医療機関0289,D0777,医師_D0777
GLI,W,F0226,医療機関0226,D0778,医師_D0778
GLI,W,F0151,医療機関0151,D0779,医師_D0779
GLI,W,F0086,医療機関0086,D0782,医師_D0782
GLI,W,F0105,医療機関0105,D0783,医師_D0783
GLI,W,F0270,医療機関0270,D0784,医師_D0784
GLI,W,F0116,医療機関0116,D0785,医師_D0785
GLI,W,F0071,医療機関0071,D0786,医師_D0786
GLI,W,F0169,医療機関0169,D0787,医師_D0787
GLI,W,F0268,医療機関0268,D0789,医師_D0789
GLI,W,F0273,医療機関0273,D0790,医師_D0790
GLI,W,F0092,医療機関0092,D0791,医師_D0791
GLI,W,F0159,医療機関0159,D0792,医師_D0792
GLI,W,F0223,医療機関0223,D0794,医師_D0794
GLI,W,F0065,医療機関0065,D0795,医師_D0795
GLI,W,F0178,医療機関0178,D0796,医師_D0796
GLI,W,F0186,医療機関0186,D0797,医師_D0797
GLI,W,F0197,医療機関0197,D0798,医師_D0798
GLI,W,F0008,医療機関0008,D0799,医師_D0799
GLI,W,F0090,医療機関0090,D0800,医師_D0800
GLI,W,F0257,医療機関0257,D0801,医師_D0801
GLI,W,F0054,医療機関0054,D0805,医師_D0805
GLI,W,F0105,医療機関0105,D0807,医師_D0807
GLI,W,F0019,医療機関0019,D0811,医師_D0811
GLI,W,F0169,医療機関0169,D0812,医師_D0812
GLI,W,F0238,医療機関0238,D0814,医師_D0814
GLI,W,F0259,医療機関0259,D0819,医師_D0819
GLI,W,F0077,医療機関0077,D0825,医師_D0825
GLI,W,F0202,医療機関0202,D0827,医師_D0827
GLI,W,F0271,医療機関0271,D0828,医師_D0828
GLI,W,F0237,医療機関0237,D0830,医師_D0830
GLI,W,F0142,医療機関0142,D0831,医師_D0831
GLI,W,F0056,医療機関0056,D0832,医師_D0832
GLI,W,F0052,医療機関0052,D0833,医師_D0833
GLI,W,F0169,医療機関0169,D0834,医師_D0834
GLI,W,F0129,医療機関0129,D0837,医師_D0837
GLI,W,F0096,医療機関0096,D0839,医師_D0839
GLI,W,F0234,医療機関0234,D0841,医師_D0841
GLI,W,F0154,医療機関0154,D0842,医師_D0842
GLI,W,F0281,医療機関0281,D0843,医師_D0843
GLI,W,F0130,医療機関0130,D0844,医師_D0844
GLI,W,F0011,医療機関0011,D0846,医師_D0846
GLI,W,F0282,医療機関0282,D0847,医師_D0847
GLI,W,F0013,医療機関0013,D0852,医師_D0852
GLI,W,F0016,医療機関0016,D0853,医師_D0853
GLI,W,F0296,医療機関0296,D0857,医師_D0857
GLI,W,F0137,医療機関0137,D0858,医師_D0858
GLI,W,F0080,医療機関0080,D0859,医師_D0859
GLI,W,F0155,医療機関0155,D0860,医師_D0860
GLI,W,F0238,医療機関0238,D0861,医師_D0861
GLI,W,F0015,医療機関0015,D0863,医師_D0863
GLI,W,F0016,医療機関0016,D0864,医師_D0864
GLI,W,F0256,医療機関0256,D0865,医師_D0865
GLI,W,F0191,医療機関0191,D0867,医師_D0867
GLI,W,F0270,医療機関0270,D0871,医師_D0871
GLI,W,F0210,医療機関0210,D0872,医師_D0872
GLI,W,F0294,医療機関0294,D0875,医師_D0875
GLI,W,F0091,医療機関0091,D0876,医師_D0876
GLI,W,F0119,医療機関0119,D0878,医師_D0878
GLI,W,F0070,医療機関0070,D0879,医師_D0879
GLI,W,F0125,医療機関0125,D0880,医師_D0880
GLI,W,F0046,医療機関0046,D0881,医師_D0881
GLI,W,F0049,医療機関0049,D0887,医師_D0887
GLI,W,F0001,医療機関0001,D0888,医師_D0888
GLI,W,F0034,医療機関0034,D0889,医師_D0889
GLI,W,F0083,医療機関0083,D0891,医師_D0891
GLI,W,F0130,医療機関0130,D0896,医師_D0896
GLI,W,F0166,医療機関0166,D0897,医師_D0897
GLI,W,F0141,医療機関0141,D0899,医師_D0899
GLI,W,F0253,医療機関0253,D0900,医師_D0900
GLI,W,F0079,医療機関0079,D0902,医師_D0902
GLI,W,F0097,医療機関0097,D0904,医師_D0904
GLI,W,F0275,医療機関0275,D0907,医師_D0907
GLI,W,F0144,医療機関0144,D0908,医師_D0908
GLI,W,F0205,医療機関0205,D0910,医師_D0910
GLI,W,F0101,医療機関0101,D0911,医師_D0911
GLI,W,F0069,医療機関0069,D0912,医師_D0912
GLI,W,F0224,医療機関0224,D0913,医師_D0913
GLI,W,F0100,医療機関0100,D0914,医師_D0914
GLI,W,F0280,医療機関0280,D0916,医師_D0916
GLI,W,F0145,医療機関0145,D0917,医師_D0917
GLI,W,F0149,医療機関0149,D0919,医師_D0919
GLI,W,F0139,医療機関0139,D0920,医師_D0920
GLI,W,F0214,医療機関0214,D0922,医師_D0922
GLI,W,F0058,医療機関0058,D0923,医師_D0923
GLI,W,F0046,医療機関0046,D0924,医師_D0924
GLI,W,F0015,医療機関0015,D0926,医師_D0926
GLI,W,F0096,医療機関0096,D0927,医師_D0927
GLI,W,F0042,医療機関0042,D0928,医師_D0928
GLI,W,F0007,医療機関0007,D0929,医師_D0929
GLI,W,F0276,医療機関0276,D0930,医師_D0930
GLI,W,F0027,医療機関0027,D0931,医師_D0931
GLI,W,F0003,医療機関0003,D0932,医師_D0932
GLI,W,F0280,医療機関0280,D0933,医師_D0933
GLI,W,F0057,医療機関0057,D0934,医師_D0934
GLI,W,F0245,医療機関0245,D0935,医師_D0935
GLI,W,F0010,医療機関0010,D0936,医師_D0936
GLI,W,F0047,医療機関0047,D0937,医師_D0937
GLI,W,F0212,医療機関0212,D0939,医師_D0939
GLI,W,F0187,医療機関0187,D0940,医師_D0940
GLI,W,F0143,医療機関0143,D0941,医師_D0941
GLI,W,F0171,医療機関0171,D0944,医師_D0944
GLI,W,F0070,医療機関0070,D0945,医師_D0945
GLI,W,F0178,医療機関0178,D0946,医師_D0946
GLI,W,F0149,医療機関0149,D0949,医師_D0949
GLI,W,F0257,医療機関0257,D0952,医師_D0952
GLI,W,F0186,医療機関0186,D0954,医師_D0954
GLI,W,F0138,医療機関0138,D0955,医師_D0955
GLI,W,F0049,医療機関0049,D0956,医師_D0956
GLI,W,F0270,医療機関0270,D0957,医師_D0957
GLI,W,F0232,医療機関0232,D0958,医師_D0958
GLI,W,F0299,医療機関0299,D0959,医師_D0959
GLI,W,F0077,医療機関0077,D0962,医師_D0962
GLI,W,F0276,医療機関0276,D0964,医師_D0964
GLI,W,F0137,医療機関0137,D0966,医師_D0966
GLI,W,F0182,医療機関0182,D0968,医師_D0968
GLI,W,F0273,医療機関0273,D0969,医師_D0969
GLI,W,F0296,医療機関0296,D0970,医師_D0970
GLI,W,F0109,医療機関0109,D0972,医師_D0972
GLI,W,F0221,医療機関0221,D0973,医師_D0973
GLI,W,F0244,医療機関0244,D0974,医師_D0974
GLI,W,F0096,医療機関0096,D0976,医師_D0976
GLI,W,F0240,医療機関0240,D0978,医師_D0978
GLI,W,F0034,医療機関0034,D0979,医師_D0979
GLI,W,F0181,医療機関0181,D0980,医師_D0980
GLI,W,F0065,医療機関0065,D0982,医師_D0982
GLI,W,F0125,医療機関0125,D0984,医師_D0984
GLI,W,F0096,医療機関0096,D0986,医師_D0986
GLI,W,F0247,医療機関0247,D0987,医師_D0987
GLI,W,F0024,医療機関0024,D0988,医師_D0988
GLI,W,F0259,医療機関0259,D0989,医師_D0989
GLI,W,F0116,医療機関0116,D0993,医師_D0993
GLI,W,F0006,医療機関0006,D0994,医師_D0994
GLI,W,F0211,医療機関0211,D0995,医師_D0995
GLI,W,F0198,医療機関0198,D0997,医師_D0997
GLI,W,F0218,医療機関0218,D0998,医師_D0998
GLI,W,F0254,医療機関0254,D0999,医師_D0999
GLI,W,F0213,医療機関0213,D1000,医師_D1000
GLI,W,F0091,医療機関0091,D1001,医師_D1001
GLI,W,F0222,医療機関0222,D1002,医師_D1002
GLI,W,F0248,医療機関0248,D1003,医師_D1003
GLI,W,F0038,医療機関0038,D1005,医師_D1005
GLI,W,F0268,医療機関0268,D1006,医師_D1006
GLI,W,F0179,医療機関0179,D1008,医師_D1008
GLI,W,F0038,医療機関0038,D1010,医師_D1010
GLI,W,F0044,医療機関0044,D1012,医師_D1012
GLI,W,F0202,医療機関0202,D1013,医師_D1013
GLI,W,F0208,医療機関0208,D1014,医師_D1014
GLI,W,F0019,医療機関0019,D1015,医師_D1015
GLI,W,F0153,医療機関0153,D1018,医師_D1018
GLI,W,F0298,医療機関0298,D1020,医師_D1020
GLI,W,F0080,医療機関0080,D1021,医師_D1021
GLI,W,F0002,医療機関0002,D1022,医師_D1022
GLI,W,F0278,医療機関0278,D1023,医師_D1023
GLI,W,F0167,医療機関0167,D1025,医師_D1025
GLI,W,F0298,医療機関0298,D1026,医師_D1026
GLI,W,F0174,医療機関0174,D1027,医師_D1027
GLI,W,F0117,医療機関0117,D1029,医師_D1029
GLI,W,F0039,医療機関0039,D1030,医師_D1030
GLI,W,F0172,医療機関0172,D1031,医師_D1031
GLI,W,F0270,医療機関0270,D1032,医師_D1032
GLI,W,F0265,医療機関0265,D1034,医師_D1034
GLI,W,F0125,医療機関0125,D1035,医師_D1035
GLI,W,F0161,医療機関0161,D1036,医師_D1036
GLI,W,F0050,医療機関0050,D1037,医師_D1037
GLI,W,F0187,医療機関0187,D1038,医師_D1038
GLI,W,F0055,医療機関0055,D1039,医師_D1039
GLI,W,F0217,医療機関0217,D1041,医師_D1041
GLI,W,F0135,医療機関0135,D1043,医師_D1043
GLI,W,F0179,医療機関0179,D1044,医師_D1044
GLI,W,F0040,医療機関0040,D1045,医師_D1045
GLI,W,F0089,医療機関0089,D1046,医師_D1046
GLI,W,F0104,医療機関0104,D1047,医師_D1047
GLI,W,F0200,医療機関0200,D1048,医師_D1048
GLI,W,F0294,医療機関0294,D1049,医師_D1049
GLI,W,F0251,医療機関0251,D1050,医師_D1050
GLI,W,F0057,医療機関0057,D1051,医師_D1051
GLI,W,F0016,医療機関0016,D1053,医師_D1053
GLI,W,F0179,医療機関0179,D1054,医師_D1054
GLI,W,F0070,医療機関0070,D1056,医師_D1056
GLI,W,F0263,医療機関0263,D1058,医師_D1058
GLI,W,F0077,医療機関0077,D1060,医師_D1060
GLI,W,F0186,医療機関0186,D1061,医師_D1061
GLI,W,F0184,医療機関0184,D1062,医師_D1062
GLI,W,F0056,医療機関0056,D1063,医師_D1063
GLI,W,F0167,医療機関0167,D1064,医師_D1064
GLI,W,F0158,医療機関0158,D1065,医師_D1065
GLI,W,F0226,医療機関0226,D1067,医師_D1067
GLI,W,F0204,医療機関0204,D1068,医師_D1068
GLI,W,F0160,医療機関0160,D1069,医師_D1069
GLI,W,F0218,医療機関0218,D1070,医師_D1070
GLI,W,F0229,医療機関0229,D1071,医師_D1071
GLI,W,F0171,医療機関0171,D1072,医師_D1072
GLI,W,F0216,医療機関0216,D1075,医師_D1075
GLI,W,F0126,医療機関0126,D1078,医師_D1078
GLI,W,F0278,医療機関0278,D1079,医師_D1079
GLI,W,F0155,医療機関0155,D1080,医師_D1080
GLI,W,F0283,医療機関0283,D1081,医師_D1081
GLI,W,F0011,医療機関0011,D1083,医師_D1083
GLI,W,F0239,医療機関0239,D1084,医師_D1084
GLI,W,F0108,医療機関0108,D1085,医師_D1085
GLI,W,F0123,医療機関0123,D1088,医師_D1088
GLI,W,F0282,医療機関0282,D1089,医師_D1089
GLI,W,F0029,医療機関0029,D1090,医師_D1090
GLI,W,F0232,医療機関0232,D1091,医師_D1091
GLI,W,F0267,医療機関0267,D1092,医師_D1092
GLI,W,F0198,医療機関0198,D1093,医師_D1093
GLI,W,F0205,医療機関0205,D1096,医師_D1096
GLI,W,F0141,医療機関0141,D1097,医師_D1097
GLI,W,F0080,医療機関0080,D1101,医師_D1101
GLI,W,F0060,医療機関0060,D1104,医師_D1104
GLI,W,F0276,医療機関0276,D1105,医師_D1105
GLI,W,F0258,医療機関0258,D1106,医師_D1106
GLI,W,F0296,医療機関0296,D1107,医師_D1107
GLI,W,F0274,医療機関0274,D1108,医師_D1108
GLI,W,F0074,医療機関0074,D1109,医師_D1109
GLI,W,F0103,医療機関0103,D1111,医師_D1111
GLI,W,F0141,医療機関0141,D1112,医師_D1112
GLI,W,F0264,医療機関0264,D1113,医師_D1113
GLI,W,F0221,医療機関0221,D1114,医師_D1114
GLI,W,F0194,医療機関0194,D1115,医師_D1115
GLI,W,F0264,医療機関0264,D1116,医師_D1116
GLI,W,F0156,医療機関0156,D1120,医師_D1120
GLI,W,F0223,医療機関0223,D1122,医師_D1122
GLI,W,F0161,医療機関0161,D1125,医師_D1125
GLI,W,F0285,医療機関0285,D1127,医師_D1127
GLI,W,F0171,医療機関0171,D1128,医師_D1128
GLI,W,F0134,医療機関0134,D1129,医師_D1129
GLI,W,F0032,医療機関0032,D1130,医師_D1130
GLI,W,F0234,医療機関0234,D1131,医師_D1131
GLI,W,F0272,医療機関0272,D1132,医師_D1132
GLI,W,F0210,医療機関0210,D1133,医師_D1133
GLI,W,F0259,医療機関0259,D1135,医師_D1135
GLI,W,F0240,医療機関0240,D1136,医師_D1136
GLI,W,F0151,医療機関0151,D1137,医師_D1137
GLI,W,F0030,医療機関0030,D1138,医師_D1138
GLI,W,F0001,医療機関0001,D1139,医師_D1139
GLI,W,F0062,医療機関0062,D1140,医師_D1140
GLI,W,F0137,医療機関0137,D1143,医師_D1143
GLI,W,F0064,医療機関0064,D1145,医師_D1145
GLI,W,F0297,医療機関0297,D1147,医師_D1147
GLI,W,F0114,医療機関0114,D1148,医師_D1148
GLI,W,F0242,医療機関0242,D1149,医師_D1149
GLI,W,F0216,医療機関0216,D1150,医師_D1150
GLI,W,F0267,医療機関0267,D1152,医師_D1152
GLI,W,F0119,医療機関0119,D1154,医師_D1154
GLI,W,F0188,医療機関0188,D1155,医師_D1155
GLI,W,F0183,医療機関0183,D1158,医師_D1158
GLI,W,F0172,医療機関0172,D1159,医師_D1159
GLI,W,F0116,医療機関0116,D1161,医師_D1161
GLI,W,F0123,医療機関0123,D1162,医師_D1162
GLI,W,F0004,医療機関0004,D1163,医師_D1163
GLI,W,F0181,医療機関0181,D1164,医師_D1164
GLI,W,F0173,医療機関0173,D1165,医師_D1165
GLI,W,F0281,医療機関0281,D1166,医師_D1166
GLI,W,F0141,医療機関0141,D1168,医師_D1168
GLI,W,F0021,医療機関0021,D1169,医師_D1169
GLI,W,F0060,医療機関0060,D1170,医師_D1170
GLI,W,F0114,医療機関0114,D1172,医師_D1172
GLI,W,F0119,医療機関0119,D1174,医師_D1174
GLI,W,F0231,医療機関0231,D1175,医師_D1175
GLI,W,F0100,医療機関0100,D1177,医師_D1177
GLI,W,F0049,医療機関0049,D1178,医師_D1178
GLI,W,F0093,医療機関0093,D1179,医師_D1179
GLI,W,F0206,医療機関0206,D1180,医師_D1180
GLI,W,F0102,医療機関0102,D1182,医師_D1182
GLI,W,F0008,医療機関0008,D1183,医師_D1183
GLI,W,F0287,医療機関0287,D1184,医師_D1184
GLI,W,F0074,医療機関0074,D1186,医師_D1186
GLI,W,F0060,医療機関0060,D1187,医師_D1187
GLI,W,F0030,医療機関0030,D1188,医師_D1188
GLI,W,F0142,医療機関0142,D1189,医師_D1189
GLI,W,F0227,医療機関0227,D1190,医師_D1190
GLI,W,F0176,医療機関0176,D1191,医師_D1191
GLI,W,F0265,医療機関0265,D1192,医師_D1192
GLI,W,F0104,医療機関0104,D1193,医師_D1193
GLI,W,F0084,医療機関0084,D1194,医師_D1194
GLI,W,F0144,医療機関0144,D1195,医師_D1195
GLI,W,F0061,医療機関0061,D1196,医師_D1196
GLI,W,F0293,医療機関0293,D1197,医師_D1197
GLI,W,F0056,医療機関0056,D1198,医師_D1198
GLI,W,F0144,医療機関0144,D1199,医師_D1199
GLI,W,F0157,医療機関0157,D1200,医師_D1200
GLI,W,F0018,医療機関0018,D1201,医師_D1201
GLI,W,F0078,医療機関0078,D1204,医師_D1204
GLI,W,F0014,医療機関0014,D1206,医師_D1206
GLI,W,F0003,医療機関0003,D1207,医師_D1207
GLI,W,F0145,医療機関0145,D1208,医師_D1208
GLI,W,F0027,医療機関0027,D1209,医師_D1209
GLI,W,F0196,医療機関0196,D1212,医師_D1212
GLI,W,F0203,医療機関0203,D1213,医師_D1213
GLI,W,F0149,医療機関0149,D1214,医師_D1214
GLI,W,F0266,医療機関0266,D1215,医師_D1215
GLI,W,F0076,医療機関0076,D1218,医師_D1218
GLI,W,F0041,医療機関0041,D1219,医師_D1219
GLI,W,F0089,医療機関0089,D1220,医師_D1220
GLI,W,F0094,医療機関0094,D1221,医師_D1221
GLI,W,F0091,医療機関0091,D1223,医師_D1223
GLI,W,F0264,医療機関0264,D1224,医師_D1224
GLI,W,F0232,医療機関0232,D1225,医師_D1225
GLI,W,F0271,医療機関0271,D1226,医師_D1226
GLI,W,F0032,医療機関0032,D1227,医師_D1227
GLI,W,F0185,医療機関0185,D1229,医師_D1229
GLI,W,F0295,医療機関0295,D1230,医師_D1230
GLI,W,F0107,医療機関0107,D1231,医師_D1231
GLI,W,F0022,医療機関0022,D1234,医師_D1234
GLI,W,F0166,医療機関0166,D1240,医師_D1240
GLI,W,F0128,医療機関0128,D1241,医師_D1241
GLI,W,F0245,医療機関0245,D1243,医師_D1243
GLI,W,F0254,医療機関0254,D1244,医師_D1244
GLI,W,F0223,医療機関0223,D1245,医師_D1245
GLI,W,F0121,医療機関0121,D1247,医師_D1247
GLI,W,F0163,医療機関0163,D1248,医師_D1248
GLI,W,F0050,医療機関0050,D1250,医師_D1250
GLI,W,F0076,医療機関0076,D1252,医師_D1252
GLI,W,F0049,医療機関0049,D1254,医師_D1254
GLI,W,F0033,医療機関0033,D1255,医師_D1255
GLI,W,F0113,医療機関0113,D1257,医師_D1257
GLI,W,F0176,医療機関0176,D1258,医師_D1258
GLI,W,F0158,医療機関0158,D1259,医師_D1259
GLI,W,F0221,医療機関0221,D1260,医師_D1260
GLI,W,F0222,医療機関0222,D1261,医師_D1261
GLI,W,F0089,医療機関0089,D1262,医師_D1262
GLI,W,F0255,医療機関0255,D1263,医師_D1263
GLI,W,F0251,医療機関0251,D1265,医師_D1265
GLI,W,F0122,医療機関0122,D1266,医師_D1266
GLI,W,F0034,医療機関0034,D1267,医師_D1267
GLI,W,F0229,医療機関0229,D1268,医師_D1268
GLI,W,F0010,医療機関0010,D1269,医師_D1269
GLI,W,F0232,医療機関0232,D1270,医師_D1270
GLI,W,F0063,医療機関0063,D1272,医師_D1272
GLI,W,F0283,医療機関0283,D1274,医師_D1274
GLI,W,F0123,医療機関0123,D1275,医師_D1275
GLI,W,F0070,医療機関0070,D1277,医師_D1277
GLI,W,F0269,医療機関0269,D1278,医師_D1278
GLI,W,F0031,医療機関0031,D1280,医師_D1280
GLI,W,F0080,医療機関0080,D1282,医師_D1282
GLI,W,F0054,医療機関0054,D1283,医師_D1283
GLI,W,F0254,医療機関0254,D1284,医師_D1284
GLI,W,F0186,医療機関0186,D1285,医師_D1285
GLI,W,F0196,医療機関0196,D1287,医師_D1287
GLI,W,F0125,医療機関0125,D1288,医師_D1288
GLI,W,F0019,医療機関0019,D1289,医師_D1289
GLI,W,F0135,医療機関0135,D1290,医師_D1290
GLI,W,F0056,医療機関0056,D1291,医師_D1291
GLI,W,F0074,医療機関0074,D1292,医師_D1292
GLI,W,F0264,医療機関0264,D1293,医師_D1293
GLI,W,F0214,医療機関0214,D1294,医師_D1294
GLI,W,F0041,医療機関0041,D1295,医師_D1295
GLI,W,F0256,医療機関0256,D1296,医師_D1296
GLI,W,F0173,医療機関0173,D1297,医師_D1297
GLI,W,F0263,医療機関0263,D1298,医師_D1298
GLI,W,F0102,医療機関0102,D1300,医師_D1300
GLI,W,F0160,医療機関0160,D1302,医師_D1302
GLI,W,F0216,医療機関0216,D1303,医師_D1303
GLI,W,F0075,医療機関0075,D1304,医師_D1304
GLI,W,F0100,医療機関0100,D1305,医師_D1305
GLI,W,F0074,医療機関0074,D1306,医師_D1306
GLI,W,F0089,医療機関0089,D1307,医師_D1307
GLI,W,F0049,医療機関0049,D1308,医師_D1308
GLI,W,F0283,医療機関0283,D1310,医師_D1310
GLI,W,F0023,医療機関0023,D1311,医師_D1311
GLI,W,F0001,医療機関0001,D1313,医師_D1313
GLI,W,F0234,医療機関0234,D1314,医師_D1314
GLI,W,F0099,医療機関0099,D1315,医師_D1315
GLI,W,F0156,医療機関0156,D1316,医師_D1316
GLI,W,F0085,医療機関0085,D1317,医師_D1317
GLI,W,F0148,医療機関0148,D1318,医師_D1318
GLI,W,F0159,医療機関0159,D1320,医師_D1320
GLI,W,F0118,医療機関0118,D1321,医師_D1321
GLI,W,F0248,医療機関0248,D1323,医師_D1323
GLI,W,F0109,医療機関0109,D1325,医師_D1325
GLI,W,F0108,医療機関0108,D1327,医師_D1327
GLI,W,F0038,医療機関0038,D1328,医師_D1328
GLI,W,F0055,医療機関0055,D1329,医師_D1329
GLI,W,F0286,医療機関0286,D1330,医師_D1330
GLI,W,F0027,医療機関0027,D1331,医師_D1331
GLI,W,F0286,医療機関0286,D1334,医師_D1334
GLI,W,F0045,医療機関0045,D1335,医師_D1335
GLI,W,F0050,医療機関0050,D1336,医師_D1336
GLI,W,F0112,医療機関0112,D1337,医師_D1337
GLI,W,F0167,医療機関0167,D1338,医師_D1338
GLI,W,F0063,医療機関0063,D1340,医師_D1340
GLI,W,F0050,医療機関0050,D1341,医師_D1341
GLI,W,F0076,医療機関0076,D1342,医師_D1342
GLI,W,F0010,医療機関0010,D1344,医師_D1344
GLI,W,F0048,医療機関0048,D1347,医師_D1347
GLI,W,F0276,医療機関0276,D1348,医師_D1348
GLI,W,F0097,医療機関0097,D1350,医師_D1350
GLI,W,F0275,医療機関0275,D1351,医師_D1351
GLI,W,F0183,医療機関0183,D1352,医師_D1352
GLI,W,F0292,医療機関0292,D1355,医師_D1355
GLI,W,F0121,医療機関0121,D1356,医師_D1356
GLI,W,F0199,医療機関0199,D1359,医師_D1359
GLI,W,F0297,医療機関0297,D1362,医師_D1362
GLI,W,F0043,医療機関0043,D1363,医師_D1363
GLI,W,F0246,医療機関0246,D1364,医師_D1364
GLI,W,F0246,医療機関0246,D1365,医師_D1365
GLI,W,F0252,医療機関0252,D1369,医師_D1369
GLI,W,F0046,医療機関0046,D1370,医師_D1370
GLI,W,F0249,医療機関0249,D1371,医師_D1371
GLI,W,F0277,医療機関0277,D1372,医師_D1372
GLI,W,F0103,医療機関0103,D1374,医師_D1374
GLI,W,F0168,医療機関0168,D1375,医師_D1375
GLI,W,F0016,医療機関0016,D1376,医師_D1376
GLI,W,F0280,医療機関0280,D1377,医師_D1377
GLI,W,F0103,医療機関0103,D1378,医師_D1378
GLI,W,F0239,医療機関0239,D1380,医師_D1380
GLI,W,F0198,医療機関0198,D1381,医師_D1381
GLI,W,F0192,医療機関0192,D1385,医師_D1385
GLI,W,F0239,医療機関0239,D1386,医師_D1386
GLI,W,F0064,医療機関0064,D1388,医師_D1388
GLI,W,F0064,医療機関0064,D1389,医師_D1389
GLI,W,F0278,医療機関0278,D1390,医師_D1390
GLI,W,F0160,医療機関0160,D1391,医師_D1391
GLI,W,F0132,医療機関0132,D1392,医師_D1392
GLI,W,F0192,医療機関0192,D1394,医師_D1394
GLI,W,F0166,医療機関0166,D1397,医師_D1397
GLI,W,F0299,医療機関0299,D1398,医師_D1398
GLI,W,F0085,医療機関0085,D1399,医師_D1399
GLI,W,F0085,医療機関0085,D1400,医師_D1400
HYQ,R,F0039,医療機関0039,D1205,医師_D1205
HYQ,R,F0145,医療機関0145,D1208,医師_D1208
HYQ,R,F0074,医療機関0074,D1211,医師_D1211
HYQ,R,F0203,医療機関0203,D1213,医師_D1213
HYQ,R,F0266,医療機関0266,D1215,医師_D1215
HYQ,R,F0071,医療機関0071,D1217,医師_D1217
HYQ,R,F0076,医療機関0076,D1218,医師_D1218
HYQ,R,F0094,医療機関0094,D1221,医師_D1221
HYQ,R,F0232,医療機関0232,D1225,医師_D1225
HYQ,R,F0185,医療機関0185,D1229,医師_D1229
HYQ,R,F0124,医療機関0124,D1235,医師_D1235
HYQ,R,F0166,医療機関0166,D1240,医師_D1240
HYQ,R,F0030,医療機関0030,D1242,医師_D1242
HYQ,R,F0186,医療機関0186,D1246,医師_D1246
HYQ,R,F0157,医療機関0157,D1249,医師_D1249
HYQ,R,F0050,医療機関0050,D1250,医師_D1250
HYQ,R,F0025,医療機関0025,D1251,医師_D1251
HYQ,R,F0076,医療機関0076,D1252,医師_D1252
HYQ,R,F0033,医療機関0033,D1255,医師_D1255
HYQ,R,F0113,医療機関0113,D1257,医師_D1257
HYQ,R,F0229,医療機関0229,D1268,医師_D1268
HYQ,R,F0010,医療機関0010,D1269,医師_D1269
HYQ,R,F0283,医療機関0283,D1274,医師_D1274
HYQ,R,F0186,医療機関0186,D1285,医師_D1285
HYQ,R,F0225,医療機関0225,D1299,医師_D1299
HYQ,R,F0102,医療機関0102,D1300,医師_D1300
HYQ,R,F0089,医療機関0089,D1307,医師_D1307
HYQ,R,F0040,医療機関0040,D1326,医師_D1326
HYQ,R,F0055,医療機関0055,D1329,医師_D1329
HYQ,R,F0045,医療機関0045,D1335,医師_D1335
HYQ,R,F0112,医療機関0112,D1337,医師_D1337
HYQ,R,F0050,医療機関0050,D1341,医師_D1341
HYQ,R,F0010,医療機関0010,D1344,医師_D1344
HYQ,R,F0115,医療機関0115,D1345,医師_D1345
HYQ,R,F0036,医療機関0036,D1346,医師_D1346
HYQ,R,F0022,医療機関0022,D1353,医師_D1353
HYQ,R,F0199,医療機関0199,D1359,医師_D1359
HYQ,R,F0246,医療機関0246,D1364,医師_D1364
HYQ,R,F0112,医療機関0112,D1367,医師_D1367
HYQ,R,F0046,医療機関0046,D1370,医師_D1370
HYQ,R,F0103,医療機関0103,D1374,医師_D1374
HYQ,R,F0198,医療機関0198,D1381,医師_D1381
HYQ,R,F0187,医療機関0187,D1382,医師_D1382
HYQ,R,F0085,医療機関0085,D1399,医師_D1399
HYQ,R,F0138,医療機関0138,D1404,医師_D1404
HYQ,R,F0131,医療機関0131,D1407,医師_D1407
HYQ,R,F0046,医療機関0046,D1408,医師_D1408
HYQ,R,F0150,医療機関0150,D1411,医師_D1411
HYQ,R,F0277,医療機関0277,D1414,医師_D1414
HYQ,R,F0195,医療機関0195,D1415,医師_D1415
HYQ,R,F0125,医療機関0125,D1417,医師_D1417
HYQ,R,F0216,医療機関0216,D1419,医師_D1419
HYQ,R,F0198,医療機関0198,D1422,医師_D1422
HYQ,R,F0185,医療機関0185,D1427,医師_D1427
HYQ,R,F0028,医療機関0028,D1433,医師_D1433
HYQ,R,F0204,医療機関0204,D1434,医師_D1434
HYQ,R,F0084,医療機関0084,D1445,医師_D1445
HYQ,R,F0136,医療機関0136,D1447,医師_D1447
HYQ,R,F0109,医療機関0109,D1453,医師_D1453
HYQ,R,F0216,医療機関0216,D1464,医師_D1464
HYQ,R,F0100,医療機関0100,D1469,医師_D1469
HYQ,R,F0057,医療機関0057,D1471,医師_D1471
HYQ,R,F0209,医療機関0209,D1475,医師_D1475
HYQ,R,F0140,医療機関0140,D1477,医師_D1477
HYQ,R,F0078,医療機関0078,D1479,医師_D1479
HYQ,R,F0038,医療機関0038,D1480,医師_D1480
HYQ,R,F0201,医療機関0201,D1484,医師_D1484
HYQ,R,F0197,医療機関0197,D1486,医師_D1486
HYQ,R,F0242,医療機関0242,D1493,医師_D1493
HYQ,R,F0086,医療機関0086,D1510,医師_D1510
HYQ,R,F0275,医療機関0275,D1513,医師_D1513
HYQ,R,F0223,医療機関0223,D1515,医師_D1515
HYQ,R,F0289,医療機関0289,D1517,医師_D1517
HYQ,R,F0163,医療機関0163,D1518,医師_D1518
HYQ,R,F0164,医療機関0164,D1519,医師_D1519
HYQ,R,F0211,医療機関0211,D1520,医師_D1520
HYQ,R,F0188,医療機関0188,D1528,医師_D1528
HYQ,R,F0156,医療機関0156,D1533,医師_D1533
HYQ,R,F0206,医療機関0206,D1536,医師_D1536
HYQ,R,F0162,医療機関0162,D1539,医師_D1539
HYQ,R,F0289,医療機関0289,D1543,医師_D1543
HYQ,R,F0109,医療機関0109,D1545,医師_D1545
HYQ,R,F0255,医療機関0255,D1549,医師_D1549
HYQ,R,F0212,医療機関0212,D1555,医師_D1555
HYQ,R,F0147,医療機関0147,D1556,医師_D1556
HYQ,R,F0243,医療機関0243,D1561,医師_D1561
HYQ,R,F0278,医療機関0278,D1566,医師_D1566
HYQ,R,F0281,医療機関0281,D1569,医師_D1569
HYQ,R,F0294,医療機関0294,D1570,医師_D1570
HYQ,R,F0007,医療機関0007,D1571,医師_D1571
HYQ,R,F0224,医療機関0224,D1572,医師_D1572
HYQ,R,F0109,医療機関0109,D1591,医師_D1591
HYQ,R,F0012,医療機関0012,D1603,医師_D1603
HYQ,R,F0042,医療機関0042,D1610,医師_D1610
HYQ,R,F0182,医療機関0182,D1613,医師_D1613
HYQ,R,F0035,医療機関0035,D1614,医師_D1614
HYQ,R,F0118,医療機関0118,D1616,医師_D1616
HYQ,R,F0086,医療機関0086,D1619,医師_D1619
HYQ,R,F0284,医療機関0284,D1621,医師_D1621
HYQ,R,F0127,医療機関0127,D1624,医師_D1624
HYQ,R,F0121,医療機関0121,D1625,医師_D1625
HYQ,R,F0186,医療機関0186,D1626,医師_D1626
HYQ,R,F0264,医療機関0264,D1627,医師_D1627
HYQ,R,F0295,医療機関0295,D1630,医師_D1630
HYQ,R,F0068,医療機関0068,D1641,医師_D1641
HYQ,R,F0136,医療機関0136,D1643,医師_D1643
HYQ,R,F0128,医療機関0128,D1650,医師_D1650
HYQ,R,F0298,医療機関0298,D1660,医師_D1660
HYQ,R,F0155,医療機関0155,D1664,医師_D1664
HYQ,R,F0036,医療機関0036,D1669,医師_D1669
HYQ,R,F0090,医療機関0090,D1673,医師_D1673
HYQ,R,F0205,医療機関0205,D1685,医師_D1685
HYQ,R,F0097,医療機関0097,D1692,医師_D1692
HYQ,R,F0071,医療機関0071,D1693,医師_D1693
HYQ,R,F0215,医療機関0215,D1695,医師_D1695
HYQ,R,F0051,医療機関0051,D1697,医師_D1697
HYQ,R,F0067,医療機関0067,D1699,医師_D1699
HYQ,R,F0047,医療機関0047,D1708,医師_D1708
HYQ,R,F0001,医療機関0001,D1716,医師_D1716
HYQ,R,F0256,医療機関0256,D1719,医師_D1719
HYQ,R,F0030,医療機関0030,D1721,医師_D1721
HYQ,R,F0225,医療機関0225,D1725,医師_D1725
HYQ,R,F0051,医療機関0051,D1728,医師_D1728
HYQ,R,F0014,医療機関0014,D1739,医師_D1739
HYQ,R,F0164,医療機関0164,D1743,医師_D1743
HYQ,R,F0215,医療機関0215,D1753,医師_D1753
HYQ,R,F0093,医療機関0093,D1755,医師_D1755
HYQ,R,F0063,医療機関0063,D1760,医師_D1760
HYQ,R,F0195,医療機関0195,D1761,医師_D1761
HYQ,R,F0226,医療機関0226,D1762,医師_D1762
HYQ,R,F0289,医療機関0289,D1763,医師_D1763
HYQ,R,F0026,医療機関0026,D1766,医師_D1766
HYQ,R,F0053,医療機関0053,D1768,医師_D1768
HYQ,R,F0247,医療機関0247,D1772,医師_D1772
HYQ,R,F0286,医療機関0286,D1787,医師_D1787
HYQ,R,F0142,医療機関0142,D1795,医師_D1795
HYQ,R,F0087,医療機関0087,D1798,医師_D1798
HYQ,R,F0076,医療機関0076,D1799,医師_D1799
HYQ,R,F0166,医療機関0166,D1804,医師_D1804
HYQ,R,F0112,医療機関0112,D1815,医師_D1815
HYQ,R,F0126,医療機関0126,D1820,医師_D1820
HYQ,R,F0169,医療機関0169,D1826,医師_D1826
HYQ,R,F0048,医療機関0048,D1827,医師_D1827
HYQ,R,F0049,医療機関0049,D1833,医師_D1833
HYQ,R,F0203,医療機関0203,D1838,医師_D1838
HYQ,R,F0003,医療機関0003,D1843,医師_D1843
HYQ,R,F0269,医療機関0269,D1846,医師_D1846
HYQ,R,F0233,医療機関0233,D1847,医師_D1847
HYQ,R,F0194,医療機関0194,D1848,医師_D1848
HYQ,R,F0141,医療機関0141,D1854,医師_D1854
HYQ,R,F0065,医療機関0065,D1862,医師_D1862
HYQ,R,F0143,医療機関0143,D1863,医師_D1863
HYQ,R,F0140,医療機関0140,D1865,医師_D1865
HYQ,R,F0091,医療機関0091,D1867,医師_D1867
HYQ,R,F0063,医療機関0063,D1874,医師_D1874
HYQ,R,F0127,医療機関0127,D1876,医師_D1876
HYQ,R,F0196,医療機関0196,D1881,医師_D1881
HYQ,R,F0158,医療機関0158,D1889,医師_D1889
HYQ,R,F0184,医療機関0184,D1894,医師_D1894
HYQ,R,F0210,医療機関0210,D1901,医師_D1901
HYQ,R,F0030,医療機関0030,D1902,医師_D1902
HYQ,R,F0033,医療機関0033,D1904,医師_D1904
HYQ,R,F0138,医療機関0138,D1907,医師_D1907
HYQ,R,F0043,医療機関0043,D1919,医師_D1919
HYQ,R,F0063,医療機関0063,D1923,医師_D1923
HYQ,R,F0121,医療機関0121,D1924,医師_D1924
HYQ,R,F0026,医療機関0026,D1929,医師_D1929
HYQ,R,F0241,医療機関0241,D1935,医師_D1935
HYQ,R,F0098,医療機関0098,D1937,医師_D1937
HYQ,R,F0239,医療機関0239,D1947,医師_D1947
HYQ,W,F0157,医療機関0157,D1200,医師_D1200
HYQ,W,F0018,医療機関0018,D1201,医師_D1201
HYQ,W,F0141,医療機関0141,D1202,医師_D1202
HYQ,W,F0137,医療機関0137,D1203,医師_D1203
HYQ,W,F0078,医療機関0078,D1204,医師_D1204
HYQ,W,F0014,医療機関0014,D1206,医師_D1206
HYQ,W,F0003,医療機関0003,D1207,医師_D1207
HYQ,W,F0027,医療機関0027,D1209,医師_D1209
HYQ,W,F0288,医療機関0288,D1210,医師_D1210
HYQ,W,F0196,医療機関0196,D1212,医師_D1212
HYQ,W,F0149,医療機関0149,D1214,医師_D1214
HYQ,W,F0034,医療機関0034,D1216,医師_D1216
HYQ,W,F0041,医療機関0041,D1219,医師_D1219
HYQ,W,F0089,医療機関0089,D1220,医師_D1220
HYQ,W,F0230,医療機関0230,D1222,医師_D1222
HYQ,W,F0091,医療機関0091,D1223,医師_D1223
HYQ,W,F0264,医療機関0264,D1224,医師_D1224
HYQ,W,F0271,医療機関0271,D1226,医師_D1226
HYQ,W,F0032,医療機関0032,D1227,医師_D1227
HYQ,W,F0296,医療機関0296,D1228,医師_D1228
HYQ,W,F0295,医療機関0295,D1230,医師_D1230
HYQ,W,F0107,医療機関0107,D1231,医師_D1231
HYQ,W,F0286,医療機関0286,D1232,医師_D1232
HYQ,W,F0177,医療機関0177,D1233,医師_D1233
HYQ,W,F0022,医療機関0022,D1234,医師_D1234
HYQ,W,F0042,医療機関0042,D1236,医師_D1236
HYQ,W,F0283,医療機関0283,D1237,医師_D1237
HYQ,W,F0092,医療機関0092,D1238,医師_D1238
HYQ,W,F0067,医療機関0067,D1239,医師_D1239
HYQ,W,F0128,医療機関0128,D1241,医師_D1241
HYQ,W,F0245,医療機関0245,D1243,医師_D1243
HYQ,W,F0254,医療機関0254,D1244,医師_D1244
HYQ,W,F0223,医療機関0223,D1245,医師_D1245
HYQ,W,F0121,医療機関0121,D1247,医師_D1247
HYQ,W,F0163,医療機関0163,D1248,医師_D1248
HYQ,W,F0137,医療機関0137,D1253,医師_D1253
HYQ,W,F0049,医療機関0049,D1254,医師_D1254
HYQ,W,F0256,医療機関0256,D1256,医師_D1256
HYQ,W,F0176,医療機関0176,D1258,医師_D1258
HYQ,W,F0158,医療機関0158,D1259,医師_D1259
HYQ,W,F0221,医療機関0221,D1260,医師_D1260
HYQ,W,F0222,医療機関0222,D1261,医師_D1261
HYQ,W,F0089,医療機関0089,D1262,医師_D1262
HYQ,W,F0255,医療機関0255,D1263,医師_D1263
HYQ,W,F0112,医療機関0112,D1264,医師_D1264
HYQ,W,F0251,医療機関0251,D1265,医師_D1265
HYQ,W,F0122,医療機関0122,D1266,医師_D1266
HYQ,W,F0034,医療機関0034,D1267,医師_D1267
HYQ,W,F0232,医療機関0232,D1270,医師_D1270
HYQ,W,F0013,医療機関0013,D1271,医師_D1271
HYQ,W,F0063,医療機関0063,D1272,医師_D1272
HYQ,W,F0182,医療機関0182,D1273,医師_D1273
HYQ,W,F0123,医療機関0123,D1275,医師_D1275
HYQ,W,F0037,医療機関0037,D1276,医師_D1276
HYQ,W,F0070,医療機関0070,D1277,医師_D1277
HYQ,W,F0269,医療機関0269,D1278,医師_D1278
HYQ,W,F0219,医療機関0219,D1279,医師_D1279
HYQ,W,F0031,医療機関0031,D1280,医師_D1280
HYQ,W,F0116,医療機関0116,D1281,医師_D1281
HYQ,W,F0080,医療機関0080,D1282,医師_D1282
HYQ,W,F0054,医療機関0054,D1283,医師_D1283
HYQ,W,F0254,医療機関0254,D1284,医師_D1284
HYQ,W,F0054,医療機関0054,D1286,医師_D1286
HYQ,W,F0196,医療機関0196,D1287,医師_D1287
HYQ,W,F0125,医療機関0125,D1288,医師_D1288
HYQ,W,F0019,医療機関0019,D1289,医師_D1289
HYQ,W,F0135,医療機関0135,D1290,医師_D1290
HYQ,W,F0056,医療機関0056,D1291,医師_D1291
HYQ,W,F0074,医療機関0074,D1292,医師_D1292
HYQ,W,F0264,医療機関0264,D1293,医師_D1293
HYQ,W,F0214,医療機関0214,D1294,医師_D1294
HYQ,W,F0041,医療機関0041,D1295,医師_D1295
HYQ,W,F0256,医療機関0256,D1296,医師_D1296
HYQ,W,F0173,医療機関0173,D1297,医師_D1297
HYQ,W,F0263,医療機関0263,D1298,医師_D1298
HYQ,W,F0161,医療機関0161,D1301,医師_D1301
HYQ,W,F0160,医療機関0160,D1302,医師_D1302
HYQ,W,F0216,医療機関0216,D1303,医師_D1303
HYQ,W,F0075,医療機関0075,D1304,医師_D1304
HYQ,W,F0100,医療機関0100,D1305,医師_D1305
HYQ,W,F0074,医療機関0074,D1306,医師_D1306
HYQ,W,F0049,医療機関0049,D1308,医師_D1308
HYQ,W,F0011,医療機関0011,D1309,医師_D1309
HYQ,W,F0283,医療機関0283,D1310,医師_D1310
HYQ,W,F0023,医療機関0023,D1311,医師_D1311
HYQ,W,F0267,医療機関0267,D1312,医師_D1312
HYQ,W,F0001,医療機関0001,D1313,医師_D1313
HYQ,W,F0234,医療機関0234,D1314,医師_D1314
HYQ,W,F0099,医療機関0099,D1315,医師_D1315
HYQ,W,F0156,医療機関0156,D1316,医師_D1316
HYQ,W,F0085,医療機関0085,D1317,医師_D1317
HYQ,W,F0148,医療機関0148,D1318,医師_D1318
HYQ,W,F0136,医療機関0136,D1319,医師_D1319
HYQ,W,F0159,医療機関0159,D1320,医師_D1320
HYQ,W,F0118,医療機関0118,D1321,医師_D1321
HYQ,W,F0161,医療機関0161,D1322,医師_D1322
HYQ,W,F0248,医療機関0248,D1323,医師_D1323
HYQ,W,F0131,医療機関0131,D1324,医師_D1324
HYQ,W,F0109,医療機関0109,D1325,医師_D1325
HYQ,W,F0108,医療機関0108,D1327,医師_D1327
HYQ,W,F0038,医療機関0038,D1328,医師_D1328
HYQ,W,F0286,医療機関0286,D1330,医師_D1330
HYQ,W,F0027,医療機関0027,D1331,医師_D1331
HYQ,W,F0145,医療機関0145,D1332,医師_D1332
HYQ,W,F0251,医療機関0251,D1333,医師_D1333
HYQ,W,F0286,医療機関0286,D1334,医師_D1334
HYQ,W,F0050,医療機関0050,D1336,医師_D1336
HYQ,W,F0167,医療機関0167,D1338,医師_D1338
HYQ,W,F0288,医療機関0288,D1339,医師_D1339
HYQ,W,F0063,医療機関0063,D1340,医師_D1340
HYQ,W,F0076,医療機関0076,D1342,医師_D1342
HYQ,W,F0263,医療機関0263,D1343,医師_D1343
HYQ,W,F0048,医療機関0048,D1347,医師_D1347
HYQ,W,F0276,医療機関0276,D1348,医師_D1348
HYQ,W,F0001,医療機関0001,D1349,医師_D1349
HYQ,W,F0097,医療機関0097,D1350,医師_D1350
HYQ,W,F0275,医療機関0275,D1351,医師_D1351
HYQ,W,F0183,医療機関0183,D1352,医師_D1352
HYQ,W,F0140,医療機関0140,D1354,医師_D1354
HYQ,W,F0292,医療機関0292,D1355,医師_D1355
HYQ,W,F0121,医療機関0121,D1356,医師_D1356
HYQ,W,F0159,医療機関0159,D1357,医師_D1357
HYQ,W,F0160,医療機関0160,D1358,医師_D1358
HYQ,W,F0057,医療機関0057,D1360,医師_D1360
HYQ,W,F0252,医療機関0252,D1361,医師_D1361
HYQ,W,F0297,医療機関0297,D1362,医師_D1362
HYQ,W,F0043,医療機関0043,D1363,医師_D1363
HYQ,W,F0246,医療機関0246,D1365,医師_D1365
HYQ,W,F0223,医療機関0223,D1366,医師_D1366
HYQ,W,F0141,医療機関0141,D1368,医師_D1368
HYQ,W,F0252,医療機関0252,D1369,医師_D1369
HYQ,W,F0249,医療機関0249,D1371,医師_D1371
HYQ,W,F0277,医療機関0277,D1372,医師_D1372
HYQ,W,F0205,医療機関0205,D1373,医師_D1373
HYQ,W,F0168,医療機関0168,D1375,医師_D1375
HYQ,W,F0016,医療機関0016,D1376,医師_D1376
HYQ,W,F0280,医療機関0280,D1377,医師_D1377
HYQ,W,F0103,医療機関0103,D1378,医師_D1378
HYQ,W,F0018,医療機関0018,D1379,医師_D1379
HYQ,W,F0239,医療機関0239,D1380,医師_D1380
HYQ,W,F0017,医療機関0017,D1383,医師_D1383
HYQ,W,F0226,医療機関0226,D1384,医師_D1384
HYQ,W,F0192,医療機関0192,D1385,医師_D1385
HYQ,W,F0239,医療機関0239,D1386,医師_D1386
HYQ,W,F0249,医療機関0249,D1387,医師_D1387
HYQ,W,F0064,医療機関0064,D1388,医師_D1388
HYQ,W,F0064,医療機関0064,D1389,医師_D1389
HYQ,W,F0278,医療機関0278,D1390,医師_D1390
HYQ,W,F0160,医療機関0160,D1391,医師_D1391
HYQ,W,F0132,医療機関0132,D1392,医師_D1392
HYQ,W,F0087,医療機関0087,D1393,医師_D1393
HYQ,W,F0192,医療機関0192,D1394,医師_D1394
HYQ,W,F0227,医療機関0227,D1395,医師_D1395
HYQ,W,F0001,医療機関0001,D1396,医師_D1396
HYQ,W,F0166,医療機関0166,D1397,医師_D1397
HYQ,W,F0299,医療機関0299,D1398,医師_D1398
HYQ,W,F0085,医療機関0085,D1400,医師_D1400
HYQ,W,F0264,医療機関0264,D1401,医師_D1401
HYQ,W,F0019,医療機関0019,D1402,医師_D1402
HYQ,W,F0120,医療機関0120,D1403,医師_D1403
HYQ,W,F0240,医療機関0240,D1405,医師_D1405
HYQ,W,F0039,医療機関0039,D1406,医師_D1406
HYQ,W,F0237,医療機関0237,D1409,医師_D1409
HYQ,W,F0190,医療機関0190,D1410,医師_D1410
HYQ,W,F0118,医療機関0118,D1412,医師_D1412
HYQ,W,F0046,医療機関0046,D1413,医師_D1413
HYQ,W,F0096,医療機関0096,D1416,医師_D1416
HYQ,W,F0218,医療機関0218,D1418,医師_D1418
HYQ,W,F0139,医療機関0139,D1420,医師_D1420
HYQ,W,F0091,医療機関0091,D1421,医師_D1421
HYQ,W,F0198,医療機関0198,D1423,医師_D1423
HYQ,W,F0180,医療機関0180,D1424,医師_D1424
HYQ,W,F0022,医療機関0022,D1425,医師_D1425
HYQ,W,F0142,医療機関0142,D1426,医師_D1426
HYQ,W,F0286,医療機関0286,D1428,医師_D1428
HYQ,W,F0158,医療機関0158,D1429,医師_D1429
HYQ,W,F0103,医療機関0103,D1430,医師_D1430
HYQ,W,F0167,医療機関0167,D1431,医師_D1431
HYQ,W,F0054,医療機関0054,D1432,医師_D1432
HYQ,W,F0296,医療機関0296,D1435,医師_D1435
HYQ,W,F0254,医療機関0254,D1436,医師_D1436
HYQ,W,F0176,医療機関0176,D1437,医師_D1437
HYQ,W,F0013,医療機関0013,D1438,医師_D1438
HYQ,W,F0297,医療機関0297,D1439,医師_D1439
HYQ,W,F0135,医療機関0135,D1440,医師_D1440
HYQ,W,F0087,医療機関0087,D1441,医師_D1441
HYQ,W,F0268,医療機関0268,D1442,医師_D1442
HYQ,W,F0224,医療機関0224,D1443,医師_D1443
HYQ,W,F0225,医療機関0225,D1444,医師_D1444
HYQ,W,F0298,医療機関0298,D1446,医師_D1446
HYQ,W,F0160,医療機関0160,D1448,医師_D1448
HYQ,W,F0226,医療機関0226,D1449,医師_D1449
HYQ,W,F0198,医療機関0198,D1450,医師_D1450
HYQ,W,F0052,医療機関0052,D1451,医師_D1451
HYQ,W,F0091,医療機関0091,D1452,医師_D1452
HYQ,W,F0285,医療機関0285,D1454,医師_D1454
HYQ,W,F0215,医療機関0215,D1455,医師_D1455
HYQ,W,F0110,医療機関0110,D1456,医師_D1456
HYQ,W,F0221,医療機関0221,D1457,医師_D1457
HYQ,W,F0222,医療機関0222,D1458,医師_D1458
HYQ,W,F0119,医療機関0119,D1459,医師_D1459
HYQ,W,F0121,医療機関0121,D1460,医師_D1460
HYQ,W,F0269,医療機関0269,D1461,医師_D1461
HYQ,W,F0169,医療機関0169,D1462,医師_D1462
HYQ,W,F0045,医療機関0045,D1463,医師_D1463
HYQ,W,F0177,医療機関0177,D1465,医師_D1465
HYQ,W,F0153,医療機関0153,D1466,医師_D1466
HYQ,W,F0218,医療機関0218,D1467,医師_D1467
HYQ,W,F0273,医療機関0273,D1468,医師_D1468
HYQ,W,F0126,医療機関0126,D1470,医師_D1470
HYQ,W,F0195,医療機関0195,D1472,医師_D1472
HYQ,W,F0121,医療機関0121,D1473,医師_D1473
HYQ,W,F0103,医療機関0103,D1474,医師_D1474
HYQ,W,F0123,医療機関0123,D1476,医師_D1476
HYQ,W,F0133,医療機関0133,D1478,医師_D1478
HYQ,W,F0249,医療機関0249,D1481,医師_D1481
HYQ,W,F0028,医療機関0028,D1482,医師_D1482
HYQ,W,F0098,医療機関0098,D1483,医師_D1483
HYQ,W,F0040,医療機関0040,D1485,医師_D1485
HYQ,W,F0220,医療機関0220,D1487,医師_D1487
HYQ,W,F0199,医療機関0199,D1488,医師_D1488
HYQ,W,F0092,医療機関0092,D1489,医師_D1489
HYQ,W,F0006,医療機関0006,D1490,医師_D1490
HYQ,W,F0267,医療機関0267,D1491,医師_D1491
HYQ,W,F0098,医療機関0098,D1492,医師_D1492
HYQ,W,F0060,医療機関0060,D1494,医師_D1494
HYQ,W,F0049,医療機関0049,D1495,医師_D1495
HYQ,W,F0234,医療機関0234,D1496,医師_D1496
HYQ,W,F0282,医療機関0282,D1497,医師_D1497
HYQ,W,F0259,医療機関0259,D1498,医師_D1498
HYQ,W,F0226,医療機関0226,D1499,医師_D1499
HYQ,W,F0075,医療機関0075,D1500,医師_D1500
HYQ,W,F0274,医療機関0274,D1501,医師_D1501
HYQ,W,F0201,医療機関0201,D1502,医師_D1502
HYQ,W,F0052,医療機関0052,D1503,医師_D1503
HYQ,W,F0039,医療機関0039,D1504,医師_D1504
HYQ,W,F0262,医療機関0262,D1505,医師_D1505
HYQ,W,F0083,医療機関0083,D1506,医師_D1506
HYQ,W,F0230,医療機関0230,D1507,医師_D1507
HYQ,W,F0042,医療機関0042,D1508,医師_D1508
HYQ,W,F0085,医療機関0085,D1509,医師_D1509
HYQ,W,F0085,医療機関0085,D1511,医師_D1511
HYQ,W,F0203,医療機関0203,D1512,医師_D1512
HYQ,W,F0274,医療機関0274,D1514,医師_D1514
HYQ,W,F0061,医療機関0061,D1516,医師_D1516
HYQ,W,F0231,医療機関0231,D1521,医師_D1521
HYQ,W,F0286,医療機関0286,D1522,医師_D1522
HYQ,W,F0175,医療機関0175,D1523,医師_D1523
HYQ,W,F0184,医療機関0184,D1524,医師_D1524
HYQ,W,F0224,医療機関0224,D1525,医師_D1525
HYQ,W,F0077,医療機関0077,D1526,医師_D1526
HYQ,W,F0093,医療機関0093,D1527,医師_D1527
HYQ,W,F0020,医療機関0020,D1529,医師_D1529
HYQ,W,F0097,医療機関0097,D1530,医師_D1530
HYQ,W,F0216,医療機関0216,D1531,医師_D1531
HYQ,W,F0293,医療機関0293,D1532,医師_D1532
HYQ,W,F0120,医療機関0120,D1534,医師_D1534
HYQ,W,F0133,医療機関0133,D1535,医師_D1535
HYQ,W,F0164,医療機関0164,D1537,医師_D1537
HYQ,W,F0007,医療機関0007,D1538,医師_D1538
HYQ,W,F0121,医療機関0121,D1540,医師_D1540
HYQ,W,F0211,医療機関0211,D1541,医師_D1541
HYQ,W,F0263,医療機関0263,D1542,医師_D1542
HYQ,W,F0184,医療機関0184,D1544,医師_D1544
HYQ,W,F0134,医療機関0134,D1546,医師_D1546
HYQ,W,F0053,医療機関0053,D1547,医師_D1547
HYQ,W,F0281,医療機関0281,D1548,医師_D1548
HYQ,W,F0257,医療機関0257,D1550,医師_D1550
HYQ,W,F0099,医療機関0099,D1551,医師_D1551
HYQ,W,F0097,医療機関0097,D1552,医師_D1552
HYQ,W,F0257,医療機関0257,D1553,医師_D1553
HYQ,W,F0164,医療機関0164,D1554,医師_D1554
HYQ,W,F0133,医療機関0133,D1557,医師_D1557
HYQ,W,F0190,医療機関0190,D1558,医師_D1558
HYQ,W,F0244,医療機関0244,D1559,医師_D1559
HYQ,W,F0101,医療機関0101,D1560,医師_D1560
HYQ,W,F0074,医療機関0074,D1562,医師_D1562
HYQ,W,F0121,医療機関0121,D1563,医師_D1563
HYQ,W,F0274,医療機関0274,D1564,医師_D1564
HYQ,W,F0287,医療機関0287,D1565,医師_D1565
HYQ,W,F0095,医療機関0095,D1567,医師_D1567
HYQ,W,F0253,医療機関0253,D1568,医師_D1568
HYQ,W,F0300,医療機関0300,D1573,医師_D1573
HYQ,W,F0230,医療機関0230,D1574,医師_D1574
HYQ,W,F0070,医療機関0070,D1575,医師_D1575
HYQ,W,F0229,医療機関0229,D1576,医師_D1576
HYQ,W,F0032,医療機関0032,D1577,医師_D1577
HYQ,W,F0145,医療機関0145,D1578,医師_D1578
HYQ,W,F0188,医療機関0188,D1579,医師_D1579
HYQ,W,F0137,医療機関0137,D1580,医師_D1580
HYQ,W,F0210,医療機関0210,D1581,医師_D1581
HYQ,W,F0073,医療機関0073,D1582,医師_D1582
HYQ,W,F0182,医療機関0182,D1583,医師_D1583
HYQ,W,F0194,医療機関0194,D1584,医師_D1584
HYQ,W,F0191,医療機関0191,D1585,医師_D1585
HYQ,W,F0087,医療機関0087,D1586,医師_D1586
HYQ,W,F0092,医療機関0092,D1587,医師_D1587
HYQ,W,F0078,医療機関0078,D1588,医師_D1588
HYQ,W,F0139,医療機関0139,D1589,医師_D1589
HYQ,W,F0176,医療機関0176,D1590,医師_D1590
HYQ,W,F0123,医療機関0123,D1592,医師_D1592
HYQ,W,F0086,医療機関0086,D1593,医師_D1593
HYQ,W,F0066,医療機関0066,D1594,医師_D1594
HYQ,W,F0198,医療機関0198,D1595,医師_D1595
HYQ,W,F0245,医療機関0245,D1596,医師_D1596
HYQ,W,F0088,医療機関0088,D1597,医師_D1597
HYQ,W,F0259,医療機関0259,D1598,医師_D1598
HYQ,W,F0172,医療機関0172,D1599,医師_D1599
HYQ,W,F0051,医療機関0051,D1600,医師_D1600
HYQ,W,F0110,医療機関0110,D1601,医師_D1601
HYQ,W,F0003,医療機関0003,D1602,医師_D1602
HYQ,W,F0101,医療機関0101,D1604,医師_D1604
HYQ,W,F0137,医療機関0137,D1605,医師_D1605
HYQ,W,F0240,医療機関0240,D1606,医師_D1606
HYQ,W,F0041,医療機関0041,D1607,医師_D1607
HYQ,W,F0252,医療機関0252,D1608,医師_D1608
HYQ,W,F0071,医療機関0071,D1609,医師_D1609
HYQ,W,F0210,医療機関0210,D1611,医師_D1611
HYQ,W,F0233,医療機関0233,D1612,医師_D1612
HYQ,W,F0035,医療機関0035,D1615,医師_D1615
HYQ,W,F0136,医療機関0136,D1617,医師_D1617
HYQ,W,F0300,医療機関0300,D1618,医師_D1618
HYQ,W,F0058,医療機関0058,D1620,医師_D1620
HYQ,W,F0047,医療機関0047,D1622,医師_D1622
HYQ,W,F0008,医療機関0008,D1623,医師_D1623
HYQ,W,F0280,医療機関0280,D1628,医師_D1628
HYQ,W,F0087,医療機関0087,D1629,医師_D1629
HYQ,W,F0190,医療機関0190,D1631,医師_D1631
HYQ,W,F0021,医療機関0021,D1632,医師_D1632
HYQ,W,F0282,医療機関0282,D1633,医師_D1633
HYQ,W,F0042,医療機関0042,D1634,医師_D1634
HYQ,W,F0177,医療機関0177,D1635,医師_D1635
HYQ,W,F0238,医療機関0238,D1636,医師_D1636
HYQ,W,F0075,医療機関0075,D1637,医師_D1637
HYQ,W,F0082,医療機関0082,D1638,医師_D1638
HYQ,W,F0143,医療機関0143,D1639,医師_D1639
HYQ,W,F0266,医療機関0266,D1640,医師_D1640
HYQ,W,F0200,医療機関0200,D1642,医師_D1642
HYQ,W,F0034,医療機関0034,D1644,医師_D1644
HYQ,W,F0214,医療機関0214,D1645,医師_D1645
HYQ,W,F0250,医療機関0250,D1646,医師_D1646
HYQ,W,F0173,医療機関0173,D1647,医師_D1647
HYQ,W,F0053,医療機関0053,D1648,医師_D1648
HYQ,W,F0047,医療機関0047,D1649,医師_D1649
HYQ,W,F0152,医療機関0152,D1651,医師_D1651
HYQ,W,F0166,医療機関0166,D1652,医師_D1652
HYQ,W,F0074,医療機関0074,D1653,医師_D1653
HYQ,W,F0151,医療機関0151,D1654,医師_D1654
HYQ,W,F0089,医療機関0089,D1655,医師_D1655
HYQ,W,F0206,医療機関0206,D1656,医師_D1656
HYQ,W,F0239,医療機関0239,D1657,医師_D1657
HYQ,W,F0196,医療機関0196,D1658,医師_D1658
HYQ,W,F0001,医療機関0001,D1659,医師_D1659
HYQ,W,F0008,医療機関0008,D1661,医師_D1661
HYQ,W,F0300,医療機関0300,D1662,医師_D1662
HYQ,W,F0010,医療機関0010,D1663,医師_D1663
HYQ,W,F0032,医療機関0032,D1665,医師_D1665
HYQ,W,F0029,医療機関0029,D1666,医師_D1666
HYQ,W,F0206,医療機関0206,D1667,医師_D1667
HYQ,W,F0219,医療機関0219,D1668,医師_D1668
HYQ,W,F0293,医療機関0293,D1670,医師_D1670
HYQ,W,F0097,医療機関0097,D1671,医師_D1671
HYQ,W,F0096,医療機関0096,D1672,医師_D1672
HYQ,W,F0139,医療機関0139,D1674,医師_D1674
HYQ,W,F0054,医療機関0054,D1675,医師_D1675
HYQ,W,F0128,医療機関0128,D1676,医師_D1676
HYQ,W,F0063,医療機関0063,D1677,医師_D1677
HYQ,W,F0016,医療機関0016,D1678,医師_D1678
HYQ,W,F0111,医療機関0111,D1679,医師_D1679
HYQ,W,F0202,医療機関0202,D1680,医師_D1680
HYQ,W,F0229,医療機関0229,D1681,医師_D1681
HYQ,W,F0107,医療機関0107,D1682,医師_D1682
HYQ,W,F0098,医療機関0098,D1683,医師_D1683
HYQ,W,F0237,医療機関0237,D1684,医師_D1684
HYQ,W,F0250,医療機関0250,D1686,医師_D1686
HYQ,W,F0272,医療機関0272,D1687,医師_D1687
HYQ,W,F0247,医療機関0247,D1688,医師_D1688
HYQ,W,F0281,医療機関0281,D1689,医師_D1689
HYQ,W,F0125,医療機関0125,D1690,医師_D1690
HYQ,W,F0119,医療機関0119,D1691,医師_D1691
HYQ,W,F0225,医療機関0225,D1694,医師_D1694
HYQ,W,F0241,医療機関0241,D1696,医師_D1696
HYQ,W,F0148,医療機関0148,D1698,医師_D1698
HYQ,W,F0268,医療機関0268,D1700,医師_D1700
HYQ,W,F0081,医療機関0081,D1701,医師_D1701
HYQ,W,F0044,医療機関0044,D1702,医師_D1702
HYQ,W,F0171,医療機関0171,D1703,医師_D1703
HYQ,W,F0264,医療機関0264,D1704,医師_D1704
HYQ,W,F0275,医療機関0275,D1705,医師_D1705
HYQ,W,F0029,医療機関0029,D1706,医師_D1706
HYQ,W,F0098,医療機関0098,D1707,医師_D1707
HYQ,W,F0093,医療機関0093,D1709,医師_D1709
HYQ,W,F0161,医療機関0161,D1710,医師_D1710
HYQ,W,F0085,医療機関0085,D1711,医師_D1711
HYQ,W,F0021,医療機関0021,D1712,医師_D1712
HYQ,W,F0154,医療機関0154,D1713,医師_D1713
HYQ,W,F0016,医療機関0016,D1714,医師_D1714
HYQ,W,F0069,医療機関0069,D1715,医師_D1715
HYQ,W,F0027,医療機関0027,D1717,医師_D1717
HYQ,W,F0131,医療機関0131,D1718,医師_D1718
HYQ,W,F0233,医療機関0233,D1720,医師_D1720
HYQ,W,F0011,医療機関0011,D1722,医師_D1722
HYQ,W,F0102,医療機関0102,D1723,医師_D1723
HYQ,W,F0196,医療機関0196,D1724,医師_D1724
HYQ,W,F0247,医療機関0247,D1726,医師_D1726
HYQ,W,F0103,医療機関0103,D1727,医師_D1727
HYQ,W,F0008,医療機関0008,D1729,医師_D1729
HYQ,W,F0045,医療機関0045,D1730,医師_D1730
HYQ,W,F0020,医療機関0020,D1731,医師_D1731
HYQ,W,F0259,医療機関0259,D1732,医師_D1732
HYQ,W,F0081,医療機関0081,D1733,医師_D1733
HYQ,W,F0247,医療機関0247,D1734,医師_D1734
HYQ,W,F0166,医療機関0166,D1735,医師_D1735
HYQ,W,F0162,医療機関0162,D1736,医師_D1736
HYQ,W,F0137,医療機関0137,D1737,医師_D1737
HYQ,W,F0246,医療機関0246,D1738,医師_D1738
HYQ,W,F0028,医療機関0028,D1740,医師_D1740
HYQ,W,F0128,医療機関0128,D1741,医師_D1741
HYQ,W,F0119,医療機関0119,D1742,医師_D1742
HYQ,W,F0222,医療機関0222,D1744,医師_D1744
HYQ,W,F0177,医療機関0177,D1745,医師_D1745
HYQ,W,F0078,医療機関0078,D1746,医師_D1746
HYQ,W,F0099,医療機関0099,D1747,医師_D1747
HYQ,W,F0226,医療機関0226,D1748,医師_D1748
HYQ,W,F0061,医療機関0061,D1749,医師_D1749
HYQ,W,F0152,医療機関0152,D1750,医師_D1750
HYQ,W,F0162,医療機関0162,D1751,医師_D1751
HYQ,W,F0226,医療機関0226,D1752,医師_D1752
HYQ,W,F0140,医療機関0140,D1754,医師_D1754
HYQ,W,F0111,医療機関0111,D1756,医師_D1756
HYQ,W,F0124,医療機関0124,D1757,医師_D1757
HYQ,W,F0066,医療機関0066,D1758,医師_D1758
HYQ,W,F0188,医療機関0188,D1759,医師_D1759
HYQ,W,F0036,医療機関0036,D1764,医師_D1764
HYQ,W,F0228,医療機関0228,D1765,医師_D1765
HYQ,W,F0102,医療機関0102,D1767,医師_D1767
HYQ,W,F0049,医療機関0049,D1769,医師_D1769
HYQ,W,F0053,医療機関0053,D1770,医師_D1770
HYQ,W,F0014,医療機関0014,D1771,医師_D1771
HYQ,W,F0019,医療機関0019,D1773,医師_D1773
HYQ,W,F0120,医療機関0120,D1774,医師_D1774
HYQ,W,F0210,医療機関0210,D1775,医師_D1775
HYQ,W,F0298,医療機関0298,D1776,医師_D1776
HYQ,W,F0257,医療機関0257,D1777,医師_D1777
HYQ,W,F0042,医療機関0042,D1778,医師_D1778
HYQ,W,F0297,医療機関0297,D1779,医師_D1779
HYQ,W,F0197,医療機関0197,D1780,医師_D1780
HYQ,W,F0054,医療機関0054,D1781,医師_D1781
HYQ,W,F0135,医療機関0135,D1782,医師_D1782
HYQ,W,F0276,医療機関0276,D1783,医師_D1783
HYQ,W,F0118,医療機関0118,D1784,医師_D1784
HYQ,W,F0056,医療機関0056,D1785,医師_D1785
HYQ,W,F0263,医療機関0263,D1786,医師_D1786
HYQ,W,F0293,医療機関0293,D1788,医師_D1788
HYQ,W,F0287,医療機関0287,D1789,医師_D1789
HYQ,W,F0262,医療機関0262,D1790,医師_D1790
HYQ,W,F0137,医療機関0137,D1791,医師_D1791
HYQ,W,F0058,医療機関0058,D1792,医師_D1792
HYQ,W,F0186,医療機関0186,D1793,医師_D1793
HYQ,W,F0067,医療機関0067,D1794,医師_D1794
HYQ,W,F0197,医療機関0197,D1796,医師_D1796
HYQ,W,F0284,医療機関0284,D1797,医師_D1797
HYQ,W,F0221,医療機関0221,D1800,医師_D1800
HYQ,W,F0002,医療機関0002,D1801,医師_D1801
HYQ,W,F0170,医療機関0170,D1802,医師_D1802
HYQ,W,F0224,医療機関0224,D1803,医師_D1803
HYQ,W,F0116,医療機関0116,D1805,医師_D1805
HYQ,W,F0249,医療機関0249,D1806,医師_D1806
HYQ,W,F0112,医療機関0112,D1807,医師_D1807
HYQ,W,F0214,医療機関0214,D1808,医師_D1808
HYQ,W,F0140,医療機関0140,D1809,医師_D1809
HYQ,W,F0008,医療機関0008,D1810,医師_D1810
HYQ,W,F0160,医療機関0160,D1811,医師_D1811
HYQ,W,F0015,医療機関0015,D1812,医師_D1812
HYQ,W,F0280,医療機関0280,D1813,医師_D1813
HYQ,W,F0181,医療機関0181,D1814,医師_D1814
HYQ,W,F0146,医療機関0146,D1816,医師_D1816
HYQ,W,F0186,医療機関0186,D1817,医師_D1817
HYQ,W,F0079,医療機関0079,D1818,医師_D1818
HYQ,W,F0087,医療機関0087,D1819,医師_D1819
HYQ,W,F0078,医療機関0078,D1821,医師_D1821
HYQ,W,F0228,医療機関0228,D1822,医師_D1822
HYQ,W,F0032,医療機関0032,D1823,医師_D1823
HYQ,W,F0248,医療機関0248,D1824,医師_D1824
HYQ,W,F0105,医療機関0105,D1825,医師_D1825
HYQ,W,F0116,医療機関0116,D1828,医師_D1828
HYQ,W,F0227,医療機関0227,D1829,医師_D1829
HYQ,W,F0082,医療機関0082,D1830,医師_D1830
HYQ,W,F0040,医療機関0040,D1831,医師_D1831
HYQ,W,F0157,医療機関0157,D1832,医師_D1832
HYQ,W,F0095,医療機関0095,D1834,医師_D1834
HYQ,W,F0136,医療機関0136,D1835,医師_D1835
HYQ,W,F0170,医療機関0170,D1836,医師_D1836
HYQ,W,F0192,医療機関0192,D1837,医師_D1837
HYQ,W,F0254,医療機関0254,D1839,医師_D1839
HYQ,W,F0020,医療機関0020,D1840,医師_D1840
HYQ,W,F0109,医療機関0109,D1841,医師_D1841
HYQ,W,F0001,医療機関0001,D1842,医師_D1842
HYQ,W,F0064,医療機関0064,D1844,医師_D1844
HYQ,W,F0180,医療機関0180,D1845,医師_D1845
HYQ,W,F0234,医療機関0234,D1849,医師_D1849
HYQ,W,F0052,医療機関0052,D1850,医師_D1850
HYQ,W,F0252,医療機関0252,D1851,医師_D1851
HYQ,W,F0268,医療機関0268,D1852,医師_D1852
HYQ,W,F0029,医療機関0029,D1853,医師_D1853
HYQ,W,F0250,医療機関0250,D1855,医師_D1855
HYQ,W,F0143,医療機関0143,D1856,医師_D1856
HYQ,W,F0253,医療機関0253,D1857,医師_D1857
HYQ,W,F0281,医療機関0281,D1858,医師_D1858
HYQ,W,F0143,医療機関0143,D1859,医師_D1859
HYQ,W,F0018,医療機関0018,D1860,医師_D1860
HYQ,W,F0103,医療機関0103,D1861,医師_D1861
HYQ,W,F0176,医療機関0176,D1864,医師_D1864
HYQ,W,F0059,医療機関0059,D1866,医師_D1866
HYQ,W,F0204,医療機関0204,D1868,医師_D1868
HYQ,W,F0009,医療機関0009,D1869,医師_D1869
HYQ,W,F0065,医療機関0065,D1870,医師_D1870
HYQ,W,F0268,医療機関0268,D1871,医師_D1871
HYQ,W,F0030,医療機関0030,D1872,医師_D1872
HYQ,W,F0125,医療機関0125,D1873,医師_D1873
HYQ,W,F0032,医療機関0032,D1875,医師_D1875
HYQ,W,F0157,医療機関0157,D1877,医師_D1877
HYQ,W,F0053,医療機関0053,D1878,医師_D1878
HYQ,W,F0024,医療機関0024,D1879,医師_D1879
HYQ,W,F0041,医療機関0041,D1880,医師_D1880
HYQ,W,F0259,医療機関0259,D1882,医師_D1882
HYQ,W,F0055,医療機関0055,D1883,医師_D1883
HYQ,W,F0097,医療機関0097,D1884,医師_D1884
HYQ,W,F0104,医療機関0104,D1885,医師_D1885
HYQ,W,F0109,医療機関0109,D1886,医師_D1886
HYQ,W,F0074,医療機関0074,D1887,医師_D1887
HYQ,W,F0017,医療機関0017,D1888,医師_D1888
HYQ,W,F0108,医療機関0108,D1890,医師_D1890
HYQ,W,F0103,医療機関0103,D1891,医師_D1891
HYQ,W,F0080,医療機関0080,D1892,医師_D1892
HYQ,W,F0279,医療機関0279,D1893,医師_D1893
HYQ,W,F0126,医療機関0126,D1895,医師_D1895
HYQ,W,F0062,医療機関0062,D1896,医師_D1896
HYQ,W,F0241,医療機関0241,D1897,医師_D1897
HYQ,W,F0267,医療機関0267,D1898,医師_D1898
HYQ,W,F0010,医療機関0010,D1899,医師_D1899
HYQ,W,F0279,医療機関0279,D1900,医師_D1900
HYQ,W,F0226,医療機関0226,D1903,医師_D1903
HYQ,W,F0016,医療機関0016,D1905,医師_D1905
HYQ,W,F0035,医療機関0035,D1906,医師_D1906
HYQ,W,F0186,医療機関0186,D1908,医師_D1908
HYQ,W,F0123,医療機関0123,D1909,医師_D1909
HYQ,W,F0037,医療機関0037,D1910,医師_D1910
HYQ,W,F0060,医療機関0060,D1911,医師_D1911
HYQ,W,F0256,医療機関0256,D1912,医師_D1912
HYQ,W,F0289,医療機関0289,D1913,医師_D1913
HYQ,W,F0227,医療機関0227,D1914,医師_D1914
HYQ,W,F0032,医療機関0032,D1915,医師_D1915
HYQ,W,F0246,医療機関0246,D1916,医師_D1916
HYQ,W,F0208,医療機関0208,D1917,医師_D1917
HYQ,W,F0158,医療機関0158,D1918,医師_D1918
HYQ,W,F0300,医療機関0300,D1920,医師_D1920
HYQ,W,F0133,医療機関0133,D1921,医師_D1921
HYQ,W,F0014,医療機関0014,D1922,医師_D1922
HYQ,W,F0019,医療機関0019,D1925,医師_D1925
HYQ,W,F0098,医療機関0098,D1926,医師_D1926
HYQ,W,F0141,医療機関0141,D1927,医師_D1927
HYQ,W,F0285,医療機関0285,D1928,医師_D1928
HYQ,W,F0174,医療機関0174,D1930,医師_D1930
HYQ,W,F0275,医療機関0275,D1931,医師_D1931
HYQ,W,F0242,医療機関0242,D1932,医師_D1932
HYQ,W,F0278,医療機関0278,D1933,医師_D1933
HYQ,W,F0052,医療機関0052,D1934,医師_D1934
HYQ,W,F0294,医療機関0294,D1936,医師_D1936
HYQ,W,F0150,医療機関0150,D1938,医師_D1938
HYQ,W,F0160,医療機関0160,D1939,医師_D1939
HYQ,W,F0149,医療機関0149,D1940,医師_D1940
HYQ,W,F0087,医療機関0087,D1941,医師_D1941
HYQ,W,F0292,医療機関0292,D1942,医師_D1942
HYQ,W,F0287,医療機関0287,D1943,医師_D1943
HYQ,W,F0115,医療機関0115,D1944,医師_D1944
HYQ,W,F0242,医療機関0242,D1945,医師_D1945
HYQ,W,F0120,医療機関0120,D1946,医師_D1946
HYQ,W,F0176,医療機関0176,D1948,医師_D1948
HYQ,W,F0142,医療機関0142,D1949,医師_D1949
INT,R,F0222,医療機関0222,D0003,医師_D0003
INT,R,F0080,医療機関0080,D0018,医師_D0018
INT,R,F0126,医療機関0126,D0024,医師_D0024
INT,R,F0070,医療機関0070,D0026,医師_D0026
INT,R,F0111,医療機関0111,D0028,医師_D0028
INT,R,F0222,医療機関0222,D0031,医師_D0031
INT,R,F0099,医療機関0099,D0032,医師_D0032
INT,R,F0285,医療機関0285,D0040,医師_D0040
INT,R,F0275,医療機関0275,D0042,医師_D0042
INT,R,F0232,医療機関0232,D0045,医師_D0045
INT,R,F0255,医療機関0255,D0050,医師_D0050
INT,R,F0242,医療機関0242,D0054,医師_D0054
INT,R,F0230,医療機関0230,D0057,医師_D0057
INT,R,F0087,医療機関0087,D0060,医師_D0060
INT,R,F0221,医療機関0221,D0062,医師_D0062
INT,R,F0180,医療機関0180,D0065,医師_D0065
INT,R,F0151,医療機関0151,D0067,医師_D0067
INT,R,F0276,医療機関0276,D0069,医師_D0069
INT,R,F0281,医療機関0281,D0080,医師_D0080
INT,R,F0042,医療機関0042,D0082,医師_D0082
INT,R,F0051,医療機関0051,D0085,医師_D0085
INT,R,F0241,医療機関0241,D0086,医師_D0086
INT,R,F0235,医療機関0235,D0090,医師_D0090
INT,R,F0178,医療機関0178,D0098,医師_D0098
INT,R,F0016,医療機関0016,D0099,医師_D0099
INT,R,F0143,医療機関0143,D0109,医師_D0109
INT,R,F0219,医療機関0219,D0113,医師_D0113
INT,R,F0148,医療機関0148,D0118,医師_D0118
INT,R,F0071,医療機関0071,D0119,医師_D0119
INT,R,F0036,医療機関0036,D0124,医師_D0124
INT,R,F0236,医療機関0236,D0125,医師_D0125
INT,R,F0198,医療機関0198,D0130,医師_D0130
INT,R,F0277,医療機関0277,D0133,医師_D0133
INT,R,F0233,医療機関0233,D0134,医師_D0134
INT,R,F0220,医療機関0220,D0137,医師_D0137
INT,R,F0222,医療機関0222,D0139,医師_D0139
INT,R,F0246,医療機関0246,D0141,医師_D0141
INT,R,F0082,医療機関0082,D0144,医師_D0144
INT,R,F0095,医療機関0095,D0148,医師_D0148
INT,R,F0026,医療機関0026,D0153,医師_D0153
INT,R,F0281,医療機関0281,D0154,医師_D0154
INT,R,F0167,医療機関0167,D0155,医師_D0155
INT,R,F0115,医療機関0115,D0158,医師_D0158
INT,R,F0039,医療機関0039,D0159,医師_D0159
INT,R,F0219,医療機関0219,D0160,医師_D0160
INT,R,F0042,医療機関0042,D0169,医師_D0169
INT,R,F0254,医療機関0254,D0175,医師_D0175
INT,R,F0128,医療機関0128,D0177,医師_D0177
INT,R,F0177,医療機関0177,D0186,医師_D0186
INT,R,F0010,医療機関0010,D0187,医師_D0187
INT,R,F0137,医療機関0137,D0192,医師_D0192
INT,R,F0130,医療機関0130,D0195,医師_D0195
INT,R,F0089,医療機関0089,D0196,医師_D0196
INT,R,F0004,医療機関0004,D0201,医師_D0201
INT,R,F0155,医療機関0155,D0203,医師_D0203
INT,R,F0235,医療機関0235,D0206,医師_D0206
INT,R,F0014,医療機関0014,D0211,医師_D0211
INT,R,F0206,医療機関0206,D0213,医師_D0213
INT,R,F0196,医療機関0196,D0224,医師_D0224
INT,R,F0136,医療機関0136,D0233,医師_D0233
INT,R,F0087,医療機関0087,D0241,医師_D0241
INT,R,F0246,医療機関0246,D0249,医師_D0249
INT,R,F0255,医療機関0255,D0256,医師_D0256
INT,R,F0074,医療機関0074,D0257,医師_D0257
INT,R,F0291,医療機関0291,D0261,医師_D0261
INT,R,F0254,医療機関0254,D0265,医師_D0265
INT,R,F0252,医療機関0252,D0268,医師_D0268
INT,R,F0134,医療機関0134,D0269,医師_D0269
INT,R,F0035,医療機関0035,D0273,医師_D0273
INT,R,F0038,医療機関0038,D0274,医師_D0274
INT,R,F0210,医療機関0210,D0275,医師_D0275
INT,R,F0165,医療機関0165,D0279,医師_D0279
INT,R,F0135,医療機関0135,D0283,医師_D0283
INT,R,F0244,医療機関0244,D0285,医師_D0285
INT,R,F0221,医療機関0221,D0286,医師_D0286
INT,R,F0295,医療機関0295,D0294,医師_D0294
INT,R,F0185,医療機関0185,D0300,医師_D0300
INT,R,F0266,医療機関0266,D0304,医師_D0304
INT,R,F0213,医療機関0213,D0306,医師_D0306
INT,R,F0124,医療機関0124,D0307,医師_D0307
INT,R,F0052,医療機関0052,D0308,医師_D0308
INT,R,F0232,医療機関0232,D0311,医師_D0311
INT,R,F0236,医療機関0236,D0318,医師_D0318
INT,R,F0077,医療機関0077,D0319,医師_D0319
INT,R,F0191,医療機関0191,D0320,医師_D0320
INT,R,F0262,医療機関0262,D0321,医師_D0321
INT,R,F0284,医療機関0284,D0326,医師_D0326
INT,R,F0210,医療機関0210,D0332,医師_D0332
INT,R,F0045,医療機関0045,D0338,医師_D0338
INT,R,F0208,医療機関0208,D0341,医師_D0341
INT,R,F0084,医療機関0084,D0350,医師_D0350
INT,R,F0029,医療機関0029,D0351,医師_D0351
INT,R,F0129,医療機関0129,D0354,医師_D0354
INT,R,F0236,医療機関0236,D0355,医師_D0355
INT,R,F0121,医療機関0121,D0357,医師_D0357
INT,R,F0181,医療機関0181,D0367,医師_D0367
INT,R,F0096,医療機関0096,D0368,医師_D0368
INT,R,F0011,医療機関0011,D0370,医師_D0370
INT,R,F0090,医療機関0090,D0371,医師_D0371
INT,R,F0029,医療機関0029,D0377,医師_D0377
INT,R,F0172,医療機関0172,D0378,医師_D0378
INT,R,F0106,医療機関0106,D0379,医師_D0379
INT,R,F0095,医療機関0095,D0388,医師_D0388
INT,R,F0074,医療機関0074,D0389,医師_D0389
INT,R,F0060,医療機関0060,D0393,医師_D0393
INT,R,F0188,医療機関0188,D0396,医師_D0396
INT,R,F0109,医療機関0109,D0398,医師_D0398
INT,R,F0289,医療機関0289,D0399,医師_D0399
INT,R,F0154,医療機関0154,D0400,医師_D0400
INT,R,F0277,医療機関0277,D0406,医師_D0406
INT,R,F0256,医療機関0256,D0407,医師_D0407
INT,R,F0081,医療機関0081,D0411,医師_D0411
INT,R,F0116,医療機関0116,D0417,医師_D0417
INT,R,F0035,医療機関0035,D0420,医師_D0420
INT,R,F0261,医療機関0261,D0423,医師_D0423
INT,R,F0253,医療機関0253,D0424,医師_D0424
INT,R,F0095,医療機関0095,D0434,医師_D0434
INT,R,F0005,医療機関0005,D0438,医師_D0438
INT,R,F0132,医療機関0132,D0439,医師_D0439
INT,R,F0249,医療機関0249,D0440,医師_D0440
INT,R,F0212,医療機関0212,D0441,医師_D0441
INT,R,F0257,医療機関0257,D0442,医師_D0442
INT,R,F0125,医療機関0125,D0443,医師_D0443
INT,R,F0072,医療機関0072,D0447,医師_D0447
INT,R,F0036,医療機関0036,D0450,医師_D0450
INT,R,F0023,医療機関0023,D0455,医師_D0455
INT,R,F0135,医療機関0135,D0457,医師_D0457
INT,R,F0128,医療機関0128,D0459,医師_D0459
INT,R,F0212,医療機関0212,D0464,医師_D0464
INT,R,F0278,医療機関0278,D0467,医師_D0467
INT,R,F0004,医療機関0004,D0470,医師_D0470
INT,R,F0063,医療機関0063,D0472,医師_D0472
INT,R,F0227,医療機関0227,D0473,医師_D0473
INT,R,F0297,医療機関0297,D0482,医師_D0482
INT,R,F0298,医療機関0298,D0488,医師_D0488
INT,R,F0251,医療機関0251,D0497,医師_D0497
INT,R,F0276,医療機関0276,D0503,医師_D0503
INT,R,F0046,医療機関0046,D0504,医師_D0504
INT,R,F0273,医療機関0273,D0508,医師_D0508
INT,R,F0283,医療機関0283,D0509,医師_D0509
INT,R,F0190,医療機関0190,D0511,医師_D0511
INT,R,F0058,医療機関0058,D0513,医師_D0513
INT,R,F0059,医療機関0059,D0515,医師_D0515
INT,R,F0081,医療機関0081,D0523,医師_D0523
INT,R,F0074,医療機関0074,D0524,医師_D0524
INT,R,F0254,医療機関0254,D0526,医師_D0526
INT,R,F0123,医療機関0123,D0531,医師_D0531
INT,R,F0202,医療機関0202,D0532,医師_D0532
INT,R,F0239,医療機関0239,D0533,医師_D0533
INT,R,F0185,医療機関0185,D0535,医師_D0535
INT,R,F0218,医療機関0218,D0537,医師_D0537
INT,R,F0162,医療機関0162,D0540,医師_D0540
INT,R,F0280,医療機関0280,D0543,医師_D0543
INT,R,F0100,医療機関0100,D0545,医師_D0545
INT,R,F0160,医療機関0160,D0547,医師_D0547
INT,R,F0231,医療機関0231,D0548,医師_D0548
INT,R,F0256,医療機関0256,D0550,医師_D0550
INT,R,F0116,医療機関0116,D0559,医師_D0559
INT,R,F0103,医療機関0103,D0560,医師_D0560
INT,R,F0175,医療機関0175,D0561,医師_D0561
INT,R,F0255,医療機関0255,D0563,医師_D0563
INT,R,F0156,医療機関0156,D0565,医師_D0565
INT,R,F0032,医療機関0032,D0566,医師_D0566
INT,R,F0102,医療機関0102,D0576,医師_D0576
INT,R,F0208,医療機関0208,D0583,医師_D0583
INT,R,F0084,医療機関0084,D0592,医師_D0592
INT,R,F0211,医療機関0211,D0594,医師_D0594
INT,R,F0158,医療機関0158,D0595,医師_D0595
INT,R,F0271,医療機関0271,D0606,医師_D0606
INT,R,F0289,医療機関0289,D0610,医師_D0610
INT,R,F0023,医療機関0023,D0615,医師_D0615
INT,R,F0035,医療機関0035,D0616,医師_D0616
INT,R,F0153,医療機関0153,D0617,医師_D0617
INT,R,F0247,医療機関0247,D0631,医師_D0631
INT,R,F0192,医療機関0192,D0635,医師_D0635
INT,R,F0090,医療機関0090,D0639,医師_D0639
INT,R,F0098,医療機関0098,D0649,医師_D0649
INT,R,F0195,医療機関0195,D0655,医師_D0655
INT,R,F0222,医療機関0222,D0682,医師_D0682
INT,R,F0015,医療機関0015,D0686,医師_D0686
INT,R,F0031,医療機関0031,D0689,医師_D0689
INT,R,F0079,医療機関0079,D0697,医師_D0697
INT,R,F0204,医療機関0204,D0698,医師_D0698
INT,R,F0228,医療機関0228,D0701,医師_D0701
INT,R,F0269,医療機関0269,D0704,医師_D0704
INT,R,F0202,医療機関0202,D0706,医師_D0706
INT,R,F0120,医療機関0120,D0720,医師_D0720
INT,R,F0266,医療機関0266,D0724,医師_D0724
INT,R,F0260,医療機関0260,D0725,医師_D0725
INT,R,F0300,医療機関0300,D0736,医師_D0736
INT,R,F0192,医療機関0192,D0737,医師_D0737
INT,R,F0089,医療機関0089,D0738,医師_D0738
INT,R,F0257,医療機関0257,D0747,医師_D0747
INT,R,F0211,医療機関0211,D0748,医師_D0748
INT,R,F0150,医療機関0150,D0756,医師_D0756
INT,R,F0025,医療機関0025,D0761,医師_D0761
INT,R,F0021,医療機関0021,D0762,医師_D0762
INT,R,F0006,医療機関0006,D0766,医師_D0766
INT,R,F0091,医療機関0091,D0767,医師_D0767
INT,R,F0289,医療機関0289,D0769,医師_D0769
INT,R,F0191,医療機関0191,D0770,医師_D0770
INT,R,F0265,医療機関0265,D0771,医師_D0771
INT,R,F0267,医療機関0267,D0775,医師_D0775
INT,R,F0289,医療機関0289,D0777,医師_D0777
INT,R,F0226,医療機関0226,D0778,医師_D0778
INT,R,F0151,医療機関0151,D0779,医師_D0779
INT,R,F0169,医療機関0169,D0787,医師_D0787
INT,R,F0092,医療機関0092,D0791,医師_D0791
INT,R,F0296,医療機関0296,D0793,医師_D0793
INT,R,F0065,医療機関0065,D0795,医師_D0795
INT,R,F0090,医療機関0090,D0800,医師_D0800
INT,R,F0097,医療機関0097,D0804,医師_D0804
INT,R,F0054,医療機関0054,D0805,医師_D0805
INT,R,F0047,医療機関0047,D0806,医師_D0806
INT,R,F0076,医療機関0076,D0813,医師_D0813
INT,R,F0259,医療機関0259,D0819,医師_D0819
INT,R,F0143,医療機関0143,D0820,医師_D0820
INT,R,F0077,医療機関0077,D0825,医師_D0825
INT,R,F0056,医療機関0056,D0832,医師_D0832
INT,R,F0052,医療機関0052,D0833,医師_D0833
INT,R,F0169,医療機関0169,D0834,医師_D0834
INT,R,F0011,医療機関0011,D0846,医師_D0846
INT,R,F0013,医療機関0013,D0852,医師_D0852
INT,R,F0074,医療機関0074,D0854,医師_D0854
INT,R,F0137,医療機関0137,D0858,医師_D0858
INT,R,F0238,医療機関0238,D0861,医師_D0861
INT,R,F0015,医療機関0015,D0863,医師_D0863
INT,R,F0016,医療機関0016,D0864,医師_D0864
INT,R,F0191,医療機関0191,D0867,医師_D0867
INT,R,F0234,医療機関0234,D0869,医師_D0869
INT,R,F0270,医療機関0270,D0871,医師_D0871
INT,R,F0210,医療機関0210,D0872,医師_D0872
INT,R,F0135,医療機関0135,D0873,医師_D0873
INT,R,F0091,医療機関0091,D0876,医師_D0876
INT,R,F0125,医療機関0125,D0880,医師_D0880
INT,R,F0087,医療機関0087,D0883,医師_D0883
INT,R,F0153,医療機関0153,D0890,医師_D0890
INT,R,F0124,医療機関0124,D0895,医師_D0895
INT,R,F0166,医療機関0166,D0897,医師_D0897
INT,R,F0141,医療機関0141,D0899,医師_D0899
INT,R,F0159,医療機関0159,D0901,医師_D0901
INT,R,F0079,医療機関0079,D0902,医師_D0902
INT,R,F0097,医療機関0097,D0904,医師_D0904
INT,R,F0069,医療機関0069,D0912,医師_D0912
INT,R,F0015,医療機関0015,D0926,医師_D0926
INT,R,F0096,医療機関0096,D0927,医師_D0927
INT,R,F0027,医療機関0027,D0931,医師_D0931
INT,R,F0003,医療機関0003,D0932,医師_D0932
INT,R,F0057,医療機関0057,D0934,医師_D0934
INT,R,F0010,医療機関0010,D0936,医師_D0936
INT,R,F0047,医療機関0047,D0937,医師_D0937
INT,R,F0207,医療機関0207,D0947,医師_D0947
INT,R,F0085,医療機関0085,D0951,医師_D0951
INT,R,F0257,医療機関0257,D0952,医師_D0952
INT,R,F0270,医療機関0270,D0957,医師_D0957
INT,R,F0257,医療機関0257,D0960,医師_D0960
INT,R,F0088,医療機関0088,D0961,医師_D0961
INT,R,F0075,医療機関0075,D0963,医師_D0963
INT,R,F0276,医療機関0276,D0964,医師_D0964
INT,R,F0291,医療機関0291,D0967,医師_D0967
INT,R,F0024,医療機関0024,D0971,医師_D0971
INT,R,F0221,医療機関0221,D0973,医師_D0973
INT,R,F0244,医療機関0244,D0974,医師_D0974
INT,R,F0240,医療機関0240,D0978,医師_D0978
INT,R,F0155,医療機関0155,D0983,医師_D0983
INT,R,F0221,医療機関0221,D0991,医師_D0991
INT,R,F0198,医療機関0198,D0997,医師_D0997
INT,R,F0254,医療機関0254,D0999,医師_D0999
INT,R,F0213,医療機関0213,D1000,医師_D1000
INT,R,F0071,医療機関0071,D1009,医師_D1009
INT,R,F0038,医療機関0038,D1010,医師_D1010
INT,R,F0202,医療機関0202,D1013,医師_D1013
INT,R,F0208,医療機関0208,D1014,医師_D1014
INT,R,F0176,医療機関0176,D1028,医師_D1028
INT,R,F0039,医療機関0039,D1030,医師_D1030
INT,R,F0161,医療機関0161,D1036,医師_D1036
INT,R,F0050,医療機関0050,D1037,医師_D1037
INT,R,F0179,医療機関0179,D1044,医師_D1044
INT,R,F0294,医療機関0294,D1049,医師_D1049
INT,R,F0006,医療機関0006,D1052,医師_D1052
INT,R,F0070,医療機関0070,D1056,医師_D1056
INT,R,F0252,医療機関0252,D1059,医師_D1059
INT,R,F0158,医療機関0158,D1065,医師_D1065
INT,R,F0204,医療機関0204,D1068,医師_D1068
INT,R,F0229,医療機関0229,D1071,医師_D1071
INT,R,F0171,医療機関0171,D1072,医師_D1072
INT,R,F0216,医療機関0216,D1075,医師_D1075
INT,R,F0278,医療機関0278,D1079,医師_D1079
INT,R,F0205,医療機関0205,D1096,医師_D1096
INT,R,F0045,医療機関0045,D1098,医師_D1098
INT,R,F0108,医療機関0108,D1099,医師_D1099
INT,R,F0289,医療機関0289,D1100,医師_D1100
INT,R,F0054,医療機関0054,D1102,医師_D1102
INT,R,F0060,医療機関0060,D1104,医師_D1104
INT,R,F0276,医療機関0276,D1105,医師_D1105
INT,R,F0296,医療機関0296,D1107,医師_D1107
INT,R,F0103,医療機関0103,D1111,医師_D1111
INT,R,F0141,医療機関0141,D1112,医師_D1112
INT,R,F0264,医療機関0264,D1113,医師_D1113
INT,R,F0114,医療機関0114,D1118,医師_D1118
INT,R,F0196,医療機関0196,D1123,医師_D1123
INT,R,F0220,医療機関0220,D1124,医師_D1124
INT,R,F0161,医療機関0161,D1125,医師_D1125
INT,R,F0235,医療機関0235,D1126,医師_D1126
INT,R,F0171,医療機関0171,D1128,医師_D1128
INT,R,F0134,医療機関0134,D1129,医師_D1129
INT,R,F0240,医療機関0240,D1136,医師_D1136
INT,R,F0007,医療機関0007,D1144,医師_D1144
INT,R,F0064,医療機関0064,D1145,医師_D1145
INT,R,F0294,医療機関0294,D1146,医師_D1146
INT,R,F0297,医療機関0297,D1147,医師_D1147
INT,R,F0216,医療機関0216,D1150,医師_D1150
INT,R,F0189,医療機関0189,D1153,医師_D1153
INT,R,F0096,医療機関0096,D1156,医師_D1156
INT,R,F0141,医療機関0141,D1168,医師_D1168
INT,R,F0114,医療機関0114,D1172,医師_D1172
INT,R,F0109,医療機関0109,D1173,医師_D1173
INT,R,F0100,医療機関0100,D1177,医師_D1177
INT,R,F0060,医療機関0060,D1187,医師_D1187
INT,R,F0142,医療機関0142,D1189,医師_D1189
INT,R,F0084,医療機関0084,D1194,医師_D1194
INT,R,F0061,医療機関0061,D1196,医師_D1196
INT,R,F0157,医療機関0157,D1200,医師_D1200
INT,R,F0141,医療機関0141,D1202,医師_D1202
INT,R,F0014,医療機関0014,D1206,医師_D1206
INT,R,F0288,医療機関0288,D1210,医師_D1210
INT,R,F0074,医療機関0074,D1211,医師_D1211
INT,R,F0149,医療機関0149,D1214,医師_D1214
INT,R,F0034,医療機関0034,D1216,医師_D1216
INT,R,F0071,医療機関0071,D1217,医師_D1217
INT,R,F0076,医療機関0076,D1218,医師_D1218
INT,R,F0232,医療機関0232,D1225,医師_D1225
INT,R,F0124,医療機関0124,D1235,医師_D1235
INT,R,F0283,医療機関0283,D1237,医師_D1237
INT,R,F0166,医療機関0166,D1240,医師_D1240
INT,R,F0030,医療機関0030,D1242,医師_D1242
INT,R,F0025,医療機関0025,D1251,医師_D1251
INT,R,F0176,医療機関0176,D1258,医師_D1258
INT,R,F0229,医療機関0229,D1268,医師_D1268
INT,R,F0063,医療機関0063,D1272,医師_D1272
INT,R,F0070,医療機関0070,D1277,医師_D1277
INT,R,F0269,医療機関0269,D1278,医師_D1278
INT,R,F0219,医療機関0219,D1279,医師_D1279
INT,R,F0031,医療機関0031,D1280,医師_D1280
INT,R,F0080,医療機関0080,D1282,医師_D1282
INT,R,F0054,医療機関0054,D1286,医師_D1286
INT,R,F0263,医療機関0263,D1298,医師_D1298
INT,R,F0216,医療機関0216,D1303,医師_D1303
INT,R,F0023,医療機関0023,D1311,医師_D1311
INT,R,F0118,医療機関0118,D1321,医師_D1321
INT,R,F0161,医療機関0161,D1322,医師_D1322
INT,R,F0131,医療機関0131,D1324,医師_D1324
INT,R,F0286,医療機関0286,D1330,医師_D1330
INT,R,F0027,医療機関0027,D1331,医師_D1331
INT,R,F0145,医療機関0145,D1332,医師_D1332
INT,R,F0063,医療機関0063,D1340,医師_D1340
INT,R,F0076,医療機関0076,D1342,医師_D1342
INT,R,F0036,医療機関0036,D1346,医師_D1346
INT,R,F0048,医療機関0048,D1347,医師_D1347
INT,R,F0140,医療機関0140,D1354,医師_D1354
INT,R,F0121,医療機関0121,D1356,医師_D1356
INT,R,F0057,医療機関0057,D1360,医師_D1360
INT,R,F0297,医療機関0297,D1362,医師_D1362
INT,R,F0223,医療機関0223,D1366,医師_D1366
INT,R,F0141,医療機関0141,D1368,医師_D1368
INT,R,F0046,医療機関0046,D1370,医師_D1370
INT,R,F0103,医療機関0103,D1374,医師_D1374
INT,R,F0103,医療機関0103,D1378,医師_D1378
INT,R,F0239,医療機関0239,D1380,医師_D1380
INT,R,F0278,医療機関0278,D1390,医師_D1390
INT,R,F0001,医療機関0001,D1396,医師_D1396
INT,R,F0085,医療機関0085,D1400,医師_D1400
INT,R,F0264,医療機関0264,D1401,医師_D1401
INT,R,F0120,医療機関0120,D1403,医師_D1403
INT,R,F0118,医療機関0118,D1412,医師_D1412
INT,R,F0125,医療機関0125,D1417,医師_D1417
INT,R,F0216,医療機関0216,D1419,医師_D1419
INT,R,F0139,医療機関0139,D1420,医師_D1420
INT,R,F0022,医療機関0022,D1425,医師_D1425
INT,R,F0103,医療機関0103,D1430,医師_D1430
INT,R,F0296,医療機関0296,D1435,医師_D1435
INT,R,F0087,医療機関0087,D1441,医師_D1441
INT,R,F0268,医療機関0268,D1442,医師_D1442
INT,R,F0225,医療機関0225,D1444,医師_D1444
INT,R,F0298,医療機関0298,D1446,医師_D1446
INT,R,F0160,医療機関0160,D1448,医師_D1448
INT,R,F0198,医療機関0198,D1450,医師_D1450
INT,R,F0109,医療機関0109,D1453,医師_D1453
INT,R,F0215,医療機関0215,D1455,医師_D1455
INT,R,F0110,医療機関0110,D1456,医師_D1456
INT,R,F0221,医療機関0221,D1457,医師_D1457
INT,R,F0119,医療機関0119,D1459,医師_D1459
INT,R,F0216,医療機関0216,D1464,医師_D1464
INT,R,F0218,医療機関0218,D1467,医師_D1467
INT,R,F0100,医療機関0100,D1469,医師_D1469
INT,R,F0057,医療機関0057,D1471,医師_D1471
INT,R,F0103,医療機関0103,D1474,医師_D1474
INT,R,F0140,医療機関0140,D1477,医師_D1477
INT,R,F0038,医療機関0038,D1480,医師_D1480
INT,R,F0098,医療機関0098,D1483,医師_D1483
INT,R,F0220,医療機関0220,D1487,医師_D1487
INT,R,F0092,医療機関0092,D1489,医師_D1489
INT,R,F0006,医療機関0006,D1490,医師_D1490
INT,R,F0259,医療機関0259,D1498,医師_D1498
INT,R,F0226,医療機関0226,D1499,医師_D1499
INT,R,F0275,医療機関0275,D1513,医師_D1513
INT,R,F0289,医療機関0289,D1517,医師_D1517
INT,R,F0224,医療機関0224,D1525,医師_D1525
INT,R,F0162,医療機関0162,D1539,医師_D1539
INT,R,F0263,医療機関0263,D1542,医師_D1542
INT,R,F0184,医療機関0184,D1544,医師_D1544
INT,R,F0255,医療機関0255,D1549,医師_D1549
INT,R,F0097,医療機関0097,D1552,医師_D1552
INT,R,F0133,医療機関0133,D1557,医師_D1557
INT,R,F0244,医療機関0244,D1559,医師_D1559
INT,R,F0300,医療機関0300,D1573,医師_D1573
INT,R,F0073,医療機関0073,D1582,医師_D1582
INT,R,F0191,医療機関0191,D1585,医師_D1585
INT,R,F0092,医療機関0092,D1587,医師_D1587
INT,R,F0078,医療機関0078,D1588,医師_D1588
INT,R,F0198,医療機関0198,D1595,医師_D1595
INT,R,F0233,医療機関0233,D1612,医師_D1612
INT,R,F0118,医療機関0118,D1616,医師_D1616
INT,R,F0086,医療機関0086,D1619,医師_D1619
INT,R,F0008,医療機関0008,D1623,医師_D1623
INT,R,F0295,医療機関0295,D1630,医師_D1630
INT,R,F0021,医療機関0021,D1632,医師_D1632
INT,R,F0042,医療機関0042,D1634,医師_D1634
INT,R,F0177,医療機関0177,D1635,医師_D1635
INT,R,F0266,医療機関0266,D1640,医師_D1640
INT,R,F0173,医療機関0173,D1647,医師_D1647
INT,R,F0053,医療機関0053,D1648,医師_D1648
INT,R,F0047,医療機関0047,D1649,医師_D1649
INT,R,F0128,医療機関0128,D1650,医師_D1650
INT,R,F0196,医療機関0196,D1658,医師_D1658
INT,R,F0298,医療機関0298,D1660,医師_D1660
INT,R,F0155,医療機関0155,D1664,医師_D1664
INT,R,F0032,医療機関0032,D1665,医師_D1665
INT,R,F0219,医療機関0219,D1668,医師_D1668
INT,R,F0139,医療機関0139,D1674,医師_D1674
INT,R,F0016,医療機関0016,D1678,医師_D1678
INT,R,F0098,医療機関0098,D1683,医師_D1683
INT,R,F0097,医療機関0097,D1692,医師_D1692
INT,R,F0225,医療機関0225,D1694,医師_D1694
INT,R,F0268,医療機関0268,D1700,医師_D1700
INT,R,F0029,医療機関0029,D1706,医師_D1706
INT,R,F0085,医療機関0085,D1711,医師_D1711
INT,R,F0016,医療機関0016,D1714,医師_D1714
INT,R,F0030,医療機関0030,D1721,医師_D1721
INT,R,F0225,医療機関0225,D1725,医師_D1725
INT,R,F0051,医療機関0051,D1728,医師_D1728
INT,R,F0081,医療機関0081,D1733,医師_D1733
INT,R,F0099,医療機関0099,D1747,医師_D1747
INT,R,F0226,医療機関0226,D1748,医師_D1748
INT,R,F0152,医療機関0152,D1750,医師_D1750
INT,R,F0140,医療機関0140,D1754,医師_D1754
INT,R,F0093,医療機関0093,D1755,医師_D1755
INT,R,F0111,医療機関0111,D1756,医師_D1756
INT,R,F0066,医療機関0066,D1758,医師_D1758
INT,R,F0188,医療機関0188,D1759,医師_D1759
INT,R,F0195,医療機関0195,D1761,医師_D1761
INT,R,F0226,医療機関0226,D1762,医師_D1762
INT,R,F0036,医療機関0036,D1764,医師_D1764
INT,R,F0053,医療機関0053,D1768,医師_D1768
INT,R,F0247,医療機関0247,D1772,医師_D1772
INT,R,F0293,医療機関0293,D1788,医師_D1788
INT,R,F0287,医療機関0287,D1789,医師_D1789
INT,W,F0185,医療機関0185,D0001,医師_D0001
INT,W,F0234,医療機関0234,D0002,医師_D0002
INT,W,F0041,医療機関0041,D0004,医師_D0004
INT,W,F0248,医療機関0248,D0005,医師_D0005
INT,W,F0161,医療機関0161,D0006,医師_D0006
INT,W,F0097,医療機関0097,D0007,医師_D0007
INT,W,F0155,医療機関0155,D0008,医師_D0008
INT,W,F0291,医療機関0291,D0009,医師_D0009
INT,W,F0258,医療機関0258,D0010,医師_D0010
INT,W,F0251,医療機関0251,D0011,医師_D0011
INT,W,F0139,医療機関0139,D0012,医師_D0012
INT,W,F0236,医療機関0236,D0013,医師_D0013
INT,W,F0116,医療機関0116,D0014,医師_D0014
INT,W,F0206,医療機関0206,D0015,医師_D0015
INT,W,F0192,医療機関0192,D0016,医師_D0016
INT,W,F0075,医療機関0075,D0017,医師_D0017
INT,W,F0019,医療機関0019,D0019,医師_D0019
INT,W,F0042,医療機関0042,D0020,医師_D0020
INT,W,F0131,医療機関0131,D0021,医師_D0021
INT,W,F0144,医療機関0144,D0022,医師_D0022
INT,W,F0050,医療機関0050,D0023,医師_D0023
INT,W,F0182,医療機関0182,D0025,医師_D0025
INT,W,F0102,医療機関0102,D0027,医師_D0027
INT,W,F0152,医療機関0152,D0029,医師_D0029
INT,W,F0110,医療機関0110,D0030,医師_D0030
INT,W,F0131,医療機関0131,D0033,医師_D0033
INT,W,F0114,医療機関0114,D0034,医師_D0034
INT,W,F0055,医療機関0055,D0035,医師_D0035
INT,W,F0206,医療機関0206,D0036,医師_D0036
INT,W,F0071,医療機関0071,D0037,医師_D0037
INT,W,F0090,医療機関0090,D0038,医師_D0038
INT,W,F0238,医療機関0238,D0039,医師_D0039
INT,W,F0202,医療機関0202,D0041,医師_D0041
INT,W,F0257,医療機関0257,D0043,医師_D0043
INT,W,F0145,医療機関0145,D0044,医師_D0044
INT,W,F0099,医療機関0099,D0046,医師_D0046
INT,W,F0139,医療機関0139,D0047,医師_D0047
INT,W,F0161,医療機関0161,D0048,医師_D0048
INT,W,F0289,医療機関0289,D0049,医師_D0049
INT,W,F0147,医療機関0147,D0051,医師_D0051
INT,W,F0196,医療機関0196,D0052,医師_D0052
INT,W,F0061,医療機関0061,D0053,医師_D0053
INT,W,F0166,医療機関0166,D0055,医師_D0055
INT,W,F0160,医療機関0160,D0056,医師_D0056
INT,W,F0190,医療機関0190,D0058,医師_D0058
INT,W,F0022,医療機関0022,D0059,医師_D0059
INT,W,F0054,医療機関0054,D0061,医師_D0061
INT,W,F0011,医療機関0011,D0063,医師_D0063
INT,W,F0061,医療機関0061,D0064,医師_D0064
INT,W,F0209,医療機関0209,D0066,医師_D0066
INT,W,F0259,医療機関0259,D0068,医師_D0068
INT,W,F0040,医療機関0040,D0070,医師_D0070
INT,W,F0286,医療機関0286,D0071,医師_D0071
INT,W,F0185,医療機関0185,D0072,医師_D0072
INT,W,F0191,医療機関0191,D0073,医師_D0073
INT,W,F0029,医療機関0029,D0074,医師_D0074
INT,W,F0187,医療機関0187,D0075,医師_D0075
INT,W,F0218,医療機関0218,D0076,医師_D0076
INT,W,F0175,医療機関0175,D0077,医師_D0077
INT,W,F0026,医療機関0026,D0078,医師_D0078
INT,W,F0157,医療機関0157,D0079,医師_D0079
INT,W,F0218,医療機関0218,D0081,医師_D0081
INT,W,F0288,医療機関0288,D0083,医師_D0083
INT,W,F0288,医療機関0288,D0084,医師_D0084
INT,W,F0123,医療機関0123,D0087,医師_D0087
INT,W,F0179,医療機関0179,D0088,医師_D0088
INT,W,F0134,医療機関0134,D0089,医師_D0089
INT,W,F0299,医療機関0299,D0091,医師_D0091
INT,W,F0239,医療機関0239,D0092,医師_D0092
INT,W,F0280,医療機関0280,D0093,医師_D0093
INT,W,F0284,医療機関0284,D0094,医師_D0094
INT,W,F0028,医療機関0028,D0095,医師_D0095
INT,W,F0077,医療機関0077,D0096,医師_D0096
INT,W,F0217,医療機関0217,D0097,医師_D0097
INT,W,F0029,医療機関0029,D0100,医師_D0100
INT,W,F0157,医療機関0157,D0101,医師_D0101
INT,W,F0185,医療機関0185,D0102,医師_D0102
INT,W,F0051,医療機関0051,D0103,医師_D0103
INT,W,F0052,医療機関0052,D0104,医師_D0104
INT,W,F0039,医療機関0039,D0105,医師_D0105
INT,W,F0170,医療機関0170,D0106,医師_D0106
INT,W,F0003,医療機関0003,D0107,医師_D0107
INT,W,F0172,医療機関0172,D0108,医師_D0108
INT,W,F0140,医療機関0140,D0110,医師_D0110
INT,W,F0204,医療機関0204,D0111,医師_D0111
INT,W,F0157,医療機関0157,D0112,医師_D0112
INT,W,F0230,医療機関0230,D0114,医師_D0114
INT,W,F0277,医療機関0277,D0115,医師_D0115
INT,W,F0240,医療機関0240,D0116,医師_D0116
INT,W,F0156,医療機関0156,D0117,医師_D0117
INT,W,F0180,医療機関0180,D0120,医師_D0120
INT,W,F0042,医療機関0042,D0121,医師_D0121
INT,W,F0280,医療機関0280,D0122,医師_D0122
INT,W,F0254,医療機関0254,D0123,医師_D0123
INT,W,F0036,医療機関0036,D0126,医師_D0126
INT,W,F0217,医療機関0217,D0127,医師_D0127
INT,W,F0027,医療機関0027,D0128,医師_D0128
INT,W,F0147,医療機関0147,D0129,医師_D0129
INT,W,F0219,医療機関0219,D0131,医師_D0131
INT,W,F0126,医療機関0126,D0132,医師_D0132
INT,W,F0063,医療機関0063,D0135,医師_D0135
INT,W,F0202,医療機関0202,D0136,医師_D0136
INT,W,F0101,医療機関0101,D0138,医師_D0138
INT,W,F0270,医療機関0270,D0140,医師_D0140
INT,W,F0229,医療機関0229,D0142,医師_D0142
INT,W,F0191,医療機関0191,D0143,医師_D0143
INT,W,F0239,医療機関0239,D0145,医師_D0145
INT,W,F0110,医療機関0110,D0146,医師_D0146
INT,W,F0160,医療機関0160,D0147,医師_D0147
INT,W,F0094,医療機関0094,D0149,医師_D0149
INT,W,F0048,医療機関0048,D0150,医師_D0150
INT,W,F0289,医療機関0289,D0151,医師_D0151
INT,W,F0045,医療機関0045,D0152,医師_D0152
INT,W,F0132,医療機関0132,D0156,医師_D0156
INT,W,F0222,医療機関0222,D0157,医師_D0157
INT,W,F0053,医療機関0053,D0161,医師_D0161
INT,W,F0166,医療機関0166,D0162,医師_D0162
INT,W,F0285,医療機関0285,D0163,医師_D0163
INT,W,F0281,医療機関0281,D0164,医師_D0164
INT,W,F0109,医療機関0109,D0165,医師_D0165
INT,W,F0235,医療機関0235,D0166,医師_D0166
INT,W,F0184,医療機関0184,D0167,医師_D0167
INT,W,F0144,医療機関0144,D0168,医師_D0168
INT,W,F0113,医療機関0113,D0170,医師_D0170
INT,W,F0196,医療機関0196,D0171,医師_D0171
INT,W,F0296,医療機関0296,D0172,医師_D0172
INT,W,F0002,医療機関0002,D0173,医師_D0173
INT,W,F0216,医療機関0216,D0174,医師_D0174
INT,W,F0286,医療機関0286,D0176,医師_D0176
INT,W,F0036,医療機関0036,D0178,医師_D0178
INT,W,F0082,医療機関0082,D0179,医師_D0179
INT,W,F0256,医療機関0256,D0180,医師_D0180
INT,W,F0264,医療機関0264,D0181,医師_D0181
INT,W,F0192,医療機関0192,D0182,医師_D0182
INT,W,F0037,医療機関0037,D0183,医師_D0183
INT,W,F0037,医療機関0037,D0184,医師_D0184
INT,W,F0144,医療機関0144,D0185,医師_D0185
INT,W,F0206,医療機関0206,D0188,医師_D0188
INT,W,F0164,医療機関0164,D0189,医師_D0189
INT,W,F0004,医療機関0004,D0190,医師_D0190
INT,W,F0029,医療機関0029,D0191,医師_D0191
INT,W,F0217,医療機関0217,D0193,医師_D0193
INT,W,F0248,医療機関0248,D0194,医師_D0194
INT,W,F0291,医療機関0291,D0197,医師_D0197
INT,W,F0138,医療機関0138,D0198,医師_D0198
INT,W,F0095,医療機関0095,D0199,医師_D0199
INT,W,F0133,医療機関0133,D0200,医師_D0200
INT,W,F0091,医療機関0091,D0202,医師_D0202
INT,W,F0276,医療機関0276,D0204,医師_D0204
INT,W,F0222,医療機関0222,D0205,医師_D0205
INT,W,F0164,医療機関0164,D0207,医師_D0207
INT,W,F0034,医療機関0034,D0208,医師_D0208
INT,W,F0118,医療機関0118,D0209,医師_D0209
INT,W,F0300,医療機関0300,D0210,医師_D0210
INT,W,F0264,医療機関0264,D0212,医師_D0212
INT,W,F0086,医療機関0086,D0214,医師_D0214
INT,W,F0234,医療機関0234,D0215,医師_D0215
INT,W,F0252,医療機関0252,D0216,医師_D0216
INT,W,F0013,医療機関0013,D0217,医師_D0217
INT,W,F0032,医療機関0032,D0218,医師_D0218
INT,W,F0200,医療機関0200,D0219,医師_D0219
INT,W,F0300,医療機関0300,D0220,医師_D0220
INT,W,F0008,医療機関0008,D0221,医師_D0221
INT,W,F0200,医療機関0200,D0222,医師_D0222
INT,W,F0041,医療機関0041,D0223,医師_D0223
INT,W,F0187,医療機関0187,D0225,医師_D0225
INT,W,F0028,医療機関0028,D0226,医師_D0226
INT,W,F0205,医療機関0205,D0227,医師_D0227
INT,W,F0270,医療機関0270,D0228,医師_D0228
INT,W,F0260,医療機関0260,D0229,医師_D0229
INT,W,F0009,医療機関0009,D0230,医師_D0230
INT,W,F0074,医療機関0074,D0231,医師_D0231
INT,W,F0073,医療機関0073,D0232,医師_D0232
INT,W,F0043,医療機関0043,D0234,医師_D0234
INT,W,F0257,医療機関0257,D0235,医師_D0235
INT,W,F0234,医療機関0234,D0236,医師_D0236
INT,W,F0243,医療機関0243,D0237,医師_D0237
INT,W,F0060,医療機関0060,D0238,医師_D0238
INT,W,F0005,医療機関0005,D0239,医師_D0239
INT,W,F0274,医療機関0274,D0240,医師_D0240
INT,W,F0197,医療機関0197,D0242,医師_D0242
INT,W,F0273,医療機関0273,D0243,医師_D0243
INT,W,F0011,医療機関0011,D0244,医師_D0244
INT,W,F0002,医療機関0002,D0245,医師_D0245
INT,W,F0002,医療機関0002,D0246,医師_D0246
INT,W,F0047,医療機関0047,D0247,医師_D0247
INT,W,F0016,医療機関0016,D0248,医師_D0248
INT,W,F0182,医療機関0182,D0250,医師_D0250
INT,W,F0295,医療機関0295,D0251,医師_D0251
INT,W,F0241,医療機関0241,D0252,医師_D0252
INT,W,F0289,医療機関0289,D0253,医師_D0253
INT,W,F0072,医療機関0072,D0254,医師_D0254
INT,W,F0087,医療機関0087,D0255,医師_D0255
INT,W,F0018,医療機関0018,D0258,医師_D0258
INT,W,F0201,医療機関0201,D0259,医師_D0259
INT,W,F0241,医療機関0241,D0260,医師_D0260
INT,W,F0279,医療機関0279,D0262,医師_D0262
INT,W,F0037,医療機関0037,D0263,医師_D0263
INT,W,F0232,医療機関0232,D0264,医師_D0264
INT,W,F0210,医療機関0210,D0266,医師_D0266
INT,W,F0246,医療機関0246,D0267,医師_D0267
INT,W,F0013,医療機関0013,D0270,医師_D0270
INT,W,F0137,医療機関0137,D0271,医師_D0271
INT,W,F0061,医療機関0061,D0272,医師_D0272
INT,W,F0152,医療機関0152,D0276,医師_D0276
INT,W,F0162,医療機関0162,D0277,医師_D0277
INT,W,F0224,医療機関0224,D0278,医師_D0278
INT,W,F0190,医療機関0190,D0280,医師_D0280
INT,W,F0026,医療機関0026,D0281,医師_D0281
INT,W,F0256,医療機関0256,D0282,医師_D0282
INT,W,F0047,医療機関0047,D0284,医師_D0284
INT,W,F0016,医療機関0016,D0287,医師_D0287
INT,W,F0058,医療機関0058,D0288,医師_D0288
INT,W,F0005,医療機関0005,D0289,医師_D0289
INT,W,F0082,医療機関0082,D0290,医師_D0290
INT,W,F0030,医療機関0030,D0291,医師_D0291
INT,W,F0213,医療機関0213,D0292,医師_D0292
INT,W,F0157,医療機関0157,D0293,医師_D0293
INT,W,F0225,医療機関0225,D0295,医師_D0295
INT,W,F0184,医療機関0184,D0296,医師_D0296
INT,W,F0153,医療機関0153,D0297,医師_D0297
INT,W,F0017,医療機関0017,D0298,医師_D0298
INT,W,F0022,医療機関0022,D0299,医師_D0299
INT,W,F0002,医療機関0002,D0301,医師_D0301
INT,W,F0013,医療機関0013,D0302,医師_D0302
INT,W,F0066,医療機関0066,D0303,医師_D0303
INT,W,F0138,医療機関0138,D0305,医師_D0305
INT,W,F0112,医療機関0112,D0309,医師_D0309
INT,W,F0028,医療機関0028,D0310,医師_D0310
INT,W,F0056,医療機関0056,D0312,医師_D0312
INT,W,F0113,医療機関0113,D0313,医師_D0313
INT,W,F0295,医療機関0295,D0314,医師_D0314
INT,W,F0178,医療機関0178,D0315,医師_D0315
INT,W,F0138,医療機関0138,D0316,医師_D0316
INT,W,F0163,医療機関0163,D0317,医師_D0317
INT,W,F0172,医療機関0172,D0322,医師_D0322
INT,W,F0134,医療機関0134,D0323,医師_D0323
INT,W,F0044,医療機関0044,D0324,医師_D0324
INT,W,F0075,医療機関0075,D0325,医師_D0325
INT,W,F0163,医療機関0163,D0327,医師_D0327
INT,W,F0091,医療機関0091,D0328,医師_D0328
INT,W,F0126,医療機関0126,D0329,医師_D0329
INT,W,F0174,医療機関0174,D0330,医師_D0330
INT,W,F0162,医療機関0162,D0331,医師_D0331
INT,W,F0078,医療機関0078,D0333,医師_D0333
INT,W,F0195,医療機関0195,D0334,医師_D0334
INT,W,F0133,医療機関0133,D0335,医師_D0335
INT,W,F0283,医療機関0283,D0336,医師_D0336
INT,W,F0048,医療機関0048,D0337,医師_D0337
INT,W,F0139,医療機関0139,D0339,医師_D0339
INT,W,F0153,医療機関0153,D0340,医師_D0340
INT,W,F0122,医療機関0122,D0342,医師_D0342
INT,W,F0275,医療機関0275,D0343,医師_D0343
INT,W,F0143,医療機関0143,D0344,医師_D0344
INT,W,F0039,医療機関0039,D0345,医師_D0345
INT,W,F0036,医療機関0036,D0346,医師_D0346
INT,W,F0293,医療機関0293,D0347,医師_D0347
INT,W,F0041,医療機関0041,D0348,医師_D0348
INT,W,F0285,医療機関0285,D0349,医師_D0349
INT,W,F0092,医療機関0092,D0352,医師_D0352
INT,W,F0185,医療機関0185,D0353,医師_D0353
INT,W,F0184,医療機関0184,D0356,医師_D0356
INT,W,F0191,医療機関0191,D0358,医師_D0358
INT,W,F0292,医療機関0292,D0359,医師_D0359
INT,W,F0124,医療機関0124,D0360,医師_D0360
INT,W,F0047,医療機関0047,D0361,医師_D0361
INT,W,F0123,医療機関0123,D0362,医師_D0362
INT,W,F0253,医療機関0253,D0363,医師_D0363
INT,W,F0066,医療機関0066,D0364,医師_D0364
INT,W,F0285,医療機関0285,D0365,医師_D0365
INT,W,F0177,医療機関0177,D0366,医師_D0366
INT,W,F0277,医療機関0277,D0369,医師_D0369
INT,W,F0126,医療機関0126,D0372,医師_D0372
INT,W,F0144,医療機関0144,D0373,医師_D0373
INT,W,F0143,医療機関0143,D0374,医師_D0374
INT,W,F0045,医療機関0045,D0375,医師_D0375
INT,W,F0068,医療機関0068,D0376,医師_D0376
INT,W,F0170,医療機関0170,D0380,医師_D0380
INT,W,F0177,医療機関0177,D0381,医師_D0381
INT,W,F0211,医療機関0211,D0382,医師_D0382
INT,W,F0165,医療機関0165,D0383,医師_D0383
INT,W,F0195,医療機関0195,D0384,医師_D0384
INT,W,F0177,医療機関0177,D0385,医師_D0385
INT,W,F0196,医療機関0196,D0386,医師_D0386
INT,W,F0185,医療機関0185,D0387,医師_D0387
INT,W,F0237,医療機関0237,D0390,医師_D0390
INT,W,F0103,医療機関0103,D0391,医師_D0391
INT,W,F0165,医療機関0165,D0392,医師_D0392
INT,W,F0130,医療機関0130,D0394,医師_D0394
INT,W,F0159,医療機関0159,D0395,医師_D0395
INT,W,F0158,医療機関0158,D0397,医師_D0397
INT,W,F0243,医療機関0243,D0401,医師_D0401
INT,W,F0222,医療機関0222,D0402,医師_D0402
INT,W,F0168,医療機関0168,D0403,医師_D0403
INT,W,F0266,医療機関0266,D0404,医師_D0404
INT,W,F0039,医療機関0039,D0405,医師_D0405
INT,W,F0152,医療機関0152,D0408,医師_D0408
INT,W,F0221,医療機関0221,D0409,医師_D0409
INT,W,F0157,医療機関0157,D0410,医師_D0410
INT,W,F0240,医療機関0240,D0412,医師_D0412
INT,W,F0074,医療機関0074,D0413,医師_D0413
INT,W,F0095,医療機関0095,D0414,医師_D0414
INT,W,F0156,医療機関0156,D0415,医師_D0415
INT,W,F0252,医療機関0252,D0416,医師_D0416
INT,W,F0149,医療機関0149,D0418,医師_D0418
INT,W,F0013,医療機関0013,D0419,医師_D0419
INT,W,F0017,医療機関0017,D0421,医師_D0421
INT,W,F0022,医療機関0022,D0422,医師_D0422
INT,W,F0247,医療機関0247,D0425,医師_D0425
INT,W,F0017,医療機関0017,D0426,医師_D0426
INT,W,F0024,医療機関0024,D0427,医師_D0427
INT,W,F0085,医療機関0085,D0428,医師_D0428
INT,W,F0170,医療機関0170,D0429,医師_D0429
INT,W,F0101,医療機関0101,D0430,医師_D0430
INT,W,F0147,医療機関0147,D0431,医師_D0431
INT,W,F0052,医療機関0052,D0432,医師_D0432
INT,W,F0220,医療機関0220,D0433,医師_D0433
INT,W,F0020,医療機関0020,D0435,医師_D0435
INT,W,F0223,医療機関0223,D0436,医師_D0436
INT,W,F0271,医療機関0271,D0437,医師_D0437
INT,W,F0112,医療機関0112,D0444,医師_D0444
INT,W,F0213,医療機関0213,D0445,医師_D0445
INT,W,F0047,医療機関0047,D0446,医師_D0446
INT,W,F0181,医療機関0181,D0448,医師_D0448
INT,W,F0201,医療機関0201,D0449,医師_D0449
INT,W,F0153,医療機関0153,D0451,医師_D0451
INT,W,F0110,医療機関0110,D0452,医師_D0452
INT,W,F0151,医療機関0151,D0453,医師_D0453
INT,W,F0288,医療機関0288,D0454,医師_D0454
INT,W,F0299,医療機関0299,D0456,医師_D0456
INT,W,F0232,医療機関0232,D0458,医師_D0458
INT,W,F0094,医療機関0094,D0460,医師_D0460
INT,W,F0232,医療機関0232,D0461,医師_D0461
INT,W,F0207,医療機関0207,D0462,医師_D0462
INT,W,F0044,医療機関0044,D0463,医師_D0463
INT,W,F0226,医療機関0226,D0465,医師_D0465
INT,W,F0117,医療機関0117,D0466,医師_D0466
INT,W,F0193,医療機関0193,D0468,医師_D0468
INT,W,F0101,医療機関0101,D0469,医師_D0469
INT,W,F0203,医療機関0203,D0471,医師_D0471
INT,W,F0158,医療機関0158,D0474,医師_D0474
INT,W,F0141,医療機関0141,D0475,医師_D0475
INT,W,F0050,医療機関0050,D0476,医師_D0476
INT,W,F0214,医療機関0214,D0477,医師_D0477
INT,W,F0050,医療機関0050,D0478,医師_D0478
INT,W,F0126,医療機関0126,D0479,医師_D0479
INT,W,F0251,医療機関0251,D0480,医師_D0480
INT,W,F0277,医療機関0277,D0481,医師_D0481
INT,W,F0288,医療機関0288,D0483,医師_D0483
INT,W,F0167,医療機関0167,D0484,医師_D0484
INT,W,F0061,医療機関0061,D0485,医師_D0485
INT,W,F0252,医療機関0252,D0486,医師_D0486
INT,W,F0241,医療機関0241,D0487,医師_D0487
INT,W,F0196,医療機関0196,D0489,医師_D0489
INT,W,F0043,医療機関0043,D0490,医師_D0490
INT,W,F0151,医療機関0151,D0491,医師_D0491
INT,W,F0135,医療機関0135,D0492,医師_D0492
INT,W,F0253,医療機関0253,D0493,医師_D0493
INT,W,F0118,医療機関0118,D0494,医師_D0494
INT,W,F0099,医療機関0099,D0495,医師_D0495
INT,W,F0025,医療機関0025,D0496,医師_D0496
INT,W,F0227,医療機関0227,D0498,医師_D0498
INT,W,F0013,医療機関0013,D0499,医師_D0499
INT,W,F0131,医療機関0131,D0500,医師_D0500
INT,W,F0144,医療機関0144,D0501,医師_D0501
INT,W,F0141,医療機関0141,D0502,医師_D0502
INT,W,F0092,医療機関0092,D0505,医師_D0505
INT,W,F0055,医療機関0055,D0506,医師_D0506
INT,W,F0074,医療機関0074,D0507,医師_D0507
INT,W,F0014,医療機関0014,D0510,医師_D0510
INT,W,F0070,医療機関0070,D0512,医師_D0512
INT,W,F0088,医療機関0088,D0514,医師_D0514
INT,W,F0148,医療機関0148,D0516,医師_D0516
INT,W,F0299,医療機関0299,D0517,医師_D0517
INT,W,F0176,医療機関0176,D0518,医師_D0518
INT,W,F0217,医療機関0217,D0519,医師_D0519
INT,W,F0148,医療機関0148,D0520,医師_D0520
INT,W,F0005,医療機関0005,D0521,医師_D0521
INT,W,F0026,医療機関0026,D0522,医師_D0522
INT,W,F0253,医療機関0253,D0525,医師_D0525
INT,W,F0257,医療機関0257,D0527,医師_D0527
INT,W,F0192,医療機関0192,D0528,医師_D0528
INT,W,F0167,医療機関0167,D0529,医師_D0529
INT,W,F0195,医療機関0195,D0530,医師_D0530
INT,W,F0229,医療機関0229,D0534,医師_D0534
INT,W,F0018,医療機関0018,D0536,医師_D0536
INT,W,F0110,医療機関0110,D0538,医師_D0538
INT,W,F0224,医療機関0224,D0539,医師_D0539
INT,W,F0265,医療機関0265,D0541,医師_D0541
INT,W,F0102,医療機関0102,D0542,医師_D0542
INT,W,F0254,医療機関0254,D0544,医師_D0544
INT,W,F0145,医療機関0145,D0546,医師_D0546
INT,W,F0207,医療機関0207,D0549,医師_D0549
INT,W,F0111,医療機関0111,D0551,医師_D0551
INT,W,F0152,医療機関0152,D0552,医師_D0552
INT,W,F0130,医療機関0130,D0553,医師_D0553
INT,W,F0273,医療機関0273,D0554,医師_D0554
INT,W,F0092,医療機関0092,D0555,医師_D0555
INT,W,F0177,医療機関0177,D0556,医師_D0556
INT,W,F0037,医療機関0037,D0557,医師_D0557
INT,W,F0256,医療機関0256,D0558,医師_D0558
INT,W,F0150,医療機関0150,D0562,医師_D0562
INT,W,F0160,医療機関0160,D0564,医師_D0564
INT,W,F0007,医療機関0007,D0567,医師_D0567
INT,W,F0120,医療機関0120,D0568,医師_D0568
INT,W,F0300,医療機関0300,D0569,医師_D0569
INT,W,F0276,医療機関0276,D0570,医師_D0570
INT,W,F0189,医療機関0189,D0571,医師_D0571
INT,W,F0190,医療機関0190,D0572,医師_D0572
INT,W,F0118,医療機関0118,D0573,医師_D0573
INT,W,F0054,医療機関0054,D0574,医師_D0574
INT,W,F0003,医療機関0003,D0575,医師_D0575
INT,W,F0095,医療機関0095,D0577,医師_D0577
INT,W,F0058,医療機関0058,D0578,医師_D0578
INT,W,F0078,医療機関0078,D0579,医師_D0579
INT,W,F0008,医療機関0008,D0580,医師_D0580
INT,W,F0183,医療機関0183,D0581,医師_D0581
INT,W,F0279,医療機関0279,D0582,医師_D0582
INT,W,F0135,医療機関0135,D0584,医師_D0584
INT,W,F0127,医療機関0127,D0585,医師_D0585
INT,W,F0093,医療機関0093,D0586,医師_D0586
INT,W,F0043,医療機関0043,D0587,医師_D0587
INT,W,F0180,医療機関0180,D0588,医師_D0588
INT,W,F0170,医療機関0170,D0589,医師_D0589
INT,W,F0003,医療機関0003,D0590,医師_D0590
INT,W,F0125,医療機関0125,D0591,医師_D0591
INT,W,F0052,医療機関0052,D0593,医師_D0593
INT,W,F0191,医療機関0191,D0596,医師_D0596
INT,W,F0215,医療機関0215,D0597,医師_D0597
INT,W,F0295,医療機関0295,D0598,医師_D0598
INT,W,F0241,医療機関0241,D0599,医師_D0599
INT,W,F0187,医療機関0187,D0600,医師_D0600
INT,W,F0264,医療機関0264,D0601,医師_D0601
INT,W,F0144,医療機関0144,D0602,医師_D0602
INT,W,F0296,医療機関0296,D0603,医師_D0603
INT,W,F0229,医療機関0229,D0604,医師_D0604
INT,W,F0196,医療機関0196,D0605,医師_D0605
INT,W,F0155,医療機関0155,D0607,医師_D0607
INT,W,F0217,医療機関0217,D0608,医師_D0608
INT,W,F0086,医療機関0086,D0609,医師_D0609
INT,W,F0188,医療機関0188,D0611,医師_D0611
INT,W,F0235,医療機関0235,D0612,医師_D0612
INT,W,F0139,医療機関0139,D0613,医師_D0613
INT,W,F0261,医療機関0261,D0614,医師_D0614
INT,W,F0220,医療機関0220,D0618,医師_D0618
INT,W,F0243,医療機関0243,D0619,医師_D0619
INT,W,F0133,医療機関0133,D0620,医師_D0620
INT,W,F0195,医療機関0195,D0621,医師_D0621
INT,W,F0166,医療機関0166,D0622,医師_D0622
INT,W,F0289,医療機関0289,D0623,医師_D0623
INT,W,F0197,医療機関0197,D0624,医師_D0624
INT,W,F0126,医療機関0126,D0625,医師_D0625
INT,W,F0291,医療機関0291,D0626,医師_D0626
INT,W,F0033,医療機関0033,D0627,医師_D0627
INT,W,F0296,医療機関0296,D0628,医師_D0628
INT,W,F0047,医療機関0047,D0629,医師_D0629
INT,W,F0087,医療機関0087,D0630,医師_D0630
INT,W,F0221,医療機関0221,D0632,医師_D0632
INT,W,F0292,医療機関0292,D0633,医師_D0633
INT,W,F0225,医療機関0225,D0634,医師_D0634
INT,W,F0104,医療機関0104,D0636,医師_D0636
INT,W,F0002,医療機関0002,D0637,医師_D0637
INT,W,F0038,医療機関0038,D0638,医師_D0638
INT,W,F0013,医療機関0013,D0640,医師_D0640
INT,W,F0153,医療機関0153,D0641,医師_D0641
INT,W,F0234,医療機関0234,D0642,医師_D0642
INT,W,F0289,医療機関0289,D0643,医師_D0643
INT,W,F0147,医療機関0147,D0644,医師_D0644
INT,W,F0263,医療機関0263,D0645,医師_D0645
INT,W,F0296,医療機関0296,D0646,医師_D0646
INT,W,F0258,医療機関0258,D0647,医師_D0647
INT,W,F0140,医療機関0140,D0648,医師_D0648
INT,W,F0294,医療機関0294,D0650,医師_D0650
INT,W,F0073,医療機関0073,D0651,医師_D0651
INT,W,F0124,医療機関0124,D0652,医師_D0652
INT,W,F0023,医療機関0023,D0653,医師_D0653
INT,W,F0239,医療機関0239,D0654,医師_D0654
INT,W,F0026,医療機関0026,D0656,医師_D0656
INT,W,F0067,医療機関0067,D0657,医師_D0657
INT,W,F0167,医療機関0167,D0658,医師_D0658
INT,W,F0163,医療機関0163,D0659,医師_D0659
INT,W,F0241,医療機関0241,D0660,医師_D0660
INT,W,F0080,医療機関0080,D0661,医師_D0661
INT,W,F0278,医療機関0278,D0662,医師_D0662
INT,W,F0134,医療機関0134,D0663,医師_D0663
INT,W,F0247,医療機関0247,D0664,医師_D0664
INT,W,F0072,医療機関0072,D0665,医師_D0665
INT,W,F0012,医療機関0012,D0666,医師_D0666
INT,W,F0017,医療機関0017,D0667,医師_D0667
INT,W,F0112,医療機関0112,D0668,医師_D0668
INT,W,F0286,医療機関0286,D0669,医師_D0669
INT,W,F0015,医療機関0015,D0670,医師_D0670
INT,W,F0111,医療機関0111,D0671,医師_D0671
INT,W,F0033,医療機関0033,D0672,医師_D0672
INT,W,F0280,医療機関0280,D0673,医師_D0673
INT,W,F0203,医療機関0203,D0674,医師_D0674
INT,W,F0229,医療機関0229,D0675,医師_D0675
INT,W,F0214,医療機関0214,D0676,医師_D0676
INT,W,F0198,医療機関0198,D0677,医師_D0677
INT,W,F0233,医療機関0233,D0678,医師_D0678
INT,W,F0003,医療機関0003,D0679,医師_D0679
INT,W,F0260,医療機関0260,D0680,医師_D0680
INT,W,F0222,医療機関0222,D0681,医師_D0681
INT,W,F0119,医療機関0119,D0683,医師_D0683
INT,W,F0241,医療機関0241,D0684,医師_D0684
INT,W,F0115,医療機関0115,D0685,医師_D0685
INT,W,F0273,医療機関0273,D0687,医師_D0687
INT,W,F0071,医療機関0071,D0688,医師_D0688
INT,W,F0187,医療機関0187,D0690,医師_D0690
INT,W,F0071,医療機関0071,D0691,医師_D0691
INT,W,F0258,医療機関0258,D0692,医師_D0692
INT,W,F0134,医療機関0134,D0693,医師_D0693
INT,W,F0002,医療機関0002,D0694,医師_D0694
INT,W,F0286,医療機関0286,D0695,医師_D0695
INT,W,F0155,医療機関0155,D0696,医師_D0696
INT,W,F0160,医療機関0160,D0699,医師_D0699
INT,W,F0009,医療機関0009,D0700,医師_D0700
INT,W,F0121,医療機関0121,D0702,医師_D0702
INT,W,F0210,医療機関0210,D0703,医師_D0703
INT,W,F0184,医療機関0184,D0705,医師_D0705
INT,W,F0077,医療機関0077,D0707,医師_D0707
INT,W,F0072,医療機関0072,D0708,医師_D0708
INT,W,F0125,医療機関0125,D0709,医師_D0709
INT,W,F0256,医療機関0256,D0710,医師_D0710
INT,W,F0158,医療機関0158,D0711,医師_D0711
INT,W,F0105,医療機関0105,D0712,医師_D0712
INT,W,F0234,医療機関0234,D0713,医師_D0713
INT,W,F0257,医療機関0257,D0714,医師_D0714
INT,W,F0271,医療機関0271,D0715,医師_D0715
INT,W,F0090,医療機関0090,D0716,医師_D0716
INT,W,F0213,医療機関0213,D0717,医師_D0717
INT,W,F0178,医療機関0178,D0718,医師_D0718
INT,W,F0135,医療機関0135,D0719,医師_D0719
INT,W,F0035,医療機関0035,D0721,医師_D0721
INT,W,F0083,医療機関0083,D0722,医師_D0722
INT,W,F0165,医療機関0165,D0723,医師_D0723
INT,W,F0057,医療機関0057,D0726,医師_D0726
INT,W,F0204,医療機関0204,D0727,医師_D0727
INT,W,F0026,医療機関0026,D0728,医師_D0728
INT,W,F0203,医療機関0203,D0729,医師_D0729
INT,W,F0103,医療機関0103,D0730,医師_D0730
INT,W,F0135,医療機関0135,D0731,医師_D0731
INT,W,F0216,医療機関0216,D0732,医師_D0732
INT,W,F0128,医療機関0128,D0733,医師_D0733
INT,W,F0243,医療機関0243,D0734,医師_D0734
INT,W,F0161,医療機関0161,D0735,医師_D0735
INT,W,F0233,医療機関0233,D0739,医師_D0739
INT,W,F0123,医療機関0123,D0740,医師_D0740
INT,W,F0161,医療機関0161,D0741,医師_D0741
INT,W,F0042,医療機関0042,D0742,医師_D0742
INT,W,F0036,医療機関0036,D0743,医師_D0743
INT,W,F0173,医療機関0173,D0744,医師_D0744
INT,W,F0057,医療機関0057,D0745,医師_D0745
INT,W,F0300,医療機関0300,D0746,医師_D0746
INT,W,F0221,医療機関0221,D0749,医師_D0749
INT,W,F0179,医療機関0179,D0750,医師_D0750
INT,W,F0019,医療機関0019,D0751,医師_D0751
INT,W,F0118,医療機関0118,D0752,医師_D0752
INT,W,F0149,医療機関0149,D0753,医師_D0753
INT,W,F0275,医療機関0275,D0754,医師_D0754
INT,W,F0066,医療機関0066,D0755,医師_D0755
INT,W,F0104,医療機関0104,D0757,医師_D0757
INT,W,F0041,医療機関0041,D0758,医師_D0758
INT,W,F0031,医療機関0031,D0759,医師_D0759
INT,W,F0110,医療機関0110,D0760,医師_D0760
INT,W,F0106,医療機関0106,D0763,医師_D0763
INT,W,F0061,医療機関0061,D0764,医師_D0764
INT,W,F0167,医療機関0167,D0765,医師_D0765
INT,W,F0136,医療機関0136,D0768,医師_D0768
INT,W,F0103,医療機関0103,D0772,医師_D0772
INT,W,F0135,医療機関0135,D0773,医師_D0773
INT,W,F0127,医療機関0127,D0774,医師_D0774
INT,W,F0288,医療機関0288,D0776,医師_D0776
INT,W,F0163,医療機関0163,D0780,医師_D0780
INT,W,F0295,医療機関0295,D0781,医師_D0781
INT,W,F0086,医療機関0086,D0782,医師_D0782
INT,W,F0105,医療機関0105,D0783,医師_D0783
INT,W,F0270,医療機関0270,D0784,医師_D0784
INT,W,F0116,医療機関0116,D0785,医師_D0785
INT,W,F0071,医療機関0071,D0786,医師_D0786
INT,W,F0098,医療機関0098,D0788,医師_D0788
INT,W,F0268,医療機関0268,D0789,医師_D0789
INT,W,F0273,医療機関0273,D0790,医師_D0790
INT,W,F0159,医療機関0159,D0792,医師_D0792
INT,W,F0223,医療機関0223,D0794,医師_D0794
INT,W,F0178,医療機関0178,D0796,医師_D0796
INT,W,F0186,医療機関0186,D0797,医師_D0797
INT,W,F0197,医療機関0197,D0798,医師_D0798
INT,W,F0008,医療機関0008,D0799,医師_D0799
INT,W,F0257,医療機関0257,D0801,医師_D0801
INT,W,F0073,医療機関0073,D0802,医師_D0802
INT,W,F0090,医療機関0090,D0803,医師_D0803
INT,W,F0105,医療機関0105,D0807,医師_D0807
INT,W,F0263,医療機関0263,D0808,医師_D0808
INT,W,F0001,医療機関0001,D0809,医師_D0809
INT,W,F0085,医療機関0085,D0810,医師_D0810
INT,W,F0019,医療機関0019,D0811,医師_D0811
INT,W,F0169,医療機関0169,D0812,医師_D0812
INT,W,F0238,医療機関0238,D0814,医師_D0814
INT,W,F0176,医療機関0176,D0815,医師_D0815
INT,W,F0236,医療機関0236,D0816,医師_D0816
INT,W,F0191,医療機関0191,D0817,医師_D0817
INT,W,F0132,医療機関0132,D0818,医師_D0818
INT,W,F0285,医療機関0285,D0821,医師_D0821
INT,W,F0299,医療機関0299,D0822,医師_D0822
INT,W,F0177,医療機関0177,D0823,医師_D0823
INT,W,F0203,医療機関0203,D0824,医師_D0824
INT,W,F0245,医療機関0245,D0826,医師_D0826
INT,W,F0202,医療機関0202,D0827,医師_D0827
INT,W,F0271,医療機関0271,D0828,医師_D0828
INT,W,F0081,医療機関0081,D0829,医師_D0829
INT,W,F0237,医療機関0237,D0830,医師_D0830
INT,W,F0142,医療機関0142,D0831,医師_D0831
INT,W,F0096,医療機関0096,D0835,医師_D0835
INT,W,F0031,医療機関0031,D0836,医師_D0836
INT,W,F0129,医療機関0129,D0837,医師_D0837
INT,W,F0196,医療機関0196,D0838,医師_D0838
INT,W,F0096,医療機関0096,D0839,医師_D0839
INT,W,F0287,医療機関0287,D0840,医師_D0840
INT,W,F0234,医療機関0234,D0841,医師_D0841
INT,W,F0154,医療機関0154,D0842,医師_D0842
INT,W,F0281,医療機関0281,D0843,医師_D0843
INT,W,F0130,医療機関0130,D0844,医師_D0844
INT,W,F0042,医療機関0042,D0845,医師_D0845
INT,W,F0282,医療機関0282,D0847,医師_D0847
INT,W,F0288,医療機関0288,D0848,医師_D0848
INT,W,F0222,医療機関0222,D0849,医師_D0849
INT,W,F0031,医療機関0031,D0850,医師_D0850
INT,W,F0089,医療機関0089,D0851,医師_D0851
INT,W,F0016,医療機関0016,D0853,医師_D0853
INT,W,F0172,医療機関0172,D0855,医師_D0855
INT,W,F0020,医療機関0020,D0856,医師_D0856
INT,W,F0296,医療機関0296,D0857,医師_D0857
INT,W,F0080,医療機関0080,D0859,医師_D0859
INT,W,F0155,医療機関0155,D0860,医師_D0860
INT,W,F0094,医療機関0094,D0862,医師_D0862
INT,W,F0256,医療機関0256,D0865,医師_D0865
INT,W,F0034,医療機関0034,D0866,医師_D0866
INT,W,F0116,医療機関0116,D0868,医師_D0868
INT,W,F0019,医療機関0019,D0870,医師_D0870
INT,W,F0063,医療機関0063,D0874,医師_D0874
INT,W,F0294,医療機関0294,D0875,医師_D0875
INT,W,F0148,医療機関0148,D0877,医師_D0877
INT,W,F0119,医療機関0119,D0878,医師_D0878
INT,W,F0070,医療機関0070,D0879,医師_D0879
INT,W,F0046,医療機関0046,D0881,医師_D0881
INT,W,F0001,医療機関0001,D0882,医師_D0882
INT,W,F0034,医療機関0034,D0884,医師_D0884
INT,W,F0125,医療機関0125,D0885,医師_D0885
INT,W,F0259,医療機関0259,D0886,医師_D0886
INT,W,F0049,医療機関0049,D0887,医師_D0887
INT,W,F0001,医療機関0001,D0888,医師_D0888
INT,W,F0034,医療機関0034,D0889,医師_D0889
INT,W,F0083,医療機関0083,D0891,医師_D0891
INT,W,F0147,医療機関0147,D0892,医師_D0892
INT,W,F0009,医療機関0009,D0893,医師_D0893
INT,W,F0100,医療機関0100,D0894,医師_D0894
INT,W,F0130,医療機関0130,D0896,医師_D0896
INT,W,F0235,医療機関0235,D0898,医師_D0898
INT,W,F0253,医療機関0253,D0900,医師_D0900
INT,W,F0069,医療機関0069,D0903,医師_D0903
INT,W,F0180,医療機関0180,D0905,医師_D0905
INT,W,F0073,医療機関0073,D0906,医師_D0906
INT,W,F0275,医療機関0275,D0907,医師_D0907
INT,W,F0144,医療機関0144,D0908,医師_D0908
INT,W,F0259,医療機関0259,D0909,医師_D0909
INT,W,F0205,医療機関0205,D0910,医師_D0910
INT,W,F0101,医療機関0101,D0911,医師_D0911
INT,W,F0224,医療機関0224,D0913,医師_D0913
INT,W,F0100,医療機関0100,D0914,医師_D0914
INT,W,F0075,医療機関0075,D0915,医師_D0915
INT,W,F0280,医療機関0280,D0916,医師_D0916
INT,W,F0145,医療機関0145,D0917,医師_D0917
INT,W,F0015,医療機関0015,D0918,医師_D0918
INT,W,F0149,医療機関0149,D0919,医師_D0919
INT,W,F0139,医療機関0139,D0920,医師_D0920
INT,W,F0260,医療機関0260,D0921,医師_D0921
INT,W,F0214,医療機関0214,D0922,医師_D0922
INT,W,F0058,医療機関0058,D0923,医師_D0923
INT,W,F0046,医療機関0046,D0924,医師_D0924
INT,W,F0182,医療機関0182,D0925,医師_D0925
INT,W,F0042,医療機関0042,D0928,医師_D0928
INT,W,F0007,医療機関0007,D0929,医師_D0929
INT,W,F0276,医療機関0276,D0930,医師_D0930
INT,W,F0280,医療機関0280,D0933,医師_D0933
INT,W,F0245,医療機関0245,D0935,医師_D0935
INT,W,F0034,医療機関0034,D0938,医師_D0938
INT,W,F0212,医療機関0212,D0939,医師_D0939
INT,W,F0187,医療機関0187,D0940,医師_D0940
INT,W,F0143,医療機関0143,D0941,医師_D0941
INT,W,F0073,医療機関0073,D0942,医師_D0942
INT,W,F0027,医療機関0027,D0943,医師_D0943
INT,W,F0171,医療機関0171,D0944,医師_D0944
INT,W,F0070,医療機関0070,D0945,医師_D0945
INT,W,F0178,医療機関0178,D0946,医師_D0946
INT,W,F0255,医療機関0255,D0948,医師_D0948
INT,W,F0149,医療機関0149,D0949,医師_D0949
INT,W,F0002,医療機関0002,D0950,医師_D0950
INT,W,F0160,医療機関0160,D0953,医師_D0953
INT,W,F0186,医療機関0186,D0954,医師_D0954
INT,W,F0138,医療機関0138,D0955,医師_D0955
INT,W,F0049,医療機関0049,D0956,医師_D0956
INT,W,F0232,医療機関0232,D0958,医師_D0958
INT,W,F0299,医療機関0299,D0959,医師_D0959
INT,W,F0077,医療機関0077,D0962,医師_D0962
INT,W,F0168,医療機関0168,D0965,医師_D0965
INT,W,F0137,医療機関0137,D0966,医師_D0966
INT,W,F0182,医療機関0182,D0968,医師_D0968
INT,W,F0273,医療機関0273,D0969,医師_D0969
INT,W,F0296,医療機関0296,D0970,医師_D0970
INT,W,F0109,医療機関0109,D0972,医師_D0972
INT,W,F0045,医療機関0045,D0975,医師_D0975
INT,W,F0096,医療機関0096,D0976,医師_D0976
INT,W,F0165,医療機関0165,D0977,医師_D0977
INT,W,F0034,医療機関0034,D0979,医師_D0979
INT,W,F0181,医療機関0181,D0980,医師_D0980
INT,W,F0089,医療機関0089,D0981,医師_D0981
INT,W,F0065,医療機関0065,D0982,医師_D0982
INT,W,F0125,医療機関0125,D0984,医師_D0984
INT,W,F0191,医療機関0191,D0985,医師_D0985
INT,W,F0096,医療機関0096,D0986,医師_D0986
INT,W,F0247,医療機関0247,D0987,医師_D0987
INT,W,F0024,医療機関0024,D0988,医師_D0988
INT,W,F0259,医療機関0259,D0989,医師_D0989
INT,W,F0009,医療機関0009,D0990,医師_D0990
INT,W,F0104,医療機関0104,D0992,医師_D0992
INT,W,F0116,医療機関0116,D0993,医師_D0993
INT,W,F0006,医療機関0006,D0994,医師_D0994
INT,W,F0211,医療機関0211,D0995,医師_D0995
INT,W,F0050,医療機関0050,D0996,医師_D0996
INT,W,F0218,医療機関0218,D0998,医師_D0998
INT,W,F0091,医療機関0091,D1001,医師_D1001
INT,W,F0222,医療機関0222,D1002,医師_D1002
INT,W,F0248,医療機関0248,D1003,医師_D1003
INT,W,F0096,医療機関0096,D1004,医師_D1004
INT,W,F0038,医療機関0038,D1005,医師_D1005
INT,W,F0268,医療機関0268,D1006,医師_D1006
INT,W,F0045,医療機関0045,D1007,医師_D1007
INT,W,F0179,医療機関0179,D1008,医師_D1008
INT,W,F0233,医療機関0233,D1011,医師_D1011
INT,W,F0044,医療機関0044,D1012,医師_D1012
INT,W,F0019,医療機関0019,D1015,医師_D1015
INT,W,F0052,医療機関0052,D1016,医師_D1016
INT,W,F0239,医療機関0239,D1017,医師_D1017
INT,W,F0153,医療機関0153,D1018,医師_D1018
INT,W,F0037,医療機関0037,D1019,医師_D1019
INT,W,F0298,医療機関0298,D1020,医師_D1020
INT,W,F0080,医療機関0080,D1021,医師_D1021
INT,W,F0002,医療機関0002,D1022,医師_D1022
INT,W,F0278,医療機関0278,D1023,医師_D1023
INT,W,F0005,医療機関0005,D1024,医師_D1024
INT,W,F0167,医療機関0167,D1025,医師_D1025
INT,W,F0298,医療機関0298,D1026,医師_D1026
INT,W,F0174,医療機関0174,D1027,医師_D1027
INT,W,F0117,医療機関0117,D1029,医師_D1029
INT,W,F0172,医療機関0172,D1031,医師_D1031
INT,W,F0270,医療機関0270,D1032,医師_D1032
INT,W,F0028,医療機関0028,D1033,医師_D1033
INT,W,F0265,医療機関0265,D1034,医師_D1034
INT,W,F0125,医療機関0125,D1035,医師_D1035
INT,W,F0187,医療機関0187,D1038,医師_D1038
INT,W,F0055,医療機関0055,D1039,医師_D1039
INT,W,F0082,医療機関0082,D1040,医師_D1040
INT,W,F0217,医療機関0217,D1041,医師_D1041
INT,W,F0016,医療機関0016,D1042,医師_D1042
INT,W,F0135,医療機関0135,D1043,医師_D1043
INT,W,F0040,医療機関0040,D1045,医師_D1045
INT,W,F0089,医療機関0089,D1046,医師_D1046
INT,W,F0104,医療機関0104,D1047,医師_D1047
INT,W,F0200,医療機関0200,D1048,医師_D1048
INT,W,F0251,医療機関0251,D1050,医師_D1050
INT,W,F0057,医療機関0057,D1051,医師_D1051
INT,W,F0016,医療機関0016,D1053,医師_D1053
INT,W,F0179,医療機関0179,D1054,医師_D1054
INT,W,F0047,医療機関0047,D1055,医師_D1055
INT,W,F0255,医療機関0255,D1057,医師_D1057
INT,W,F0263,医療機関0263,D1058,医師_D1058
INT,W,F0077,医療機関0077,D1060,医師_D1060
INT,W,F0186,医療機関0186,D1061,医師_D1061
INT,W,F0184,医療機関0184,D1062,医師_D1062
INT,W,F0056,医療機関0056,D1063,医師_D1063
INT,W,F0167,医療機関0167,D1064,医師_D1064
INT,W,F0119,医療機関0119,D1066,医師_D1066
INT,W,F0226,医療機関0226,D1067,医師_D1067
INT,W,F0160,医療機関0160,D1069,医師_D1069
INT,W,F0218,医療機関0218,D1070,医師_D1070
INT,W,F0081,医療機関0081,D1073,医師_D1073
INT,W,F0228,医療機関0228,D1074,医師_D1074
INT,W,F0296,医療機関0296,D1076,医師_D1076
INT,W,F0045,医療機関0045,D1077,医師_D1077
INT,W,F0126,医療機関0126,D1078,医師_D1078
INT,W,F0155,医療機関0155,D1080,医師_D1080
INT,W,F0283,医療機関0283,D1081,医師_D1081
INT,W,F0004,医療機関0004,D1082,医師_D1082
INT,W,F0011,医療機関0011,D1083,医師_D1083
INT,W,F0239,医療機関0239,D1084,医師_D1084
INT,W,F0108,医療機関0108,D1085,医師_D1085
INT,W,F0157,医療機関0157,D1086,医師_D1086
INT,W,F0129,医療機関0129,D1087,医師_D1087
INT,W,F0123,医療機関0123,D1088,医師_D1088
INT,W,F0282,医療機関0282,D1089,医師_D1089
INT,W,F0029,医療機関0029,D1090,医師_D1090
INT,W,F0232,医療機関0232,D1091,医師_D1091
INT,W,F0267,医療機関0267,D1092,医師_D1092
INT,W,F0198,医療機関0198,D1093,医師_D1093
INT,W,F0119,医療機関0119,D1094,医師_D1094
INT,W,F0049,医療機関0049,D1095,医師_D1095
INT,W,F0141,医療機関0141,D1097,医師_D1097
INT,W,F0080,医療機関0080,D1101,医師_D1101
INT,W,F0205,医療機関0205,D1103,医師_D1103
INT,W,F0258,医療機関0258,D1106,医師_D1106
INT,W,F0274,医療機関0274,D1108,医師_D1108
INT,W,F0074,医療機関0074,D1109,医師_D1109
INT,W,F0064,医療機関0064,D1110,医師_D1110
INT,W,F0221,医療機関0221,D1114,医師_D1114
INT,W,F0194,医療機関0194,D1115,医師_D1115
INT,W,F0264,医療機関0264,D1116,医師_D1116
INT,W,F0194,医療機関0194,D1117,医師_D1117
INT,W,F0124,医療機関0124,D1119,医師_D1119
INT,W,F0156,医療機関0156,D1120,医師_D1120
INT,W,F0027,医療機関0027,D1121,医師_D1121
INT,W,F0223,医療機関0223,D1122,医師_D1122
INT,W,F0285,医療機関0285,D1127,医師_D1127
INT,W,F0032,医療機関0032,D1130,医師_D1130
INT,W,F0234,医療機関0234,D1131,医師_D1131
INT,W,F0272,医療機関0272,D1132,医師_D1132
INT,W,F0210,医療機関0210,D1133,医師_D1133
INT,W,F0260,医療機関0260,D1134,医師_D1134
INT,W,F0259,医療機関0259,D1135,医師_D1135
INT,W,F0151,医療機関0151,D1137,医師_D1137
INT,W,F0030,医療機関0030,D1138,医師_D1138
INT,W,F0001,医療機関0001,D1139,医師_D1139
INT,W,F0062,医療機関0062,D1140,医師_D1140
INT,W,F0130,医療機関0130,D1141,医師_D1141
INT,W,F0224,医療機関0224,D1142,医師_D1142
INT,W,F0137,医療機関0137,D1143,医師_D1143
INT,W,F0114,医療機関0114,D1148,医師_D1148
INT,W,F0242,医療機関0242,D1149,医師_D1149
INT,W,F0280,医療機関0280,D1151,医師_D1151
INT,W,F0267,医療機関0267,D1152,医師_D1152
INT,W,F0119,医療機関0119,D1154,医師_D1154
INT,W,F0188,医療機関0188,D1155,医師_D1155
INT,W,F0105,医療機関0105,D1157,医師_D1157
INT,W,F0183,医療機関0183,D1158,医師_D1158
INT,W,F0172,医療機関0172,D1159,医師_D1159
INT,W,F0175,医療機関0175,D1160,医師_D1160
INT,W,F0116,医療機関0116,D1161,医師_D1161
INT,W,F0123,医療機関0123,D1162,医師_D1162
INT,W,F0004,医療機関0004,D1163,医師_D1163
INT,W,F0181,医療機関0181,D1164,医師_D1164
INT,W,F0173,医療機関0173,D1165,医師_D1165
INT,W,F0281,医療機関0281,D1166,医師_D1166
INT,W,F0152,医療機関0152,D1167,医師_D1167
INT,W,F0021,医療機関0021,D1169,医師_D1169
INT,W,F0060,医療機関0060,D1170,医師_D1170
INT,W,F0102,医療機関0102,D1171,医師_D1171
INT,W,F0119,医療機関0119,D1174,医師_D1174
INT,W,F0231,医療機関0231,D1175,医師_D1175
INT,W,F0040,医療機関0040,D1176,医師_D1176
INT,W,F0049,医療機関0049,D1178,医師_D1178
INT,W,F0093,医療機関0093,D1179,医師_D1179
INT,W,F0206,医療機関0206,D1180,医師_D1180
INT,W,F0015,医療機関0015,D1181,医師_D1181
INT,W,F0102,医療機関0102,D1182,医師_D1182
INT,W,F0008,医療機関0008,D1183,医師_D1183
INT,W,F0287,医療機関0287,D1184,医師_D1184
INT,W,F0219,医療機関0219,D1185,医師_D1185
INT,W,F0074,医療機関0074,D1186,医師_D1186
INT,W,F0030,医療機関0030,D1188,医師_D1188
INT,W,F0227,医療機関0227,D1190,医師_D1190
INT,W,F0176,医療機関0176,D1191,医師_D1191
INT,W,F0265,医療機関0265,D1192,医師_D1192
INT,W,F0104,医療機関0104,D1193,医師_D1193
INT,W,F0144,医療機関0144,D1195,医師_D1195
INT,W,F0293,医療機関0293,D1197,医師_D1197
INT,W,F0056,医療機関0056,D1198,医師_D1198
INT,W,F0144,医療機関0144,D1199,医師_D1199
INT,W,F0018,医療機関0018,D1201,医師_D1201
INT,W,F0137,医療機関0137,D1203,医師_D1203
INT,W,F0078,医療機関0078,D1204,医師_D1204
INT,W,F0039,医療機関0039,D1205,医師_D1205
INT,W,F0003,医療機関0003,D1207,医師_D1207
INT,W,F0145,医療機関0145,D1208,医師_D1208
INT,W,F0027,医療機関0027,D1209,医師_D1209
INT,W,F0196,医療機関0196,D1212,医師_D1212
INT,W,F0203,医療機関0203,D1213,医師_D1213
INT,W,F0266,医療機関0266,D1215,医師_D1215
INT,W,F0041,医療機関0041,D1219,医師_D1219
INT,W,F0089,医療機関0089,D1220,医師_D1220
INT,W,F0094,医療機関0094,D1221,医師_D1221
INT,W,F0230,医療機関0230,D1222,医師_D1222
INT,W,F0091,医療機関0091,D1223,医師_D1223
INT,W,F0264,医療機関0264,D1224,医師_D1224
INT,W,F0271,医療機関0271,D1226,医師_D1226
INT,W,F0032,医療機関0032,D1227,医師_D1227
INT,W,F0296,医療機関0296,D1228,医師_D1228
INT,W,F0185,医療機関0185,D1229,医師_D1229
INT,W,F0295,医療機関0295,D1230,医師_D1230
INT,W,F0107,医療機関0107,D1231,医師_D1231
INT,W,F0286,医療機関0286,D1232,医師_D1232
INT,W,F0177,医療機関0177,D1233,医師_D1233
INT,W,F0022,医療機関0022,D1234,医師_D1234
INT,W,F0042,医療機関0042,D1236,医師_D1236
INT,W,F0092,医療機関0092,D1238,医師_D1238
INT,W,F0067,医療機関0067,D1239,医師_D1239
INT,W,F0128,医療機関0128,D1241,医師_D1241
INT,W,F0245,医療機関0245,D1243,医師_D1243
INT,W,F0254,医療機関0254,D1244,医師_D1244
INT,W,F0223,医療機関0223,D1245,医師_D1245
INT,W,F0186,医療機関0186,D1246,医師_D1246
INT,W,F0121,医療機関0121,D1247,医師_D1247
INT,W,F0163,医療機関0163,D1248,医師_D1248
INT,W,F0157,医療機関0157,D1249,医師_D1249
INT,W,F0050,医療機関0050,D1250,医師_D1250
INT,W,F0076,医療機関0076,D1252,医師_D1252
INT,W,F0137,医療機関0137,D1253,医師_D1253
INT,W,F0049,医療機関0049,D1254,医師_D1254
INT,W,F0033,医療機関0033,D1255,医師_D1255
INT,W,F0256,医療機関0256,D1256,医師_D1256
INT,W,F0113,医療機関0113,D1257,医師_D1257
INT,W,F0158,医療機関0158,D1259,医師_D1259
INT,W,F0221,医療機関0221,D1260,医師_D1260
INT,W,F0222,医療機関0222,D1261,医師_D1261
INT,W,F0089,医療機関0089,D1262,医師_D1262
INT,W,F0255,医療機関0255,D1263,医師_D1263
INT,W,F0112,医療機関0112,D1264,医師_D1264
INT,W,F0251,医療機関0251,D1265,医師_D1265
INT,W,F0122,医療機関0122,D1266,医師_D1266
INT,W,F0034,医療機関0034,D1267,医師_D1267
INT,W,F0010,医療機関0010,D1269,医師_D1269
INT,W,F0232,医療機関0232,D1270,医師_D1270
INT,W,F0013,医療機関0013,D1271,医師_D1271
INT,W,F0182,医療機関0182,D1273,医師_D1273
INT,W,F0283,医療機関0283,D1274,医師_D1274
INT,W,F0123,医療機関0123,D1275,医師_D1275
INT,W,F0037,医療機関0037,D1276,医師_D1276
INT,W,F0116,医療機関0116,D1281,医師_D1281
INT,W,F0054,医療機関0054,D1283,医師_D1283
INT,W,F0254,医療機関0254,D1284,医師_D1284
INT,W,F0186,医療機関0186,D1285,医師_D1285
INT,W,F0196,医療機関0196,D1287,医師_D1287
INT,W,F0125,医療機関0125,D1288,医師_D1288
INT,W,F0019,医療機関0019,D1289,医師_D1289
INT,W,F0135,医療機関0135,D1290,医師_D1290
INT,W,F0056,医療機関0056,D1291,医師_D1291
INT,W,F0074,医療機関0074,D1292,医師_D1292
INT,W,F0264,医療機関0264,D1293,医師_D1293
INT,W,F0214,医療機関0214,D1294,医師_D1294
INT,W,F0041,医療機関0041,D1295,医師_D1295
INT,W,F0256,医療機関0256,D1296,医師_D1296
INT,W,F0173,医療機関0173,D1297,医師_D1297
INT,W,F0225,医療機関0225,D1299,医師_D1299
INT,W,F0102,医療機関0102,D1300,医師_D1300
INT,W,F0161,医療機関0161,D1301,医師_D1301
INT,W,F0160,医療機関0160,D1302,医師_D1302
INT,W,F0075,医療機関0075,D1304,医師_D1304
INT,W,F0100,医療機関0100,D1305,医師_D1305
INT,W,F0074,医療機関0074,D1306,医師_D1306
INT,W,F0089,医療機関0089,D1307,医師_D1307
INT,W,F0049,医療機関0049,D1308,医師_D1308
INT,W,F0011,医療機関0011,D1309,医師_D1309
INT,W,F0283,医療機関0283,D1310,医師_D1310
INT,W,F0267,医療機関0267,D1312,医師_D1312
INT,W,F0001,医療機関0001,D1313,医師_D1313
INT,W,F0234,医療機関0234,D1314,医師_D1314
INT,W,F0099,医療機関0099,D1315,医師_D1315
INT,W,F0156,医療機関0156,D1316,医師_D1316
INT,W,F0085,医療機関0085,D1317,医師_D1317
INT,W,F0148,医療機関0148,D1318,医師_D1318
INT,W,F0136,医療機関0136,D1319,医師_D1319
INT,W,F0159,医療機関0159,D1320,医師_D1320
INT,W,F0248,医療機関0248,D1323,医師_D1323
INT,W,F0109,医療機関0109,D1325,医師_D1325
INT,W,F0040,医療機関0040,D1326,医師_D1326
INT,W,F0108,医療機関0108,D1327,医師_D1327
INT,W,F0038,医療機関0038,D1328,医師_D1328
INT,W,F0055,医療機関0055,D1329,医師_D1329
INT,W,F0251,医療機関0251,D1333,医師_D1333
INT,W,F0286,医療機関0286,D1334,医師_D1334
INT,W,F0045,医療機関0045,D1335,医師_D1335
INT,W,F0050,医療機関0050,D1336,医師_D1336
INT,W,F0112,医療機関0112,D1337,医師_D1337
INT,W,F0167,医療機関0167,D1338,医師_D1338
INT,W,F0288,医療機関0288,D1339,医師_D1339
INT,W,F0050,医療機関0050,D1341,医師_D1341
INT,W,F0263,医療機関0263,D1343,医師_D1343
INT,W,F0010,医療機関0010,D1344,医師_D1344
INT,W,F0115,医療機関0115,D1345,医師_D1345
INT,W,F0276,医療機関0276,D1348,医師_D1348
INT,W,F0001,医療機関0001,D1349,医師_D1349
INT,W,F0097,医療機関0097,D1350,医師_D1350
INT,W,F0275,医療機関0275,D1351,医師_D1351
INT,W,F0183,医療機関0183,D1352,医師_D1352
INT,W,F0022,医療機関0022,D1353,医師_D1353
INT,W,F0292,医療機関0292,D1355,医師_D1355
INT,W,F0159,医療機関0159,D1357,医師_D1357
INT,W,F0160,医療機関0160,D1358,医師_D1358
INT,W,F0199,医療機関0199,D1359,医師_D1359
INT,W,F0252,医療機関0252,D1361,医師_D1361
INT,W,F0043,医療機関0043,D1363,医師_D1363
INT,W,F0246,医療機関0246,D1364,医師_D1364
INT,W,F0246,医療機関0246,D1365,医師_D1365
INT,W,F0112,医療機関0112,D1367,医師_D1367
INT,W,F0252,医療機関0252,D1369,医師_D1369
INT,W,F0249,医療機関0249,D1371,医師_D1371
INT,W,F0277,医療機関0277,D1372,医師_D1372
INT,W,F0205,医療機関0205,D1373,医師_D1373
INT,W,F0168,医療機関0168,D1375,医師_D1375
INT,W,F0016,医療機関0016,D1376,医師_D1376
INT,W,F0280,医療機関0280,D1377,医師_D1377
INT,W,F0018,医療機関0018,D1379,医師_D1379
INT,W,F0198,医療機関0198,D1381,医師_D1381
INT,W,F0187,医療機関0187,D1382,医師_D1382
INT,W,F0017,医療機関0017,D1383,医師_D1383
INT,W,F0226,医療機関0226,D1384,医師_D1384
INT,W,F0192,医療機関0192,D1385,医師_D1385
INT,W,F0239,医療機関0239,D1386,医師_D1386
INT,W,F0249,医療機関0249,D1387,医師_D1387
INT,W,F0064,医療機関0064,D1388,医師_D1388
INT,W,F0064,医療機関0064,D1389,医師_D1389
INT,W,F0160,医療機関0160,D1391,医師_D1391
INT,W,F0132,医療機関0132,D1392,医師_D1392
INT,W,F0087,医療機関0087,D1393,医師_D1393
INT,W,F0192,医療機関0192,D1394,医師_D1394
INT,W,F0227,医療機関0227,D1395,医師_D1395
INT,W,F0166,医療機関0166,D1397,医師_D1397
INT,W,F0299,医療機関0299,D1398,医師_D1398
INT,W,F0085,医療機関0085,D1399,医師_D1399
INT,W,F0019,医療機関0019,D1402,医師_D1402
INT,W,F0138,医療機関0138,D1404,医師_D1404
INT,W,F0240,医療機関0240,D1405,医師_D1405
INT,W,F0039,医療機関0039,D1406,医師_D1406
INT,W,F0131,医療機関0131,D1407,医師_D1407
INT,W,F0046,医療機関0046,D1408,医師_D1408
INT,W,F0237,医療機関0237,D1409,医師_D1409
INT,W,F0190,医療機関0190,D1410,医師_D1410
INT,W,F0150,医療機関0150,D1411,医師_D1411
INT,W,F0046,医療機関0046,D1413,医師_D1413
INT,W,F0277,医療機関0277,D1414,医師_D1414
INT,W,F0195,医療機関0195,D1415,医師_D1415
INT,W,F0096,医療機関0096,D1416,医師_D1416
INT,W,F0218,医療機関0218,D1418,医師_D1418
INT,W,F0091,医療機関0091,D1421,医師_D1421
INT,W,F0198,医療機関0198,D1422,医師_D1422
INT,W,F0198,医療機関0198,D1423,医師_D1423
INT,W,F0180,医療機関0180,D1424,医師_D1424
INT,W,F0142,医療機関0142,D1426,医師_D1426
INT,W,F0185,医療機関0185,D1427,医師_D1427
INT,W,F0286,医療機関0286,D1428,医師_D1428
INT,W,F0158,医療機関0158,D1429,医師_D1429
INT,W,F0167,医療機関0167,D1431,医師_D1431
INT,W,F0054,医療機関0054,D1432,医師_D1432
INT,W,F0028,医療機関0028,D1433,医師_D1433
INT,W,F0204,医療機関0204,D1434,医師_D1434
INT,W,F0254,医療機関0254,D1436,医師_D1436
INT,W,F0176,医療機関0176,D1437,医師_D1437
INT,W,F0013,医療機関0013,D1438,医師_D1438
INT,W,F0297,医療機関0297,D1439,医師_D1439
INT,W,F0135,医療機関0135,D1440,医師_D1440
INT,W,F0224,医療機関0224,D1443,医師_D1443
INT,W,F0084,医療機関0084,D1445,医師_D1445
INT,W,F0136,医療機関0136,D1447,医師_D1447
INT,W,F0226,医療機関0226,D1449,医師_D1449
INT,W,F0052,医療機関0052,D1451,医師_D1451
INT,W,F0091,医療機関0091,D1452,医師_D1452
INT,W,F0285,医療機関0285,D1454,医師_D1454
INT,W,F0222,医療機関0222,D1458,医師_D1458
INT,W,F0121,医療機関0121,D1460,医師_D1460
INT,W,F0269,医療機関0269,D1461,医師_D1461
INT,W,F0169,医療機関0169,D1462,医師_D1462
INT,W,F0045,医療機関0045,D1463,医師_D1463
INT,W,F0177,医療機関0177,D1465,医師_D1465
INT,W,F0153,医療機関0153,D1466,医師_D1466
INT,W,F0273,医療機関0273,D1468,医師_D1468
INT,W,F0126,医療機関0126,D1470,医師_D1470
INT,W,F0195,医療機関0195,D1472,医師_D1472
INT,W,F0121,医療機関0121,D1473,医師_D1473
INT,W,F0209,医療機関0209,D1475,医師_D1475
INT,W,F0123,医療機関0123,D1476,医師_D1476
INT,W,F0133,医療機関0133,D1478,医師_D1478
INT,W,F0078,医療機関0078,D1479,医師_D1479
INT,W,F0249,医療機関0249,D1481,医師_D1481
INT,W,F0028,医療機関0028,D1482,医師_D1482
INT,W,F0201,医療機関0201,D1484,医師_D1484
INT,W,F0040,医療機関0040,D1485,医師_D1485
INT,W,F0197,医療機関0197,D1486,医師_D1486
INT,W,F0199,医療機関0199,D1488,医師_D1488
INT,W,F0267,医療機関0267,D1491,医師_D1491
INT,W,F0098,医療機関0098,D1492,医師_D1492
INT,W,F0242,医療機関0242,D1493,医師_D1493
INT,W,F0060,医療機関0060,D1494,医師_D1494
INT,W,F0049,医療機関0049,D1495,医師_D1495
INT,W,F0234,医療機関0234,D1496,医師_D1496
INT,W,F0282,医療機関0282,D1497,医師_D1497
INT,W,F0075,医療機関0075,D1500,医師_D1500
INT,W,F0274,医療機関0274,D1501,医師_D1501
INT,W,F0201,医療機関0201,D1502,医師_D1502
INT,W,F0052,医療機関0052,D1503,医師_D1503
INT,W,F0039,医療機関0039,D1504,医師_D1504
INT,W,F0262,医療機関0262,D1505,医師_D1505
INT,W,F0083,医療機関0083,D1506,医師_D1506
INT,W,F0230,医療機関0230,D1507,医師_D1507
INT,W,F0042,医療機関0042,D1508,医師_D1508
INT,W,F0085,医療機関0085,D1509,医師_D1509
INT,W,F0086,医療機関0086,D1510,医師_D1510
INT,W,F0085,医療機関0085,D1511,医師_D1511
INT,W,F0203,医療機関0203,D1512,医師_D1512
INT,W,F0274,医療機関0274,D1514,医師_D1514
INT,W,F0223,医療機関0223,D1515,医師_D1515
INT,W,F0061,医療機関0061,D1516,医師_D1516
INT,W,F0163,医療機関0163,D1518,医師_D1518
INT,W,F0164,医療機関0164,D1519,医師_D1519
INT,W,F0211,医療機関0211,D1520,医師_D1520
INT,W,F0231,医療機関0231,D1521,医師_D1521
INT,W,F0286,医療機関0286,D1522,医師_D1522
INT,W,F0175,医療機関0175,D1523,医師_D1523
INT,W,F0184,医療機関0184,D1524,医師_D1524
INT,W,F0077,医療機関0077,D1526,医師_D1526
INT,W,F0093,医療機関0093,D1527,医師_D1527
INT,W,F0188,医療機関0188,D1528,医師_D1528
INT,W,F0020,医療機関0020,D1529,医師_D1529
INT,W,F0097,医療機関0097,D1530,医師_D1530
INT,W,F0216,医療機関0216,D1531,医師_D1531
INT,W,F0293,医療機関0293,D1532,医師_D1532
INT,W,F0156,医療機関0156,D1533,医師_D1533
INT,W,F0120,医療機関0120,D1534,医師_D1534
INT,W,F0133,医療機関0133,D1535,医師_D1535
INT,W,F0206,医療機関0206,D1536,医師_D1536
INT,W,F0164,医療機関0164,D1537,医師_D1537
INT,W,F0007,医療機関0007,D1538,医師_D1538
INT,W,F0121,医療機関0121,D1540,医師_D1540
INT,W,F0211,医療機関0211,D1541,医師_D1541
INT,W,F0289,医療機関0289,D1543,医師_D1543
INT,W,F0109,医療機関0109,D1545,医師_D1545
INT,W,F0134,医療機関0134,D1546,医師_D1546
INT,W,F0053,医療機関0053,D1547,医師_D1547
INT,W,F0281,医療機関0281,D1548,医師_D1548
INT,W,F0257,医療機関0257,D1550,医師_D1550
INT,W,F0099,医療機関0099,D1551,医師_D1551
INT,W,F0257,医療機関0257,D1553,医師_D1553
INT,W,F0164,医療機関0164,D1554,医師_D1554
INT,W,F0212,医療機関0212,D1555,医師_D1555
INT,W,F0147,医療機関0147,D1556,医師_D1556
INT,W,F0190,医療機関0190,D1558,医師_D1558
INT,W,F0101,医療機関0101,D1560,医師_D1560
INT,W,F0243,医療機関0243,D1561,医師_D1561
INT,W,F0074,医療機関0074,D1562,医師_D1562
INT,W,F0121,医療機関0121,D1563,医師_D1563
INT,W,F0274,医療機関0274,D1564,医師_D1564
INT,W,F0287,医療機関0287,D1565,医師_D1565
INT,W,F0278,医療機関0278,D1566,医師_D1566
INT,W,F0095,医療機関0095,D1567,医師_D1567
INT,W,F0253,医療機関0253,D1568,医師_D1568
INT,W,F0281,医療機関0281,D1569,医師_D1569
INT,W,F0294,医療機関0294,D1570,医師_D1570
INT,W,F0007,医療機関0007,D1571,医師_D1571
INT,W,F0224,医療機関0224,D1572,医師_D1572
INT,W,F0230,医療機関0230,D1574,医師_D1574
INT,W,F0070,医療機関0070,D1575,医師_D1575
INT,W,F0229,医療機関0229,D1576,医師_D1576
INT,W,F0032,医療機関0032,D1577,医師_D1577
INT,W,F0145,医療機関0145,D1578,医師_D1578
INT,W,F0188,医療機関0188,D1579,医師_D1579
INT,W,F0137,医療機関0137,D1580,医師_D1580
INT,W,F0210,医療機関0210,D1581,医師_D1581
INT,W,F0182,医療機関0182,D1583,医師_D1583
INT,W,F0194,医療機関0194,D1584,医師_D1584
INT,W,F0087,医療機関0087,D1586,医師_D1586
INT,W,F0139,医療機関0139,D1589,医師_D1589
INT,W,F0176,医療機関0176,D1590,医師_D1590
INT,W,F0109,医療機関0109,D1591,医師_D1591
INT,W,F0123,医療機関0123,D1592,医師_D1592
INT,W,F0086,医療機関0086,D1593,医師_D1593
INT,W,F0066,医療機関0066,D1594,医師_D1594
INT,W,F0245,医療機関0245,D1596,医師_D1596
INT,W,F0088,医療機関0088,D1597,医師_D1597
INT,W,F0259,医療機関0259,D1598,医師_D1598
INT,W,F0172,医療機関0172,D1599,医師_D1599
INT,W,F0051,医療機関0051,D1600,医師_D1600
INT,W,F0110,医療機関0110,D1601,医師_D1601
INT,W,F0003,医療機関0003,D1602,医師_D1602
INT,W,F0012,医療機関0012,D1603,医師_D1603
INT,W,F0101,医療機関0101,D1604,医師_D1604
INT,W,F0137,医療機関0137,D1605,医師_D1605
INT,W,F0240,医療機関0240,D1606,医師_D1606
INT,W,F0041,医療機関0041,D1607,医師_D1607
INT,W,F0252,医療機関0252,D1608,医師_D1608
INT,W,F0071,医療機関0071,D1609,医師_D1609
INT,W,F0042,医療機関0042,D1610,医師_D1610
INT,W,F0210,医療機関0210,D1611,医師_D1611
INT,W,F0182,医療機関0182,D1613,医師_D1613
INT,W,F0035,医療機関0035,D1614,医師_D1614
INT,W,F0035,医療機関0035,D1615,医師_D1615
INT,W,F0136,医療機関0136,D1617,医師_D1617
INT,W,F0300,医療機関0300,D1618,医師_D1618
INT,W,F0058,医療機関0058,D1620,医師_D1620
INT,W,F0284,医療機関0284,D1621,医師_D1621
INT,W,F0047,医療機関0047,D1622,医師_D1622
INT,W,F0127,医療機関0127,D1624,医師_D1624
INT,W,F0121,医療機関0121,D1625,医師_D1625
INT,W,F0186,医療機関0186,D1626,医師_D1626
INT,W,F0264,医療機関0264,D1627,医師_D1627
INT,W,F0280,医療機関0280,D1628,医師_D1628
INT,W,F0087,医療機関0087,D1629,医師_D1629
INT,W,F0190,医療機関0190,D1631,医師_D1631
INT,W,F0282,医療機関0282,D1633,医師_D1633
INT,W,F0238,医療機関0238,D1636,医師_D1636
INT,W,F0075,医療機関0075,D1637,医師_D1637
INT,W,F0082,医療機関0082,D1638,医師_D1638
INT,W,F0143,医療機関0143,D1639,医師_D1639
INT,W,F0068,医療機関0068,D1641,医師_D1641
INT,W,F0200,医療機関0200,D1642,医師_D1642
INT,W,F0136,医療機関0136,D1643,医師_D1643
INT,W,F0034,医療機関0034,D1644,医師_D1644
INT,W,F0214,医療機関0214,D1645,医師_D1645
INT,W,F0250,医療機関0250,D1646,医師_D1646
INT,W,F0152,医療機関0152,D1651,医師_D1651
INT,W,F0166,医療機関0166,D1652,医師_D1652
INT,W,F0074,医療機関0074,D1653,医師_D1653
INT,W,F0151,医療機関0151,D1654,医師_D1654
INT,W,F0089,医療機関0089,D1655,医師_D1655
INT,W,F0206,医療機関0206,D1656,医師_D1656
INT,W,F0239,医療機関0239,D1657,医師_D1657
INT,W,F0001,医療機関0001,D1659,医師_D1659
INT,W,F0008,医療機関0008,D1661,医師_D1661
INT,W,F0300,医療機関0300,D1662,医師_D1662
INT,W,F0010,医療機関0010,D1663,医師_D1663
INT,W,F0029,医療機関0029,D1666,医師_D1666
INT,W,F0206,医療機関0206,D1667,医師_D1667
INT,W,F0036,医療機関0036,D1669,医師_D1669
INT,W,F0293,医療機関0293,D1670,医師_D1670
INT,W,F0097,医療機関0097,D1671,医師_D1671
INT,W,F0096,医療機関0096,D1672,医師_D1672
INT,W,F0090,医療機関0090,D1673,医師_D1673
INT,W,F0054,医療機関0054,D1675,医師_D1675
INT,W,F0128,医療機関0128,D1676,医師_D1676
INT,W,F0063,医療機関0063,D1677,医師_D1677
INT,W,F0111,医療機関0111,D1679,医師_D1679
INT,W,F0202,医療機関0202,D1680,医師_D1680
INT,W,F0229,医療機関0229,D1681,医師_D1681
INT,W,F0107,医療機関0107,D1682,医師_D1682
INT,W,F0237,医療機関0237,D1684,医師_D1684
INT,W,F0205,医療機関0205,D1685,医師_D1685
INT,W,F0250,医療機関0250,D1686,医師_D1686
INT,W,F0272,医療機関0272,D1687,医師_D1687
INT,W,F0247,医療機関0247,D1688,医師_D1688
INT,W,F0281,医療機関0281,D1689,医師_D1689
INT,W,F0125,医療機関0125,D1690,医師_D1690
INT,W,F0119,医療機関0119,D1691,医師_D1691
INT,W,F0071,医療機関0071,D1693,医師_D1693
INT,W,F0215,医療機関0215,D1695,医師_D1695
INT,W,F0241,医療機関0241,D1696,医師_D1696
INT,W,F0051,医療機関0051,D1697,医師_D1697
INT,W,F0148,医療機関0148,D1698,医師_D1698
INT,W,F0067,医療機関0067,D1699,医師_D1699
INT,W,F0081,医療機関0081,D1701,医師_D1701
INT,W,F0044,医療機関0044,D1702,医師_D1702
INT,W,F0171,医療機関0171,D1703,医師_D1703
INT,W,F0264,医療機関0264,D1704,医師_D1704
INT,W,F0275,医療機関0275,D1705,医師_D1705
INT,W,F0098,医療機関0098,D1707,医師_D1707
INT,W,F0047,医療機関0047,D1708,医師_D1708
INT,W,F0093,医療機関0093,D1709,医師_D1709
INT,W,F0161,医療機関0161,D1710,医師_D1710
INT,W,F0021,医療機関0021,D1712,医師_D1712
INT,W,F0154,医療機関0154,D1713,医師_D1713
INT,W,F0069,医療機関0069,D1715,医師_D1715
INT,W,F0001,医療機関0001,D1716,医師_D1716
INT,W,F0027,医療機関0027,D1717,医師_D1717
INT,W,F0131,医療機関0131,D1718,医師_D1718
INT,W,F0256,医療機関0256,D1719,医師_D1719
INT,W,F0233,医療機関0233,D1720,医師_D1720
INT,W,F0011,医療機関0011,D1722,医師_D1722
INT,W,F0102,医療機関0102,D1723,医師_D1723
INT,W,F0196,医療機関0196,D1724,医師_D1724
INT,W,F0247,医療機関0247,D1726,医師_D1726
INT,W,F0103,医療機関0103,D1727,医師_D1727
INT,W,F0008,医療機関0008,D1729,医師_D1729
INT,W,F0045,医療機関0045,D1730,医師_D1730
INT,W,F0020,医療機関0020,D1731,医師_D1731
INT,W,F0259,医療機関0259,D1732,医師_D1732
INT,W,F0247,医療機関0247,D1734,医師_D1734
INT,W,F0166,医療機関0166,D1735,医師_D1735
INT,W,F0162,医療機関0162,D1736,医師_D1736
INT,W,F0137,医療機関0137,D1737,医師_D1737
INT,W,F0246,医療機関0246,D1738,医師_D1738
INT,W,F0014,医療機関0014,D1739,医師_D1739
INT,W,F0028,医療機関0028,D1740,医師_D1740
INT,W,F0128,医療機関0128,D1741,医師_D1741
INT,W,F0119,医療機関0119,D1742,医師_D1742
INT,W,F0164,医療機関0164,D1743,医師_D1743
INT,W,F0222,医療機関0222,D1744,医師_D1744
INT,W,F0177,医療機関0177,D1745,医師_D1745
INT,W,F0078,医療機関0078,D1746,医師_D1746
INT,W,F0061,医療機関0061,D1749,医師_D1749
INT,W,F0162,医療機関0162,D1751,医師_D1751
INT,W,F0226,医療機関0226,D1752,医師_D1752
INT,W,F0215,医療機関0215,D1753,医師_D1753
INT,W,F0124,医療機関0124,D1757,医師_D1757
INT,W,F0063,医療機関0063,D1760,医師_D1760
INT,W,F0289,医療機関0289,D1763,医師_D1763
INT,W,F0228,医療機関0228,D1765,医師_D1765
INT,W,F0026,医療機関0026,D1766,医師_D1766
INT,W,F0102,医療機関0102,D1767,医師_D1767
INT,W,F0049,医療機関0049,D1769,医師_D1769
INT,W,F0053,医療機関0053,D1770,医師_D1770
INT,W,F0014,医療機関0014,D1771,医師_D1771
INT,W,F0019,医療機関0019,D1773,医師_D1773
INT,W,F0120,医療機関0120,D1774,医師_D1774
INT,W,F0210,医療機関0210,D1775,医師_D1775
INT,W,F0298,医療機関0298,D1776,医師_D1776
INT,W,F0257,医療機関0257,D1777,医師_D1777
INT,W,F0042,医療機関0042,D1778,医師_D1778
INT,W,F0297,医療機関0297,D1779,医師_D1779
INT,W,F0197,医療機関0197,D1780,医師_D1780
INT,W,F0054,医療機関0054,D1781,医師_D1781
INT,W,F0135,医療機関0135,D1782,医師_D1782
INT,W,F0276,医療機関0276,D1783,医師_D1783
INT,W,F0118,医療機関0118,D1784,医師_D1784
INT,W,F0056,医療機関0056,D1785,医師_D1785
INT,W,F0263,医療機関0263,D1786,医師_D1786
INT,W,F0286,医療機関0286,D1787,医師_D1787
INT,W,F0262,医療機関0262,D1790,医師_D1790
INT,W,F0137,医療機関0137,D1791,医師_D1791
INT,W,F0058,医療機関0058,D1792,医師_D1792
INT,W,F0186,医療機関0186,D1793,医師_D1793
INT,W,F0067,医療機関0067,D1794,医師_D1794
INT,W,F0142,医療機関0142,D1795,医師_D1795
INT,W,F0197,医療機関0197,D1796,医師_D1796
INT,W,F0284,医療機関0284,D1797,医師_D1797
INT,W,F0087,医療機関0087,D1798,医師_D1798
INT,W,F0076,医療機関0076,D1799,医師_D1799
INT,W,F0221,医療機関0221,D1800,医師_D1800
LIV,R,F0228,医療機関0228,D2005,医師_D2005
LIV,R,F0055,医療機関0055,D2013,医師_D2013
LIV,R,F0180,医療機関0180,D2014,医師_D2014
LIV,R,F0197,医療機関0197,D2019,医師_D2019
LIV,R,F0255,医療機関0255,D2021,医師_D2021
LIV,R,F0277,医療機関0277,D2025,医師_D2025
LIV,R,F0174,医療機関0174,D2026,医師_D2026
LIV,R,F0012,医療機関0012,D2030,医師_D2030
LIV,R,F0281,医療機関0281,D2031,医師_D2031
LIV,R,F0140,医療機関0140,D2044,医師_D2044
LIV,R,F0264,医療機関0264,D2052,医師_D2052
LIV,R,F0018,医療機関0018,D2057,医師_D2057
LIV,R,F0179,医療機関0179,D2076,医師_D2076
LIV,R,F0289,医療機関0289,D2077,医師_D2077
LIV,R,F0264,医療機関0264,D2078,医師_D2078
LIV,R,F0244,医療機関0244,D2084,医師_D2084
LIV,R,F0074,医療機関0074,D2087,医師_D2087
LIV,R,F0192,医療機関0192,D2089,医師_D2089
LIV,R,F0295,医療機関0295,D2090,医師_D2090
LIV,R,F0067,医療機関0067,D2103,医師_D2103
LIV,R,F0020,医療機関0020,D2111,医師_D2111
LIV,R,F0152,医療機関0152,D2115,医師_D2115
LIV,R,F0188,医療機関0188,D2121,医師_D2121
LIV,R,F0289,医療機関0289,D2131,医師_D2131
LIV,R,F0030,医療機関0030,D2142,医師_D2142
LIV,R,F0060,医療機関0060,D2145,医師_D2145
LIV,R,F0243,医療機関0243,D2148,医師_D2148
LIV,R,F0293,医療機関0293,D2150,医師_D2150
LIV,R,F0196,医療機関0196,D2154,医師_D2154
LIV,R,F0298,医療機関0298,D2155,医師_D2155
LIV,R,F0266,医療機関0266,D2157,医師_D2157
LIV,R,F0108,医療機関0108,D2159,医師_D2159
LIV,R,F0013,医療機関0013,D2172,医師_D2172
LIV,R,F0091,医療機関0091,D2176,医師_D2176
LIV,R,F0271,医療機関0271,D2178,医師_D2178
LIV,R,F0014,医療機関0014,D2180,医師_D2180
LIV,R,F0229,医療機関0229,D2183,医師_D2183
LIV,R,F0036,医療機関0036,D2186,医師_D2186
LIV,R,F0085,医療機関0085,D2187,医師_D2187
LIV,R,F0282,医療機関0282,D2191,医師_D2191
LIV,R,F0047,医療機関0047,D2192,医師_D2192
LIV,R,F0134,医療機関0134,D2202,医師_D2202
LIV,R,F0297,医療機関0297,D2203,医師_D2203
LIV,R,F0052,医療機関0052,D2205,医師_D2205
LIV,R,F0087,医療機関0087,D2207,医師_D2207
LIV,R,F0060,医療機関0060,D2215,医師_D2215
LIV,R,F0203,医療機関0203,D2217,医師_D2217
LIV,R,F0039,医療機関0039,D2219,医師_D2219
LIV,R,F0039,医療機関0039,D2223,医師_D2223
LIV,R,F0293,医療機関0293,D2224,医師_D2224
LIV,R,F0253,医療機関0253,D2226,医師_D2226
LIV,R,F0164,医療機関0164,D2234,医師_D2234
LIV,R,F0292,医療機関0292,D2240,医師_D2240
LIV,R,F0212,医療機関0212,D2242,医師_D2242
LIV,R,F0137,医療機関0137,D2245,医師_D2245
LIV,R,F0059,医療機関0059,D2251,医師_D2251
LIV,R,F0218,医療機関0218,D2255,医師_D2255
LIV,R,F0218,医療機関0218,D2259,医師_D2259
LIV,R,F0184,医療機関0184,D2264,医師_D2264
LIV,R,F0095,医療機関0095,D2267,医師_D2267
LIV,R,F0116,医療機関0116,D2275,医師_D2275
LIV,R,F0155,医療機関0155,D2276,医師_D2276
LIV,R,F0200,医療機関0200,D2277,医師_D2277
LIV,R,F0071,医療機関0071,D2282,医師_D2282
LIV,R,F0169,医療機関0169,D2283,医師_D2283
LIV,R,F0045,医療機関0045,D2289,医師_D2289
LIV,R,F0045,医療機関0045,D2291,医師_D2291
LIV,R,F0061,医療機関0061,D2300,医師_D2300
LIV,R,F0153,医療機関0153,D2301,医師_D2301
LIV,R,F0196,医療機関0196,D2305,医師_D2305
LIV,R,F0260,医療機関0260,D2306,医師_D2306
LIV,R,F0285,医療機関0285,D2308,医師_D2308
LIV,R,F0039,医療機関0039,D2309,医師_D2309
LIV,R,F0068,医療機関0068,D2314,医師_D2314
LIV,R,F0123,医療機関0123,D2315,医師_D2315
LIV,R,F0132,医療機関0132,D2316,医師_D2316
LIV,R,F0187,医療機関0187,D2317,医師_D2317
LIV,R,F0232,医療機関0232,D2322,医師_D2322
LIV,R,F0038,医療機関0038,D2323,医師_D2323
LIV,R,F0163,医療機関0163,D2324,医師_D2324
LIV,R,F0127,医療機関0127,D2325,医師_D2325
LIV,R,F0097,医療機関0097,D2328,医師_D2328
LIV,R,F0056,医療機関0056,D2329,医師_D2329
LIV,R,F0243,医療機関0243,D2335,医師_D2335
LIV,R,F0231,医療機関0231,D2337,医師_D2337
LIV,R,F0271,医療機関0271,D2339,医師_D2339
LIV,R,F0051,医療機関0051,D2340,医師_D2340
LIV,R,F0215,医療機関0215,D2341,医師_D2341
LIV,R,F0033,医療機関0033,D2346,医師_D2346
LIV,R,F0177,医療機関0177,D2347,医師_D2347
LIV,R,F0010,医療機関0010,D2351,医師_D2351
LIV,R,F0030,医療機関0030,D2357,医師_D2357
LIV,R,F0178,医療機関0178,D2366,医師_D2366
LIV,R,F0073,医療機関0073,D2367,医師_D2367
LIV,R,F0069,医療機関0069,D2368,医師_D2368
LIV,R,F0295,医療機関0295,D2374,医師_D2374
LIV,R,F0085,医療機関0085,D2379,医師_D2379
LIV,R,F0129,医療機関0129,D2390,医師_D2390
LIV,R,F0131,医療機関0131,D2399,医師_D2399
LIV,R,F0234,医療機関0234,D2401,医師_D2401
LIV,R,F0111,医療機関0111,D2411,医師_D2411
LIV,R,F0152,医療機関0152,D2412,医師_D2412
LIV,R,F0014,医療機関0014,D2413,医師_D2413
LIV,R,F0160,医療機関0160,D2417,医師_D2417
LIV,R,F0065,医療機関0065,D2418,医師_D2418
LIV,R,F0040,医療機関0040,D2422,医師_D2422
LIV,R,F0113,医療機関0113,D2425,医師_D2425
LIV,R,F0225,医療機関0225,D2428,医師_D2428
LIV,R,F0051,医療機関0051,D2449,医師_D2449
LIV,R,F0213,医療機関0213,D2450,医師_D2450
LIV,R,F0053,医療機関0053,D2452,医師_D2452
LIV,R,F0108,医療機関0108,D2454,医師_D2454
LIV,R,F0045,医療機関0045,D2458,医師_D2458
LIV,R,F0075,医療機関0075,D2461,医師_D2461
LIV,R,F0213,医療機関0213,D2465,医師_D2465
LIV,R,F0166,医療機関0166,D2466,医師_D2466
LIV,R,F0212,医療機関0212,D2468,医師_D2468
LIV,R,F0127,医療機関0127,D2471,医師_D2471
LIV,R,F0145,医療機関0145,D2472,医師_D2472
LIV,R,F0235,医療機関0235,D2474,医師_D2474
LIV,R,F0175,医療機関0175,D2475,医師_D2475
LIV,R,F0245,医療機関0245,D2478,医師_D2478
LIV,R,F0109,医療機関0109,D2486,医師_D2486
LIV,R,F0070,医療機関0070,D2489,医師_D2489
LIV,R,F0141,医療機関0141,D2490,医師_D2490
LIV,R,F0073,医療機関0073,D2494,医師_D2494
LIV,R,F0053,医療機関0053,D2497,医師_D2497
LIV,R,F0056,医療機関0056,D2499,医師_D2499
LIV,R,F0110,医療機関0110,D2501,医師_D2501
LIV,R,F0005,医療機関0005,D2503,医師_D2503
LIV,R,F0091,医療機関0091,D2506,医師_D2506
LIV,R,F0071,医療機関0071,D2510,医師_D2510
LIV,R,F0162,医療機関0162,D2511,医師_D2511
LIV,R,F0005,医療機関0005,D2536,医師_D2536
LIV,R,F0148,医療機関0148,D2541,医師_D2541
LIV,R,F0193,医療機関0193,D2547,医師_D2547
LIV,R,F0297,医療機関0297,D2549,医師_D2549
LIV,R,F0033,医療機関0033,D2550,医師_D2550
LIV,R,F0299,医療機関0299,D2558,医師_D2558
LIV,R,F0262,医療機関0262,D2560,医師_D2560
LIV,R,F0267,医療機関0267,D2562,医師_D2562
LIV,R,F0081,医療機関0081,D2568,医師_D2568
LIV,R,F0247,医療機関0247,D2569,医師_D2569
LIV,R,F0299,医療機関0299,D2575,医師_D2575
LIV,R,F0185,医療機関0185,D2577,医師_D2577
LIV,R,F0051,医療機関0051,D2580,医師_D2580
LIV,R,F0059,医療機関0059,D2582,医師_D2582
LIV,R,F0018,医療機関0018,D2584,医師_D2584
LIV,R,F0285,医療機関0285,D2586,医師_D2586
LIV,R,F0001,医療機関0001,D2591,医師_D2591
LIV,R,F0274,医療機関0274,D2602,医師_D2602
LIV,R,F0083,医療機関0083,D2612,医師_D2612
LIV,R,F0103,医療機関0103,D2613,医師_D2613
LIV,R,F0296,医療機関0296,D2619,医師_D2619
LIV,R,F0183,医療機関0183,D2625,医師_D2625
LIV,R,F0222,医療機関0222,D2629,医師_D2629
LIV,R,F0253,医療機関0253,D2631,医師_D2631
LIV,R,F0064,医療機関0064,D2632,医師_D2632
LIV,R,F0156,医療機関0156,D2644,医師_D2644
LIV,R,F0219,医療機関0219,D2645,医師_D2645
LIV,R,F0231,医療機関0231,D2647,医師_D2647
LIV,R,F0027,医療機関0027,D2648,医師_D2648
LIV,R,F0043,医療機関0043,D2649,医師_D2649
LIV,R,F0119,医療機関0119,D2650,医師_D2650
LIV,R,F0057,医療機関0057,D2656,医師_D2656
LIV,R,F0059,医療機関0059,D2658,医師_D2658
LIV,R,F0170,医療機関0170,D2659,医師_D2659
LIV,R,F0131,医療機関0131,D2661,医師_D2661
LIV,R,F0223,医療機関0223,D2663,医師_D2663
LIV,R,F0050,医療機関0050,D2671,医師_D2671
LIV,R,F0073,医療機関0073,D2675,医師_D2675
LIV,R,F0291,医療機関0291,D2683,医師_D2683
LIV,R,F0141,医療機関0141,D2686,医師_D2686
LIV,R,F0040,医療機関0040,D2687,医師_D2687
LIV,R,F0122,医療機関0122,D2691,医師_D2691
LIV,R,F0087,医療機関0087,D2694,医師_D2694
LIV,R,F0239,医療機関0239,D2696,医師_D2696
LIV,R,F0162,医療機関0162,D2699,医師_D2699
LIV,R,F0080,医療機関0080,D2702,医師_D2702
LIV,R,F0083,医療機関0083,D2704,医師_D2704
LIV,R,F0077,医療機関0077,D2706,医師_D2706
LIV,R,F0041,医療機関0041,D2708,医師_D2708
LIV,R,F0008,医療機関0008,D2709,医師_D2709
LIV,R,F0068,医療機関0068,D2714,医師_D2714
LIV,R,F0121,医療機関0121,D2715,医師_D2715
LIV,R,F0120,医療機関0120,D2718,医師_D2718
LIV,R,F0011,医療機関0011,D2720,医師_D2720
LIV,R,F0236,医療機関0236,D2723,医師_D2723
LIV,R,F0131,医療機関0131,D2725,医師_D2725
LIV,R,F0064,医療機関0064,D2728,医師_D2728
LIV,R,F0276,医療機関0276,D2730,医師_D2730
LIV,R,F0022,医療機関0022,D2735,医師_D2735
LIV,R,F0069,医療機関0069,D2736,医師_D2736
LIV,R,F0235,医療機関0235,D2750,医師_D2750
LIV,R,F0048,医療機関0048,D2751,医師_D2751
LIV,R,F0293,医療機関0293,D2755,医師_D2755
LIV,R,F0014,医療機関0014,D2763,医師_D2763
LIV,R,F0247,医療機関0247,D2764,医師_D2764
LIV,R,F0072,医療機関0072,D2772,医師_D2772
LIV,R,F0093,医療機関0093,D2773,医師_D2773
LIV,R,F0202,医療機関0202,D2775,医師_D2775
LIV,R,F0175,医療機関0175,D2778,医師_D2778
LIV,R,F0119,医療機関0119,D2780,医師_D2780
LIV,R,F0250,医療機関0250,D2781,医師_D2781
LIV,R,F0075,医療機関0075,D2786,医師_D2786
LIV,R,F0233,医療機関0233,D2787,医師_D2787
LIV,R,F0221,医療機関0221,D2788,医師_D2788
LIV,R,F0076,医療機関0076,D2791,医師_D2791
LIV,R,F0137,医療機関0137,D2797,医師_D2797
LIV,R,F0289,医療機関0289,D2798,医師_D2798
LIV,R,F0245,医療機関0245,D2801,医師_D2801
LIV,R,F0118,医療機関0118,D2805,医師_D2805
LIV,R,F0106,医療機関0106,D2806,医師_D2806
LIV,R,F0067,医療機関0067,D2813,医師_D2813
LIV,R,F0263,医療機関0263,D2818,医師_D2818
LIV,R,F0184,医療機関0184,D2825,医師_D2825
LIV,R,F0266,医療機関0266,D2828,医師_D2828
LIV,R,F0234,医療機関0234,D2829,医師_D2829
LIV,R,F0063,医療機関0063,D2833,医師_D2833
LIV,R,F0102,医療機関0102,D2834,医師_D2834
LIV,R,F0071,医療機関0071,D2835,医師_D2835
LIV,R,F0182,医療機関0182,D2836,医師_D2836
LIV,R,F0249,医療機関0249,D2840,医師_D2840
LIV,R,F0097,医療機関0097,D2847,医師_D2847
LIV,R,F0182,医療機関0182,D2849,医師_D2849
LIV,R,F0149,医療機関0149,D2850,医師_D2850
LIV,R,F0143,医療機関0143,D2851,医師_D2851
LIV,R,F0136,医療機関0136,D2853,医師_D2853
LIV,R,F0108,医療機関0108,D2865,医師_D2865
LIV,R,F0162,医療機関0162,D2867,医師_D2867
LIV,R,F0221,医療機関0221,D2873,医師_D2873
LIV,R,F0160,医療機関0160,D2878,医師_D2878
LIV,R,F0240,医療機関0240,D2881,医師_D2881
LIV,R,F0070,医療機関0070,D2884,医師_D2884
LIV,R,F0033,医療機関0033,D2891,医師_D2891
LIV,R,F0279,医療機関0279,D2895,医師_D2895
LIV,R,F0252,医療機関0252,D2907,医師_D2907
LIV,R,F0105,医療機関0105,D2910,医師_D2910
LIV,R,F0043,医療機関0043,D2914,医師_D2914
LIV,R,F0271,医療機関0271,D2918,医師_D2918
LIV,R,F0248,医療機関0248,D2921,医師_D2921
LIV,R,F0100,医療機関0100,D2922,医師_D2922
LIV,R,F0064,医療機関0064,D2926,医師_D2926
LIV,R,F0022,医療機関0022,D2932,医師_D2932
LIV,R,F0019,医療機関0019,D2933,医師_D2933
LIV,R,F0297,医療機関0297,D2934,医師_D2934
LIV,R,F0010,医療機関0010,D2937,医師_D2937
LIV,R,F0190,医療機関0190,D2946,医師_D2946
LIV,R,F0123,医療機関0123,D2947,医師_D2947
LIV,R,F0093,医療機関0093,D2949,医師_D2949
LIV,R,F0192,医療機関0192,D2950,医師_D2950
LIV,R,F0239,医療機関0239,D2964,医師_D2964
LIV,R,F0079,医療機関0079,D2966,医師_D2966
LIV,R,F0127,医療機関0127,D2967,医師_D2967
LIV,R,F0047,医療機関0047,D2968,医師_D2968
LIV,R,F0240,医療機関0240,D2971,医師_D2971
LIV,R,F0253,医療機関0253,D2972,医師_D2972
LIV,R,F0286,医療機関0286,D2975,医師_D2975
LIV,R,F0206,医療機関0206,D2976,医師_D2976
LIV,R,F0024,医療機関0024,D2980,医師_D2980
LIV,R,F0230,医療機関0230,D2982,医師_D2982
LIV,R,F0093,医療機関0093,D2984,医師_D2984
LIV,R,F0089,医療機関0089,D2992,医師_D2992
LIV,R,F0296,医療機関0296,D2993,医師_D2993
LIV,R,F0171,医療機関0171,D2994,医師_D2994
LIV,R,F0075,医療機関0075,D2995,医師_D2995
LIV,R,F0087,医療機関0087,D2996,医師_D2996
LIV,W,F0259,医療機関0259,D2001,医師_D2001
LIV,W,F0065,医療機関0065,D2002,医師_D2002
LIV,W,F0235,医療機関0235,D2003,医師_D2003
LIV,W,F0169,医療機関0169,D2004,医師_D2004
LIV,W,F0227,医療機関0227,D2006,医師_D2006
LIV,W,F0160,医療機関0160,D2007,医師_D2007
LIV,W,F0078,医療機関0078,D2008,医師_D2008
LIV,W,F0158,医療機関0158,D2009,医師_D2009
LIV,W,F0249,医療機関0249,D2010,医師_D2010
LIV,W,F0292,医療機関0292,D2011,医師_D2011
LIV,W,F0279,医療機関0279,D2012,医師_D2012
LIV,W,F0032,医療機関0032,D2015,医師_D2015
LIV,W,F0201,医療機関0201,D2016,医師_D2016
LIV,W,F0298,医療機関0298,D2017,医師_D2017
LIV,W,F0016,医療機関0016,D2018,医師_D2018
LIV,W,F0284,医療機関0284,D2020,医師_D2020
LIV,W,F0118,医療機関0118,D2022,医師_D2022
LIV,W,F0032,医療機関0032,D2023,医師_D2023
LIV,W,F0278,医療機関0278,D2024,医師_D2024
LIV,W,F0294,医療機関0294,D2027,医師_D2027
LIV,W,F0002,医療機関0002,D2028,医師_D2028
LIV,W,F0185,医療機関0185,D2029,医師_D2029
LIV,W,F0205,医療機関0205,D2032,医師_D2032
LIV,W,F0275,医療機関0275,D2033,医師_D2033
LIV,W,F0169,医療機関0169,D2034,医師_D2034
LIV,W,F0025,医療機関0025,D2035,医師_D2035
LIV,W,F0008,医療機関0008,D2036,医師_D2036
LIV,W,F0101,医療機関0101,D2037,医師_D2037
LIV,W,F0224,医療機関0224,D2038,医師_D2038
LIV,W,F0046,医療機関0046,D2039,医師_D2039
LIV,W,F0256,医療機関0256,D2040,医師_D2040
LIV,W,F0072,医療機関0072,D2041,医師_D2041
LIV,W,F0149,医療機関0149,D2042,医師_D2042
LIV,W,F0061,医療機関0061,D2043,医師_D2043
LIV,W,F0136,医療機関0136,D2045,医師_D2045
LIV,W,F0002,医療機関0002,D2046,医師_D2046
LIV,W,F0171,医療機関0171,D2047,医師_D2047
LIV,W,F0236,医療機関0236,D2048,医師_D2048
LIV,W,F0281,医療機関0281,D2049,医師_D2049
LIV,W,F0100,医療機関0100,D2050,医師_D2050
LIV,W,F0265,医療機関0265,D2051,医師_D2051
LIV,W,F0297,医療機関0297,D2053,医師_D2053
LIV,W,F0112,医療機関0112,D2054,医師_D2054
LIV,W,F0256,医療機関0256,D2055,医師_D2055
LIV,W,F0170,医療機関0170,D2056,医師_D2056
LIV,W,F0082,医療機関0082,D2058,医師_D2058
LIV,W,F0202,医療機関0202,D2059,医師_D2059
LIV,W,F0049,医療機関0049,D2060,医師_D2060
LIV,W,F0131,医療機関0131,D2061,医師_D2061
LIV,W,F0233,医療機関0233,D2062,医師_D2062
LIV,W,F0045,医療機関0045,D2063,医師_D2063
LIV,W,F0149,医療機関0149,D2064,医師_D2064
LIV,W,F0065,医療機関0065,D2065,医師_D2065
LIV,W,F0161,医療機関0161,D2066,医師_D2066
LIV,W,F0073,医療機関0073,D2067,医師_D2067
LIV,W,F0290,医療機関0290,D2068,医師_D2068
LIV,W,F0024,医療機関0024,D2069,医師_D2069
LIV,W,F0290,医療機関0290,D2070,医師_D2070
LIV,W,F0238,医療機関0238,D2071,医師_D2071
LIV,W,F0257,医療機関0257,D2072,医師_D2072
LIV,W,F0256,医療機関0256,D2073,医師_D2073
LIV,W,F0057,医療機関0057,D2074,医師_D2074
LIV,W,F0280,医療機関0280,D2075,医師_D2075
LIV,W,F0174,医療機関0174,D2079,医師_D2079
LIV,W,F0113,医療機関0113,D2080,医師_D2080
LIV,W,F0036,医療機関0036,D2081,医師_D2081
LIV,W,F0031,医療機関0031,D2082,医師_D2082
LIV,W,F0117,医療機関0117,D2083,医師_D2083
LIV,W,F0152,医療機関0152,D2085,医師_D2085
LIV,W,F0145,医療機関0145,D2086,医師_D2086
LIV,W,F0170,医療機関0170,D2088,医師_D2088
LIV,W,F0219,医療機関0219,D2091,医師_D2091
LIV,W,F0183,医療機関0183,D2092,医師_D2092
LIV,W,F0274,医療機関0274,D2093,医師_D2093
LIV,W,F0128,医療機関0128,D2094,医師_D2094
LIV,W,F0281,医療機関0281,D2095,医師_D2095
LIV,W,F0111,医療機関0111,D2096,医師_D2096
LIV,W,F0039,医療機関0039,D2097,医師_D2097
LIV,W,F0126,医療機関0126,D2098,医師_D2098
LIV,W,F0039,医療機関0039,D2099,医師_D2099
LIV,W,F0036,医療機関0036,D2100,医師_D2100
LIV,W,F0265,医療機関0265,D2101,医師_D2101
LIV,W,F0239,医療機関0239,D2102,医師_D2102
LIV,W,F0252,医療機関0252,D2104,医師_D2104
LIV,W,F0021,医療機関0021,D2105,医師_D2105
LIV,W,F0086,医療機関0086,D2106,医師_D2106
LIV,W,F0212,医療機関0212,D2107,医師_D2107
LIV,W,F0092,医療機関0092,D2108,医師_D2108
LIV,W,F0220,医療機関0220,D2109,医師_D2109
LIV,W,F0263,医療機関0263,D2110,医師_D2110
LIV,W,F0008,医療機関0008,D2112,医師_D2112
LIV,W,F0283,医療機関0283,D2113,医師_D2113
LIV,W,F0157,医療機関0157,D2114,医師_D2114
LIV,W,F0140,医療機関0140,D2116,医師_D2116
LIV,W,F0131,医療機関0131,D2117,医師_D2117
LIV,W,F0208,医療機関0208,D2118,医師_D2118
LIV,W,F0174,医療機関0174,D2119,医師_D2119
LIV,W,F0050,医療機関0050,D2120,医師_D2120
LIV,W,F0201,医療機関0201,D2122,医師_D2122
LIV,W,F0035,医療機関0035,D2123,医師_D2123
LIV,W,F0114,医療機関0114,D2124,医師_D2124
LIV,W,F0238,医療機関0238,D2125,医師_D2125
LIV,W,F0186,医療機関0186,D2126,医師_D2126
LIV,W,F0041,医療機関0041,D2127,医師_D2127
LIV,W,F0013,医療機関0013,D2128,医師_D2128
LIV,W,F0175,医療機関0175,D2129,医師_D2129
LIV,W,F0139,医療機関0139,D2130,医師_D2130
LIV,W,F0157,医療機関0157,D2132,医師_D2132
LIV,W,F0280,医療機関0280,D2133,医師_D2133
LIV,W,F0065,医療機関0065,D2134,医師_D2134
LIV,W,F0135,医療機関0135,D2135,医師_D2135
LIV,W,F0042,医療機関0042,D2136,医師_D2136
LIV,W,F0173,医療機関0173,D2137,医師_D2137
LIV,W,F0057,医療機関0057,D2138,医師_D2138
LIV,W,F0148,医療機関0148,D2139,医師_D2139
LIV,W,F0104,医療機関0104,D2140,医師_D2140
LIV,W,F0056,医療機関0056,D2141,医師_D2141
LIV,W,F0154,医療機関0154,D2143,医師_D2143
LIV,W,F0285,医療機関0285,D2144,医師_D2144
LIV,W,F0122,医療機関0122,D2146,医師_D2146
LIV,W,F0068,医療機関0068,D2147,医師_D2147
LIV,W,F0125,医療機関0125,D2149,医師_D2149
LIV,W,F0074,医療機関0074,D2151,医師_D2151
LIV,W,F0025,医療機関0025,D2152,医師_D2152
LIV,W,F0175,医療機関0175,D2153,医師_D2153
LIV,W,F0262,医療機関0262,D2156,医師_D2156
LIV,W,F0191,医療機関0191,D2158,医師_D2158
LIV,W,F0129,医療機関0129,D2160,医師_D2160
LIV,W,F0041,医療機関0041,D2161,医師_D2161
LIV,W,F0130,医療機関0130,D2162,医師_D2162
LIV,W,F0110,医療機関0110,D2163,医師_D2163
LIV,W,F0011,医療機関0011,D2164,医師_D2164
LIV,W,F0062,医療機関0062,D2165,医師_D2165
LIV,W,F0161,医療機関0161,D2166,医師_D2166
LIV,W,F0111,医療機関0111,D2167,医師_D2167
LIV,W,F0299,医療機関0299,D2168,医師_D2168
LIV,W,F0144,医療機関0144,D2169,医師_D2169
LIV,W,F0288,医療機関0288,D2170,医師_D2170
LIV,W,F0199,医療機関0199,D2171,医師_D2171
LIV,W,F0062,医療機関0062,D2173,医師_D2173
LIV,W,F0212,医療機関0212,D2174,医師_D2174
LIV,W,F0164,医療機関0164,D2175,医師_D2175
LIV,W,F0157,医療機関0157,D2177,医師_D2177
LIV,W,F0117,医療機関0117,D2179,医師_D2179
LIV,W,F0094,医療機関0094,D2181,医師_D2181
LIV,W,F0281,医療機関0281,D2182,医師_D2182
LIV,W,F0252,医療機関0252,D2184,医師_D2184
LIV,W,F0274,医療機関0274,D2185,医師_D2185
LIV,W,F0018,医療機関0018,D2188,医師_D2188
LIV,W,F0002,医療機関0002,D2189,医師_D2189
LIV,W,F0251,医療機関0251,D2190,医師_D2190
LIV,W,F0217,医療機関0217,D2193,医師_D2193
LIV,W,F0161,医療機関0161,D2194,医師_D2194
LIV,W,F0021,医療機関0021,D2195,医師_D2195
LIV,W,F0275,医療機関0275,D2196,医師_D2196
LIV,W,F0262,医療機関0262,D2197,医師_D2197
LIV,W,F0171,医療機関0171,D2198,医師_D2198
LIV,W,F0213,医療機関0213,D2199,医師_D2199
LIV,W,F0120,医療機関0120,D2200,医師_D2200
LIV,W,F0238,医療機関0238,D2201,医師_D2201
LIV,W,F0019,医療機関0019,D2204,医師_D2204
LIV,W,F0291,医療機関0291,D2206,医師_D2206
LIV,W,F0094,医療機関0094,D2208,医師_D2208
LIV,W,F0238,医療機関0238,D2209,医師_D2209
LIV,W,F0057,医療機関0057,D2210,医師_D2210
LIV,W,F0155,医療機関0155,D2211,医師_D2211
LIV,W,F0086,医療機関0086,D2212,医師_D2212
LIV,W,F0060,医療機関0060,D2213,医師_D2213
LIV,W,F0290,医療機関0290,D2214,医師_D2214
LIV,W,F0029,医療機関0029,D2216,医師_D2216
LIV,W,F0261,医療機関0261,D2218,医師_D2218
LIV,W,F0213,医療機関0213,D2220,医師_D2220
LIV,W,F0163,医療機関0163,D2221,医師_D2221
LIV,W,F0250,医療機関0250,D2222,医師_D2222
LIV,W,F0186,医療機関0186,D2225,医師_D2225
LIV,W,F0109,医療機関0109,D2227,医師_D2227
LIV,W,F0284,医療機関0284,D2228,医師_D2228
LIV,W,F0188,医療機関0188,D2229,医師_D2229
LIV,W,F0039,医療機関0039,D2230,医師_D2230
LIV,W,F0277,医療機関0277,D2231,医師_D2231
LIV,W,F0239,医療機関0239,D2232,医師_D2232
LIV,W,F0091,医療機関0091,D2233,医師_D2233
LIV,W,F0117,医療機関0117,D2235,医師_D2235
LIV,W,F0164,医療機関0164,D2236,医師_D2236
LIV,W,F0290,医療機関0290,D2237,医師_D2237
LIV,W,F0270,医療機関0270,D2238,医師_D2238
LIV,W,F0065,医療機関0065,D2239,医師_D2239
LIV,W,F0132,医療機関0132,D2241,医師_D2241
LIV,W,F0230,医療機関0230,D2243,医師_D2243
LIV,W,F0145,医療機関0145,D2244,医師_D2244
LIV,W,F0137,医療機関0137,D2246,医師_D2246
LIV,W,F0259,医療機関0259,D2247,医師_D2247
LIV,W,F0116,医療機関0116,D2248,医師_D2248
LIV,W,F0084,医療機関0084,D2249,医師_D2249
LIV,W,F0109,医療機関0109,D2250,医師_D2250
LIV,W,F0118,医療機関0118,D2252,医師_D2252
LIV,W,F0035,医療機関0035,D2253,医師_D2253
LIV,W,F0027,医療機関0027,D2254,医師_D2254
LIV,W,F0024,医療機関0024,D2256,医師_D2256
LIV,W,F0171,医療機関0171,D2257,医師_D2257
LIV,W,F0234,医療機関0234,D2258,医師_D2258
LIV,W,F0134,医療機関0134,D2260,医師_D2260
LIV,W,F0059,医療機関0059,D2261,医師_D2261
LIV,W,F0280,医療機関0280,D2262,医師_D2262
LIV,W,F0251,医療機関0251,D2263,医師_D2263
LIV,W,F0027,医療機関0027,D2265,医師_D2265
LIV,W,F0011,医療機関0011,D2266,医師_D2266
LIV,W,F0048,医療機関0048,D2268,医師_D2268
LIV,W,F0259,医療機関0259,D2269,医師_D2269
LIV,W,F0062,医療機関0062,D2270,医師_D2270
LIV,W,F0085,医療機関0085,D2271,医師_D2271
LIV,W,F0293,医療機関0293,D2272,医師_D2272
LIV,W,F0246,医療機関0246,D2273,医師_D2273
LIV,W,F0066,医療機関0066,D2274,医師_D2274
LIV,W,F0281,医療機関0281,D2278,医師_D2278
LIV,W,F0262,医療機関0262,D2279,医師_D2279
LIV,W,F0294,医療機関0294,D2280,医師_D2280
LIV,W,F0013,医療機関0013,D2281,医師_D2281
LIV,W,F0015,医療機関0015,D2284,医師_D2284
LIV,W,F0107,医療機関0107,D2285,医師_D2285
LIV,W,F0047,医療機関0047,D2286,医師_D2286
LIV,W,F0280,医療機関0280,D2287,医師_D2287
LIV,W,F0019,医療機関0019,D2288,医師_D2288
LIV,W,F0059,医療機関0059,D2290,医師_D2290
LIV,W,F0171,医療機関0171,D2292,医師_D2292
LIV,W,F0110,医療機関0110,D2293,医師_D2293
LIV,W,F0274,医療機関0274,D2294,医師_D2294
LIV,W,F0079,医療機関0079,D2295,医師_D2295
LIV,W,F0162,医療機関0162,D2296,医師_D2296
LIV,W,F0199,医療機関0199,D2297,医師_D2297
LIV,W,F0188,医療機関0188,D2298,医師_D2298
LIV,W,F0239,医療機関0239,D2299,医師_D2299
LIV,W,F0241,医療機関0241,D2302,医師_D2302
LIV,W,F0259,医療機関0259,D2303,医師_D2303
LIV,W,F0186,医療機関0186,D2304,医師_D2304
LIV,W,F0188,医療機関0188,D2307,医師_D2307
LIV,W,F0105,医療機関0105,D2310,医師_D2310
LIV,W,F0034,医療機関0034,D2311,医師_D2311
LIV,W,F0028,医療機関0028,D2312,医師_D2312
LIV,W,F0142,医療機関0142,D2313,医師_D2313
LIV,W,F0284,医療機関0284,D2318,医師_D2318
LIV,W,F0255,医療機関0255,D2319,医師_D2319
LIV,W,F0114,医療機関0114,D2320,医師_D2320
LIV,W,F0098,医療機関0098,D2321,医師_D2321
LIV,W,F0055,医療機関0055,D2326,医師_D2326
LIV,W,F0185,医療機関0185,D2327,医師_D2327
LIV,W,F0196,医療機関0196,D2330,医師_D2330
LIV,W,F0053,医療機関0053,D2331,医師_D2331
LIV,W,F0202,医療機関0202,D2332,医師_D2332
LIV,W,F0049,医療機関0049,D2333,医師_D2333
LIV,W,F0131,医療機関0131,D2334,医師_D2334
LIV,W,F0069,医療機関0069,D2336,医師_D2336
LIV,W,F0217,医療機関0217,D2338,医師_D2338
LIV,W,F0282,医療機関0282,D2342,医師_D2342
LIV,W,F0229,医療機関0229,D2343,医師_D2343
LIV,W,F0057,医療機関0057,D2344,医師_D2344
LIV,W,F0247,医療機関0247,D2345,医師_D2345
LIV,W,F0150,医療機関0150,D2348,医師_D2348
LIV,W,F0160,医療機関0160,D2349,医師_D2349
LIV,W,F0156,医療機関0156,D2350,医師_D2350
LIV,W,F0153,医療機関0153,D2352,医師_D2352
LIV,W,F0282,医療機関0282,D2353,医師_D2353
LIV,W,F0132,医療機関0132,D2354,医師_D2354
LIV,W,F0084,医療機関0084,D2355,医師_D2355
LIV,W,F0299,医療機関0299,D2356,医師_D2356
LIV,W,F0146,医療機関0146,D2358,医師_D2358
LIV,W,F0154,医療機関0154,D2359,医師_D2359
LIV,W,F0144,医療機関0144,D2360,医師_D2360
LIV,W,F0277,医療機関0277,D2361,医師_D2361
LIV,W,F0127,医療機関0127,D2362,医師_D2362
LIV,W,F0292,医療機関0292,D2363,医師_D2363
LIV,W,F0021,医療機関0021,D2364,医師_D2364
LIV,W,F0221,医療機関0221,D2365,医師_D2365
LIV,W,F0216,医療機関0216,D2369,医師_D2369
LIV,W,F0192,医療機関0192,D2370,医師_D2370
LIV,W,F0184,医療機関0184,D2371,医師_D2371
LIV,W,F0016,医療機関0016,D2372,医師_D2372
LIV,W,F0180,医療機関0180,D2373,医師_D2373
LIV,W,F0006,医療機関0006,D2375,医師_D2375
LIV,W,F0141,医療機関0141,D2376,医師_D2376
LIV,W,F0149,医療機関0149,D2377,医師_D2377
LIV,W,F0270,医療機関0270,D2378,医師_D2378
LIV,W,F0143,医療機関0143,D2380,医師_D2380
LIV,W,F0216,医療機関0216,D2381,医師_D2381
LIV,W,F0019,医療機関0019,D2382,医師_D2382
LIV,W,F0241,医療機関0241,D2383,医師_D2383
LIV,W,F0247,医療機関0247,D2384,医師_D2384
LIV,W,F0216,医療機関0216,D2385,医師_D2385
LIV,W,F0195,医療機関0195,D2386,医師_D2386
LIV,W,F0225,医療機関0225,D2387,医師_D2387
LIV,W,F0235,医療機関0235,D2388,医師_D2388
LIV,W,F0272,医療機関0272,D2389,医師_D2389
LIV,W,F0137,医療機関0137,D2391,医師_D2391
LIV,W,F0192,医療機関0192,D2392,医師_D2392
LIV,W,F0058,医療機関0058,D2393,医師_D2393
LIV,W,F0257,医療機関0257,D2394,医師_D2394
LIV,W,F0232,医療機関0232,D2395,医師_D2395
LIV,W,F0190,医療機関0190,D2396,医師_D2396
LIV,W,F0091,医療機関0091,D2397,医師_D2397
LIV,W,F0105,医療機関0105,D2398,医師_D2398
LIV,W,F0199,医療機関0199,D2400,医師_D2400
LIV,W,F0202,医療機関0202,D2402,医師_D2402
LIV,W,F0279,医療機関0279,D2403,医師_D2403
LIV,W,F0289,医療機関0289,D2404,医師_D2404
LIV,W,F0212,医療機関0212,D2405,医師_D2405
LIV,W,F0112,医療機関0112,D2406,医師_D2406
LIV,W,F0180,医療機関0180,D2407,医師_D2407
LIV,W,F0128,医療機関0128,D2408,医師_D2408
LIV,W,F0189,医療機関0189,D2409,医師_D2409
LIV,W,F0244,医療機関0244,D2410,医師_D2410
LIV,W,F0221,医療機関0221,D2414,医師_D2414
LIV,W,F0147,医療機関0147,D2415,医師_D2415
LIV,W,F0138,医療機関0138,D2416,医師_D2416
LIV,W,F0180,医療機関0180,D2419,医師_D2419
LIV,W,F0224,医療機関0224,D2420,医師_D2420
LIV,W,F0105,医療機関0105,D2421,医師_D2421
LIV,W,F0117,医療機関0117,D2423,医師_D2423
LIV,W,F0060,医療機関0060,D2424,医師_D2424
LIV,W,F0189,医療機関0189,D2426,医師_D2426
LIV,W,F0035,医療機関0035,D2427,医師_D2427
LIV,W,F0068,医療機関0068,D2429,医師_D2429
LIV,W,F0269,医療機関0269,D2430,医師_D2430
LIV,W,F0220,医療機関0220,D2431,医師_D2431
LIV,W,F0082,医療機関0082,D2432,医師_D2432
LIV,W,F0169,医療機関0169,D2433,医師_D2433
LIV,W,F0034,医療機関0034,D2434,医師_D2434
LIV,W,F0030,医療機関0030,D2435,医師_D2435
LIV,W,F0287,医療機関0287,D2436,医師_D2436
LIV,W,F0241,医療機関0241,D2437,医師_D2437
LIV,W,F0047,医療機関0047,D2438,医師_D2438
LIV,W,F0085,医療機関0085,D2439,医師_D2439
LIV,W,F0060,医療機関0060,D2440,医師_D2440
LIV,W,F0119,医療機関0119,D2441,医師_D2441
LIV,W,F0088,医療機関0088,D2442,医師_D2442
LIV,W,F0099,医療機関0099,D2443,医師_D2443
LIV,W,F0159,医療機関0159,D2444,医師_D2444
LIV,W,F0057,医療機関0057,D2445,医師_D2445
LIV,W,F0265,医療機関0265,D2446,医師_D2446
LIV,W,F0219,医療機関0219,D2447,医師_D2447
LIV,W,F0229,医療機関0229,D2448,医師_D2448
LIV,W,F0251,医療機関0251,D2451,医師_D2451
LIV,W,F0226,医療機関0226,D2453,医師_D2453
LIV,W,F0237,医療機関0237,D2455,医師_D2455
LIV,W,F0144,医療機関0144,D2456,医師_D2456
LIV,W,F0241,医療機関0241,D2457,医師_D2457
LIV,W,F0117,医療機関0117,D2459,医師_D2459
LIV,W,F0083,医療機関0083,D2460,医師_D2460
LIV,W,F0093,医療機関0093,D2462,医師_D2462
LIV,W,F0115,医療機関0115,D2463,医師_D2463
LIV,W,F0039,医療機関0039,D2464,医師_D2464
LIV,W,F0249,医療機関0249,D2467,医師_D2467
LIV,W,F0045,医療機関0045,D2469,医師_D2469
LIV,W,F0021,医療機関0021,D2470,医師_D2470
LIV,W,F0073,医療機関0073,D2473,医師_D2473
LIV,W,F0225,医療機関0225,D2476,医師_D2476
LIV,W,F0033,医療機関0033,D2477,医師_D2477
LIV,W,F0062,医療機関0062,D2479,医師_D2479
LIV,W,F0135,医療機関0135,D2480,医師_D2480
LIV,W,F0132,医療機関0132,D2481,医師_D2481
LIV,W,F0247,医療機関0247,D2482,医師_D2482
LIV,W,F0084,医療機関0084,D2483,医師_D2483
LIV,W,F0073,医療機関0073,D2484,医師_D2484
LIV,W,F0102,医療機関0102,D2485,医師_D2485
LIV,W,F0055,医療機関0055,D2487,医師_D2487
LIV,W,F0053,医療機関0053,D2488,医師_D2488
LIV,W,F0104,医療機関0104,D2491,医師_D2491
LIV,W,F0118,医療機関0118,D2492,医師_D2492
LIV,W,F0216,医療機関0216,D2493,医師_D2493
LIV,W,F0273,医療機関0273,D2495,医師_D2495
LIV,W,F0226,医療機関0226,D2496,医師_D2496
LIV,W,F0095,医療機関0095,D2498,医師_D2498
LIV,W,F0082,医療機関0082,D2500,医師_D2500
LIV,W,F0040,医療機関0040,D2502,医師_D2502
LIV,W,F0132,医療機関0132,D2504,医師_D2504
LIV,W,F0211,医療機関0211,D2505,医師_D2505
LIV,W,F0259,医療機関0259,D2507,医師_D2507
LIV,W,F0111,医療機関0111,D2508,医師_D2508
LIV,W,F0271,医療機関0271,D2509,医師_D2509
LIV,W,F0229,医療機関0229,D2512,医師_D2512
LIV,W,F0018,医療機関0018,D2513,医師_D2513
LIV,W,F0280,医療機関0280,D2514,医師_D2514
LIV,W,F0110,医療機関0110,D2515,医師_D2515
LIV,W,F0150,医療機関0150,D2516,医師_D2516
LIV,W,F0189,医療機関0189,D2517,医師_D2517
LIV,W,F0193,医療機関0193,D2518,医師_D2518
LIV,W,F0008,医療機関0008,D2519,医師_D2519
LIV,W,F0261,医療機関0261,D2520,医師_D2520
LIV,W,F0188,医療機関0188,D2521,医師_D2521
LIV,W,F0300,医療機関0300,D2522,医師_D2522
LIV,W,F0142,医療機関0142,D2523,医師_D2523
LIV,W,F0185,医療機関0185,D2524,医師_D2524
LIV,W,F0133,医療機関0133,D2525,医師_D2525
LIV,W,F0267,医療機関0267,D2526,医師_D2526
LIV,W,F0250,医療機関0250,D2527,医師_D2527
LIV,W,F0273,医療機関0273,D2528,医師_D2528
LIV,W,F0152,医療機関0152,D2529,医師_D2529
LIV,W,F0238,医療機関0238,D2530,医師_D2530
LIV,W,F0108,医療機関0108,D2531,医師_D2531
LIV,W,F0139,医療機関0139,D2532,医師_D2532
LIV,W,F0229,医療機関0229,D2533,医師_D2533
LIV,W,F0025,医療機関0025,D2534,医師_D2534
LIV,W,F0214,医療機関0214,D2535,医師_D2535
LIV,W,F0175,医療機関0175,D2537,医師_D2537
LIV,W,F0144,医療機関0144,D2538,医師_D2538
LIV,W,F0141,医療機関0141,D2539,医師_D2539
LIV,W,F0149,医療機関0149,D2540,医師_D2540
LIV,W,F0123,医療機関0123,D2542,医師_D2542
LIV,W,F0136,医療機関0136,D2543,医師_D2543
LIV,W,F0171,医療機関0171,D2544,医師_D2544
LIV,W,F0230,医療機関0230,D2545,医師_D2545
LIV,W,F0166,医療機関0166,D2546,医師_D2546
LIV,W,F0251,医療機関0251,D2548,医師_D2548
LIV,W,F0214,医療機関0214,D2551,医師_D2551
LIV,W,F0068,医療機関0068,D2552,医師_D2552
LIV,W,F0060,医療機関0060,D2553,医師_D2553
LIV,W,F0238,医療機関0238,D2554,医師_D2554
LIV,W,F0021,医療機関0021,D2555,医師_D2555
LIV,W,F0255,医療機関0255,D2556,医師_D2556
LIV,W,F0232,医療機関0232,D2557,医師_D2557
LIV,W,F0201,医療機関0201,D2559,医師_D2559
LIV,W,F0036,医療機関0036,D2561,医師_D2561
LIV,W,F0049,医療機関0049,D2563,医師_D2563
LIV,W,F0095,医療機関0095,D2564,医師_D2564
LIV,W,F0039,医療機関0039,D2565,医師_D2565
LIV,W,F0121,医療機関0121,D2566,医師_D2566
LIV,W,F0225,医療機関0225,D2567,医師_D2567
LIV,W,F0182,医療機関0182,D2570,医師_D2570
LIV,W,F0189,医療機関0189,D2571,医師_D2571
LIV,W,F0282,医療機関0282,D2572,医師_D2572
LIV,W,F0130,医療機関0130,D2573,医師_D2573
LIV,W,F0104,医療機関0104,D2574,医師_D2574
LIV,W,F0168,医療機関0168,D2576,医師_D2576
LIV,W,F0089,医療機関0089,D2578,医師_D2578
LIV,W,F0065,医療機関0065,D2579,医師_D2579
LIV,W,F0068,医療機関0068,D2581,医師_D2581
LIV,W,F0225,医療機関0225,D2583,医師_D2583
LIV,W,F0189,医療機関0189,D2585,医師_D2585
LIV,W,F0230,医療機関0230,D2587,医師_D2587
LIV,W,F0121,医療機関0121,D2588,医師_D2588
LIV,W,F0018,医療機関0018,D2589,医師_D2589
LIV,W,F0251,医療機関0251,D2590,医師_D2590
LIV,W,F0205,医療機関0205,D2592,医師_D2592
LIV,W,F0202,医療機関0202,D2593,医師_D2593
LIV,W,F0058,医療機関0058,D2594,医師_D2594
LIV,W,F0222,医療機関0222,D2595,医師_D2595
LIV,W,F0053,医療機関0053,D2596,医師_D2596
LIV,W,F0068,医療機関0068,D2597,医師_D2597
LIV,W,F0244,医療機関0244,D2598,医師_D2598
LIV,W,F0294,医療機関0294,D2599,医師_D2599
LIV,W,F0080,医療機関0080,D2600,医師_D2600
LIV,W,F0277,医療機関0277,D2601,医師_D2601
LIV,W,F0231,医療機関0231,D2603,医師_D2603
LIV,W,F0043,医療機関0043,D2604,医師_D2604
LIV,W,F0090,医療機関0090,D2605,医師_D2605
LIV,W,F0204,医療機関0204,D2606,医師_D2606
LIV,W,F0300,医療機関0300,D2607,医師_D2607
LIV,W,F0245,医療機関0245,D2608,医師_D2608
LIV,W,F0127,医療機関0127,D2609,医師_D2609
LIV,W,F0071,医療機関0071,D2610,医師_D2610
LIV,W,F0289,医療機関0289,D2611,医師_D2611
LIV,W,F0290,医療機関0290,D2614,医師_D2614
LIV,W,F0169,医療機関0169,D2615,医師_D2615
LIV,W,F0080,医療機関0080,D2616,医師_D2616
LIV,W,F0002,医療機関0002,D2617,医師_D2617
LIV,W,F0129,医療機関0129,D2618,医師_D2618
LIV,W,F0130,医療機関0130,D2620,医師_D2620
LIV,W,F0210,医療機関0210,D2621,医師_D2621
LIV,W,F0076,医療機関0076,D2622,医師_D2622
LIV,W,F0233,医療機関0233,D2623,医師_D2623
LIV,W,F0233,医療機関0233,D2624,医師_D2624
LIV,W,F0232,医療機関0232,D2626,医師_D2626
LIV,W,F0174,医療機関0174,D2627,医師_D2627
LIV,W,F0114,医療機関0114,D2628,医師_D2628
LIV,W,F0251,医療機関0251,D2630,医師_D2630
LIV,W,F0203,医療機関0203,D2633,医師_D2633
LIV,W,F0002,医療機関0002,D2634,医師_D2634
LIV,W,F0172,医療機関0172,D2635,医師_D2635
LIV,W,F0172,医療機関0172,D2636,医師_D2636
LIV,W,F0110,医療機関0110,D2637,医師_D2637
LIV,W,F0299,医療機関0299,D2638,医師_D2638
LIV,W,F0265,医療機関0265,D2639,医師_D2639
LIV,W,F0012,医療機関0012,D2640,医師_D2640
LIV,W,F0063,医療機関0063,D2641,医師_D2641
LIV,W,F0063,医療機関0063,D2642,医師_D2642
LIV,W,F0270,医療機関0270,D2643,医師_D2643
LIV,W,F0243,医療機関0243,D2646,医師_D2646
LIV,W,F0102,医療機関0102,D2651,医師_D2651
LIV,W,F0225,医療機関0225,D2652,医師_D2652
LIV,W,F0047,医療機関0047,D2653,医師_D2653
LIV,W,F0112,医療機関0112,D2654,医師_D2654
LIV,W,F0071,医療機関0071,D2655,医師_D2655
LIV,W,F0052,医療機関0052,D2657,医師_D2657
LIV,W,F0124,医療機関0124,D2660,医師_D2660
LIV,W,F0144,医療機関0144,D2662,医師_D2662
LIV,W,F0259,医療機関0259,D2664,医師_D2664
LIV,W,F0158,医療機関0158,D2665,医師_D2665
LIV,W,F0193,医療機関0193,D2666,医師_D2666
LIV,W,F0222,医療機関0222,D2667,医師_D2667
LIV,W,F0208,医療機関0208,D2668,医師_D2668
LIV,W,F0041,医療機関0041,D2669,医師_D2669
LIV,W,F0295,医療機関0295,D2670,医師_D2670
LIV,W,F0124,医療機関0124,D2672,医師_D2672
LIV,W,F0196,医療機関0196,D2673,医師_D2673
LIV,W,F0122,医療機関0122,D2674,医師_D2674
LIV,W,F0278,医療機関0278,D2676,医師_D2676
LIV,W,F0022,医療機関0022,D2677,医師_D2677
LIV,W,F0074,医療機関0074,D2678,医師_D2678
LIV,W,F0298,医療機関0298,D2679,医師_D2679
LIV,W,F0219,医療機関0219,D2680,医師_D2680
LIV,W,F0027,医療機関0027,D2681,医師_D2681
LIV,W,F0227,医療機関0227,D2682,医師_D2682
LIV,W,F0030,医療機関0030,D2684,医師_D2684
LIV,W,F0125,医療機関0125,D2685,医師_D2685
LIV,W,F0061,医療機関0061,D2688,医師_D2688
LIV,W,F0053,医療機関0053,D2689,医師_D2689
LIV,W,F0056,医療機関0056,D2690,医師_D2690
LIV,W,F0140,医療機関0140,D2692,医師_D2692
LIV,W,F0072,医療機関0072,D2693,医師_D2693
LIV,W,F0058,医療機関0058,D2695,医師_D2695
LIV,W,F0064,医療機関0064,D2697,医師_D2697
LIV,W,F0273,医療機関0273,D2698,医師_D2698
LIV,W,F0241,医療機関0241,D2700,医師_D2700
LIV,W,F0191,医療機関0191,D2701,医師_D2701
LIV,W,F0181,医療機関0181,D2703,医師_D2703
LIV,W,F0036,医療機関0036,D2705,医師_D2705
LIV,W,F0083,医療機関0083,D2707,医師_D2707
LIV,W,F0284,医療機関0284,D2710,医師_D2710
LIV,W,F0155,医療機関0155,D2711,医師_D2711
LIV,W,F0121,医療機関0121,D2712,医師_D2712
LIV,W,F0279,医療機関0279,D2713,医師_D2713
LIV,W,F0255,医療機関0255,D2716,医師_D2716
LIV,W,F0190,医療機関0190,D2717,医師_D2717
LIV,W,F0077,医療機関0077,D2719,医師_D2719
LIV,W,F0026,医療機関0026,D2721,医師_D2721
LIV,W,F0049,医療機関0049,D2722,医師_D2722
LIV,W,F0192,医療機関0192,D2724,医師_D2724
LIV,W,F0235,医療機関0235,D2726,医師_D2726
LIV,W,F0049,医療機関0049,D2727,医師_D2727
LIV,W,F0118,医療機関0118,D2729,医師_D2729
LIV,W,F0185,医療機関0185,D2731,医師_D2731
LIV,W,F0256,医療機関0256,D2732,医師_D2732
LIV,W,F0075,医療機関0075,D2733,医師_D2733
LIV,W,F0255,医療機関0255,D2734,医師_D2734
LIV,W,F0157,医療機関0157,D2737,医師_D2737
LIV,W,F0016,医療機関0016,D2738,医師_D2738
LIV,W,F0258,医療機関0258,D2739,医師_D2739
LIV,W,F0261,医療機関0261,D2740,医師_D2740
LIV,W,F0163,医療機関0163,D2741,医師_D2741
LIV,W,F0092,医療機関0092,D2742,医師_D2742
LIV,W,F0030,医療機関0030,D2743,医師_D2743
LIV,W,F0186,医療機関0186,D2744,医師_D2744
LIV,W,F0162,医療機関0162,D2745,医師_D2745
LIV,W,F0228,医療機関0228,D2746,医師_D2746
LIV,W,F0181,医療機関0181,D2747,医師_D2747
LIV,W,F0039,医療機関0039,D2748,医師_D2748
LIV,W,F0037,医療機関0037,D2749,医師_D2749
LIV,W,F0282,医療機関0282,D2752,医師_D2752
LIV,W,F0032,医療機関0032,D2753,医師_D2753
LIV,W,F0219,医療機関0219,D2754,医師_D2754
LIV,W,F0133,医療機関0133,D2756,医師_D2756
LIV,W,F0018,医療機関0018,D2757,医師_D2757
LIV,W,F0264,医療機関0264,D2758,医師_D2758
LIV,W,F0057,医療機関0057,D2759,医師_D2759
LIV,W,F0159,医療機関0159,D2760,医師_D2760
LIV,W,F0296,医療機関0296,D2761,医師_D2761
LIV,W,F0224,医療機関0224,D2762,医師_D2762
LIV,W,F0049,医療機関0049,D2765,医師_D2765
LIV,W,F0225,医療機関0225,D2766,医師_D2766
LIV,W,F0187,医療機関0187,D2767,医師_D2767
LIV,W,F0087,医療機関0087,D2768,医師_D2768
LIV,W,F0128,医療機関0128,D2769,医師_D2769
LIV,W,F0036,医療機関0036,D2770,医師_D2770
LIV,W,F0297,医療機関0297,D2771,医師_D2771
LIV,W,F0151,医療機関0151,D2774,医師_D2774
LIV,W,F0152,医療機関0152,D2776,医師_D2776
LIV,W,F0152,医療機関0152,D2777,医師_D2777
LIV,W,F0258,医療機関0258,D2779,医師_D2779
LIV,W,F0237,医療機関0237,D2782,医師_D2782
LIV,W,F0289,医療機関0289,D2783,医師_D2783
LIV,W,F0274,医療機関0274,D2784,医師_D2784
LIV,W,F0240,医療機関0240,D2785,医師_D2785
LIV,W,F0087,医療機関0087,D2789,医師_D2789
LIV,W,F0204,医療機関0204,D2790,医師_D2790
LIV,W,F0157,医療機関0157,D2792,医師_D2792
LIV,W,F0240,医療機関0240,D2793,医師_D2793
LIV,W,F0057,医療機関0057,D2794,医師_D2794
LIV,W,F0102,医療機関0102,D2795,医師_D2795
LIV,W,F0239,医療機関0239,D2796,医師_D2796
LIV,W,F0003,医療機関0003,D2799,医師_D2799
LIV,W,F0217,医療機関0217,D2800,医師_D2800
LIV,W,F0276,医療機関0276,D2802,医師_D2802
LIV,W,F0048,医療機関0048,D2803,医師_D2803
LIV,W,F0296,医療機関0296,D2804,医師_D2804
LIV,W,F0107,医療機関0107,D2807,医師_D2807
LIV,W,F0192,医療機関0192,D2808,医師_D2808
LIV,W,F0198,医療機関0198,D2809,医師_D2809
LIV,W,F0143,医療機関0143,D2810,医師_D2810
LIV,W,F0022,医療機関0022,D2811,医師_D2811
LIV,W,F0296,医療機関0296,D2812,医師_D2812
LIV,W,F0029,医療機関0029,D2814,医師_D2814
LIV,W,F0180,医療機関0180,D2815,医師_D2815
LIV,W,F0124,医療機関0124,D2816,医師_D2816
LIV,W,F0185,医療機関0185,D2817,医師_D2817
LIV,W,F0030,医療機関0030,D2819,医師_D2819
LIV,W,F0086,医療機関0086,D2820,医師_D2820
LIV,W,F0155,医療機関0155,D2821,医師_D2821
LIV,W,F0237,医療機関0237,D2822,医師_D2822
LIV,W,F0181,医療機関0181,D2823,医師_D2823
LIV,W,F0115,医療機関0115,D2824,医師_D2824
LIV,W,F0294,医療機関0294,D2826,医師_D2826
LIV,W,F0145,医療機関0145,D2827,医師_D2827
LIV,W,F0091,医療機関0091,D2830,医師_D2830
LIV,W,F0075,医療機関0075,D2831,医師_D2831
LIV,W,F0232,医療機関0232,D2832,医師_D2832
LIV,W,F0089,医療機関0089,D2837,医師_D2837
LIV,W,F0198,医療機関0198,D2838,医師_D2838
LIV,W,F0281,医療機関0281,D2839,医師_D2839
LIV,W,F0285,医療機関0285,D2841,医師_D2841
LIV,W,F0008,医療機関0008,D2842,医師_D2842
LIV,W,F0137,医療機関0137,D2843,医師_D2843
LIV,W,F0067,医療機関0067,D2844,医師_D2844
LIV,W,F0276,医療機関0276,D2845,医師_D2845
LIV,W,F0214,医療機関0214,D2846,医師_D2846
LIV,W,F0170,医療機関0170,D2848,医師_D2848
LIV,W,F0017,医療機関0017,D2852,医師_D2852
LIV,W,F0105,医療機関0105,D2854,医師_D2854
LIV,W,F0246,医療機関0246,D2855,医師_D2855
LIV,W,F0260,医療機関0260,D2856,医師_D2856
LIV,W,F0226,医療機関0226,D2857,医師_D2857
LIV,W,F0010,医療機関0010,D2858,医師_D2858
LIV,W,F0253,医療機関0253,D2859,医師_D2859
LIV,W,F0119,医療機関0119,D2860,医師_D2860
LIV,W,F0125,医療機関0125,D2861,医師_D2861
LIV,W,F0284,医療機関0284,D2862,医師_D2862
LIV,W,F0261,医療機関0261,D2863,医師_D2863
LIV,W,F0016,医療機関0016,D2864,医師_D2864
LIV,W,F0225,医療機関0225,D2866,医師_D2866
LIV,W,F0078,医療機関0078,D2868,医師_D2868
LIV,W,F0158,医療機関0158,D2869,医師_D2869
LIV,W,F0260,医療機関0260,D2870,医師_D2870
LIV,W,F0067,医療機関0067,D2871,医師_D2871
LIV,W,F0224,医療機関0224,D2872,医師_D2872
LIV,W,F0266,医療機関0266,D2874,医師_D2874
LIV,W,F0090,医療機関0090,D2875,医師_D2875
LIV,W,F0065,医療機関0065,D2876,医師_D2876
LIV,W,F0165,医療機関0165,D2877,医師_D2877
LIV,W,F0123,医療機関0123,D2879,医師_D2879
LIV,W,F0234,医療機関0234,D2880,医師_D2880
LIV,W,F0074,医療機関0074,D2882,医師_D2882
LIV,W,F0239,医療機関0239,D2883,医師_D2883
LIV,W,F0123,医療機関0123,D2885,医師_D2885
LIV,W,F0009,医療機関0009,D2886,医師_D2886
LIV,W,F0103,医療機関0103,D2887,医師_D2887
LIV,W,F0288,医療機関0288,D2888,医師_D2888
LIV,W,F0133,医療機関0133,D2889,医師_D2889
LIV,W,F0214,医療機関0214,D2890,医師_D2890
LIV,W,F0191,医療機関0191,D2892,医師_D2892
LIV,W,F0112,医療機関0112,D2893,医師_D2893
LIV,W,F0224,医療機関0224,D2894,医師_D2894
LIV,W,F0160,医療機関0160,D2896,医師_D2896
LIV,W,F0031,医療機関0031,D2897,医師_D2897
LIV,W,F0143,医療機関0143,D2898,医師_D2898
LIV,W,F0037,医療機関0037,D2899,医師_D2899
LIV,W,F0135,医療機関0135,D2900,医師_D2900
LIV,W,F0019,医療機関0019,D2901,医師_D2901
LIV,W,F0193,医療機関0193,D2902,医師_D2902
LIV,W,F0094,医療機関0094,D2903,医師_D2903
LIV,W,F0061,医療機関0061,D2904,医師_D2904
LIV,W,F0006,医療機関0006,D2905,医師_D2905
LIV,W,F0267,医療機関0267,D2906,医師_D2906
LIV,W,F0244,医療機関0244,D2908,医師_D2908
LIV,W,F0018,医療機関0018,D2909,医師_D2909
LIV,W,F0292,医療機関0292,D2911,医師_D2911
LIV,W,F0174,医療機関0174,D2912,医師_D2912
LIV,W,F0039,医療機関0039,D2913,医師_D2913
LIV,W,F0079,医療機関0079,D2915,医師_D2915
LIV,W,F0292,医療機関0292,D2916,医師_D2916
LIV,W,F0051,医療機関0051,D2917,医師_D2917
LIV,W,F0204,医療機関0204,D2919,医師_D2919
LIV,W,F0277,医療機関0277,D2920,医師_D2920
LIV,W,F0249,医療機関0249,D2923,医師_D2923
LIV,W,F0051,医療機関0051,D2924,医師_D2924
LIV,W,F0088,医療機関0088,D2925,医師_D2925
LIV,W,F0040,医療機関0040,D2927,医師_D2927
LIV,W,F0028,医療機関0028,D2928,医師_D2928
LIV,W,F0057,医療機関0057,D2929,医師_D2929
LIV,W,F0037,医療機関0037,D2930,医師_D2930
LIV,W,F0115,医療機関0115,D2931,医師_D2931
LIV,W,F0027,医療機関0027,D2935,医師_D2935
LIV,W,F0023,医療機関0023,D2936,医師_D2936
LIV,W,F0040,医療機関0040,D2938,医師_D2938
LIV,W,F0159,医療機関0159,D2939,医師_D2939
LIV,W,F0249,医療機関0249,D2940,医師_D2940
LIV,W,F0221,医療機関0221,D2941,医師_D2941
LIV,W,F0175,医療機関0175,D2942,医師_D2942
LIV,W,F0026,医療機関0026,D2943,医師_D2943
LIV,W,F0233,医療機関0233,D2944,医師_D2944
LIV,W,F0012,医療機関0012,D2945,医師_D2945
LIV,W,F0265,医療機関0265,D2948,医師_D2948
LIV,W,F0132,医療機関0132,D2951,医師_D2951
LIV,W,F0157,医療機関0157,D2952,医師_D2952
LIV,W,F0282,医療機関0282,D2953,医師_D2953
LIV,W,F0214,医療機関0214,D2954,医師_D2954
LIV,W,F0125,医療機関0125,D2955,医師_D2955
LIV,W,F0135,医療機関0135,D2956,医師_D2956
LIV,W,F0212,医療機関0212,D2957,医師_D2957
LIV,W,F0104,医療機関0104,D2958,医師_D2958
LIV,W,F0051,医療機関0051,D2959,医師_D2959
LIV,W,F0141,医療機関0141,D2960,医師_D2960
LIV,W,F0021,医療機関0021,D2961,医師_D2961
LIV,W,F0051,医療機関0051,D2962,医師_D2962
LIV,W,F0127,医療機関0127,D2963,医師_D2963
LIV,W,F0235,医療機関0235,D2965,医師_D2965
LIV,W,F0227,医療機関0227,D2969,医師_D2969
LIV,W,F0074,医療機関0074,D2970,医師_D2970
LIV,W,F0207,医療機関0207,D2973,医師_D2973
LIV,W,F0100,医療機関0100,D2974,医師_D2974
LIV,W,F0194,医療機関0194,D2977,医師_D2977
LIV,W,F0257,医療機関0257,D2978,医師_D2978
LIV,W,F0265,医療機関0265,D2979,医師_D2979
LIV,W,F0265,医療機関0265,D2981,医師_D2981
LIV,W,F0062,医療機関0062,D2983,医師_D2983
LIV,W,F0226,医療機関0226,D2985,医師_D2985
LIV,W,F0065,医療機関0065,D2986,医師_D2986
LIV,W,F0136,医療機関0136,D2987,医師_D2987
LIV,W,F0207,医療機関0207,D2988,医師_D2988
LIV,W,F0196,医療機関0196,D2989,医師_D2989
LIV,W,F0273,医療機関0273,D2990,医師_D2990
LIV,W,F0034,医療機関0034,D2991,医師_D2991
LIV,W,F0102,医療機関0102,D2997,医師_D2997
LIV,W,F0167,医療機関0167,D2998,医師_D2998
LIV,W,F0086,医療機関0086,D2999,医師_D2999
LIV,W,F0187,医療機関0187,D3000,医師_D3000
LVM,R,F0073,医療機関0073,D4007,医師_D4007
LVM,R,F0299,医療機関0299,D4022,医師_D4022
LVM,R,F0087,医療機関0087,D4032,医師_D4032
LVM,R,F0230,医療機関0230,D4036,医師_D4036
LVM,R,F0253,医療機関0253,D4041,医師_D4041
LVM,R,F0088,医療機関0088,D4049,医師_D4049
LVM,R,F0079,医療機関0079,D4050,医師_D4050
LVM,R,F0040,医療機関0040,D4057,医師_D4057
LVM,R,F0173,医療機関0173,D4058,医師_D4058
LVM,R,F0175,医療機関0175,D4062,医師_D4062
LVM,R,F0129,医療機関0129,D4070,医師_D4070
LVM,R,F0029,医療機関0029,D4071,医師_D4071
LVM,R,F0064,医療機関0064,D4073,医師_D4073
LVM,R,F0250,医療機関0250,D4075,医師_D4075
LVM,R,F0111,医療機関0111,D4076,医師_D4076
LVM,R,F0171,医療機関0171,D4078,医師_D4078
LVM,R,F0210,医療機関0210,D4083,医師_D4083
LVM,R,F0285,医療機関0285,D4087,医師_D4087
LVM,R,F0218,医療機関0218,D4090,医師_D4090
LVM,R,F0020,医療機関0020,D4092,医師_D4092
LVM,R,F0213,医療機関0213,D4095,医師_D4095
LVM,R,F0091,医療機関0091,D4099,医師_D4099
LVM,R,F0221,医療機関0221,D4105,医師_D4105
LVM,R,F0142,医療機関0142,D4107,医師_D4107
LVM,R,F0165,医療機関0165,D4108,医師_D4108
LVM,R,F0231,医療機関0231,D4109,医師_D4109
LVM,R,F0128,医療機関0128,D4110,医師_D4110
LVM,R,F0266,医療機関0266,D4113,医師_D4113
LVM,R,F0266,医療機関0266,D4128,医師_D4128
LVM,R,F0126,医療機関0126,D4136,医師_D4136
LVM,R,F0139,医療機関0139,D4142,医師_D4142
LVM,R,F0099,医療機関0099,D4144,医師_D4144
LVM,R,F0209,医療機関0209,D4145,医師_D4145
LVM,R,F0076,医療機関0076,D4148,医師_D4148
LVM,R,F0262,医療機関0262,D4154,医師_D4154
LVM,R,F0291,医療機関0291,D4161,医師_D4161
LVM,R,F0255,医療機関0255,D4162,医師_D4162
LVM,R,F0030,医療機関0030,D4163,医師_D4163
LVM,R,F0072,医療機関0072,D4164,医師_D4164
LVM,R,F0015,医療機関0015,D4170,医師_D4170
LVM,R,F0103,医療機関0103,D4183,医師_D4183
LVM,R,F0227,医療機関0227,D4184,医師_D4184
LVM,R,F0254,医療機関0254,D4185,医師_D4185
LVM,R,F0292,医療機関0292,D4193,医師_D4193
LVM,R,F0152,医療機関0152,D4197,医師_D4197
LVM,R,F0167,医療機関0167,D4200,医師_D4200
LVM,R,F0067,医療機関0067,D4203,医師_D4203
LVM,R,F0238,医療機関0238,D4204,医師_D4204
LVM,R,F0208,医療機関0208,D4205,医師_D4205
LVM,R,F0226,医療機関0226,D4206,医師_D4206
LVM,R,F0242,医療機関0242,D4210,医師_D4210
LVM,R,F0159,医療機関0159,D4213,医師_D4213
LVM,R,F0262,医療機関0262,D4217,医師_D4217
LVM,R,F0099,医療機関0099,D4218,医師_D4218
LVM,R,F0162,医療機関0162,D4221,医師_D4221
LVM,R,F0273,医療機関0273,D4223,医師_D4223
LVM,R,F0060,医療機関0060,D4227,医師_D4227
LVM,R,F0072,医療機関0072,D4234,医師_D4234
LVM,R,F0042,医療機関0042,D4237,医師_D4237
LVM,R,F0226,医療機関0226,D4245,医師_D4245
LVM,R,F0030,医療機関0030,D4248,医師_D4248
LVM,R,F0218,医療機関0218,D4252,医師_D4252
LVM,R,F0190,医療機関0190,D4258,医師_D4258
LVM,R,F0249,医療機関0249,D4262,医師_D4262
LVM,R,F0216,医療機関0216,D4264,医師_D4264
LVM,R,F0277,医療機関0277,D4269,医師_D4269
LVM,R,F0210,医療機関0210,D4270,医師_D4270
LVM,R,F0132,医療機関0132,D4278,医師_D4278
LVM,R,F0150,医療機関0150,D4283,医師_D4283
LVM,R,F0049,医療機関0049,D4284,医師_D4284
LVM,R,F0061,医療機関0061,D4286,医師_D4286
LVM,R,F0252,医療機関0252,D4291,医師_D4291
LVM,R,F0122,医療機関0122,D4296,医師_D4296
LVM,R,F0175,医療機関0175,D4298,医師_D4298
LVM,R,F0187,医療機関0187,D4303,医師_D4303
LVM,R,F0057,医療機関0057,D4305,医師_D4305
LVM,R,F0238,医療機関0238,D4308,医師_D4308
LVM,R,F0240,医療機関0240,D4309,医師_D4309
LVM,R,F0188,医療機関0188,D4310,医師_D4310
LVM,R,F0162,医療機関0162,D4312,医師_D4312
LVM,R,F0008,医療機関0008,D4313,医師_D4313
LVM,R,F0082,医療機関0082,D4318,医師_D4318
LVM,R,F0262,医療機関0262,D4322,医師_D4322
LVM,R,F0204,医療機関0204,D4324,医師_D4324
LVM,R,F0120,医療機関0120,D4327,医師_D4327
LVM,R,F0055,医療機関0055,D4329,医師_D4329
LVM,R,F0005,医療機関0005,D4331,医師_D4331
LVM,R,F0270,医療機関0270,D4333,医師_D4333
LVM,R,F0114,医療機関0114,D4335,医師_D4335
LVM,R,F0289,医療機関0289,D4337,医師_D4337
LVM,R,F0111,医療機関0111,D4347,医師_D4347
LVM,R,F0080,医療機関0080,D4349,医師_D4349
LVM,R,F0100,医療機関0100,D4351,医師_D4351
LVM,R,F0113,医療機関0113,D4355,医師_D4355
LVM,R,F0113,医療機関0113,D4358,医師_D4358
LVM,R,F0276,医療機関0276,D4359,医師_D4359
LVM,R,F0071,医療機関0071,D4364,医師_D4364
LVM,R,F0241,医療機関0241,D4375,医師_D4375
LVM,R,F0034,医療機関0034,D4378,医師_D4378
LVM,R,F0057,医療機関0057,D4383,医師_D4383
LVM,W,F0297,医療機関0297,D4001,医師_D4001
LVM,W,F0285,医療機関0285,D4002,医師_D4002
LVM,W,F0094,医療機関0094,D4003,医師_D4003
LVM,W,F0227,医療機関0227,D4004,医師_D4004
LVM,W,F0064,医療機関0064,D4005,医師_D4005
LVM,W,F0142,医療機関0142,D4006,医師_D4006
LVM,W,F0146,医療機関0146,D4008,医師_D4008
LVM,W,F0262,医療機関0262,D4009,医師_D4009
LVM,W,F0131,医療機関0131,D4010,医師_D4010
LVM,W,F0028,医療機関0028,D4011,医師_D4011
LVM,W,F0098,医療機関0098,D4012,医師_D4012
LVM,W,F0236,医療機関0236,D4013,医師_D4013
LVM,W,F0157,医療機関0157,D4014,医師_D4014
LVM,W,F0169,医療機関0169,D4015,医師_D4015
LVM,W,F0130,医療機関0130,D4016,医師_D4016
LVM,W,F0088,医療機関0088,D4017,医師_D4017
LVM,W,F0180,医療機関0180,D4018,医師_D4018
LVM,W,F0190,医療機関0190,D4019,医師_D4019
LVM,W,F0270,医療機関0270,D4020,医師_D4020
LVM,W,F0186,医療機関0186,D4021,医師_D4021
LVM,W,F0248,医療機関0248,D4023,医師_D4023
LVM,W,F0024,医療機関0024,D4024,医師_D4024
LVM,W,F0118,医療機関0118,D4025,医師_D4025
LVM,W,F0116,医療機関0116,D4026,医師_D4026
LVM,W,F0001,医療機関0001,D4027,医師_D4027
LVM,W,F0055,医療機関0055,D4028,医師_D4028
LVM,W,F0229,医療機関0229,D4029,医師_D4029
LVM,W,F0106,医療機関0106,D4030,医師_D4030
LVM,W,F0045,医療機関0045,D4031,医師_D4031
LVM,W,F0083,医療機関0083,D4033,医師_D4033
LVM,W,F0053,医療機関0053,D4034,医師_D4034
LVM,W,F0031,医療機関0031,D4035,医師_D4035
LVM,W,F0248,医療機関0248,D4037,医師_D4037
LVM,W,F0149,医療機関0149,D4038,医師_D4038
LVM,W,F0185,医療機関0185,D4039,医師_D4039
LVM,W,F0276,医療機関0276,D4040,医師_D4040
LVM,W,F0010,医療機関0010,D4042,医師_D4042
LVM,W,F0286,医療機関0286,D4043,医師_D4043
LVM,W,F0021,医療機関0021,D4044,医師_D4044
LVM,W,F0008,医療機関0008,D4045,医師_D4045
LVM,W,F0121,医療機関0121,D4046,医師_D4046
LVM,W,F0224,医療機関0224,D4047,医師_D4047
LVM,W,F0025,医療機関0025,D4048,医師_D4048
LVM,W,F0120,医療機関0120,D4051,医師_D4051
LVM,W,F0296,医療機関0296,D4052,医師_D4052
LVM,W,F0100,医療機関0100,D4053,医師_D4053
LVM,W,F0063,医療機関0063,D4054,医師_D4054
LVM,W,F0037,医療機関0037,D4055,医師_D4055
LVM,W,F0060,医療機関0060,D4056,医師_D4056
LVM,W,F0127,医療機関0127,D4059,医師_D4059
LVM,W,F0150,医療機関0150,D4060,医師_D4060
LVM,W,F0250,医療機関0250,D4061,医師_D4061
LVM,W,F0047,医療機関0047,D4063,医師_D4063
LVM,W,F0114,医療機関0114,D4064,医師_D4064
LVM,W,F0094,医療機関0094,D4065,医師_D4065
LVM,W,F0249,医療機関0249,D4066,医師_D4066
LVM,W,F0093,医療機関0093,D4067,医師_D4067
LVM,W,F0042,医療機関0042,D4068,医師_D4068
LVM,W,F0221,医療機関0221,D4069,医師_D4069
LVM,W,F0207,医療機関0207,D4072,医師_D4072
LVM,W,F0261,医療機関0261,D4074,医師_D4074
LVM,W,F0167,医療機関0167,D4077,医師_D4077
LVM,W,F0197,医療機関0197,D4079,医師_D4079
LVM,W,F0021,医療機関0021,D4080,医師_D4080
LVM,W,F0098,医療機関0098,D4081,医師_D4081
LVM,W,F0052,医療機関0052,D4082,医師_D4082
LVM,W,F0021,医療機関0021,D4084,医師_D4084
LVM,W,F0156,医療機関0156,D4085,医師_D4085
LVM,W,F0219,医療機関0219,D4086,医師_D4086
LVM,W,F0087,医療機関0087,D4088,医師_D4088
LVM,W,F0003,医療機関0003,D4089,医師_D4089
LVM,W,F0001,医療機関0001,D4091,医師_D4091
LVM,W,F0298,医療機関0298,D4093,医師_D4093
LVM,W,F0259,医療機関0259,D4094,医師_D4094
LVM,W,F0251,医療機関0251,D4096,医師_D4096
LVM,W,F0023,医療機関0023,D4097,医師_D4097
LVM,W,F0027,医療機関0027,D4098,医師_D4098
LVM,W,F0008,医療機関0008,D4100,医師_D4100
LVM,W,F0267,医療機関0267,D4101,医師_D4101
LVM,W,F0017,医療機関0017,D4102,医師_D4102
LVM,W,F0164,医療機関0164,D4103,医師_D4103
LVM,W,F0257,医療機関0257,D4104,医師_D4104
LVM,W,F0071,医療機関0071,D4106,医師_D4106
LVM,W,F0086,医療機関0086,D4111,医師_D4111
LVM,W,F0239,医療機関0239,D4112,医師_D4112
LVM,W,F0147,医療機関0147,D4114,医師_D4114
LVM,W,F0009,医療機関0009,D4115,医師_D4115
LVM,W,F0151,医療機関0151,D4116,医師_D4116
LVM,W,F0267,医療機関0267,D4117,医師_D4117
LVM,W,F0297,医療機関0297,D4118,医師_D4118
LVM,W,F0121,医療機関0121,D4119,医師_D4119
LVM,W,F0046,医療機関0046,D4120,医師_D4120
LVM,W,F0172,医療機関0172,D4121,医師_D4121
LVM,W,F0250,医療機関0250,D4122,医師_D4122
LVM,W,F0284,医療機関0284,D4123,医師_D4123
LVM,W,F0016,医療機関0016,D4124,医師_D4124
LVM,W,F0088,医療機関0088,D4125,医師_D4125
LVM,W,F0144,医療機関0144,D4126,医師_D4126
LVM,W,F0030,医療機関0030,D4127,医師_D4127
LVM,W,F0034,医療機関0034,D4129,医師_D4129
LVM,W,F0200,医療機関0200,D4130,医師_D4130
LVM,W,F0276,医療機関0276,D4131,医師_D4131
LVM,W,F0206,医療機関0206,D4132,医師_D4132
LVM,W,F0229,医療機関0229,D4133,医師_D4133
LVM,W,F0079,医療機関0079,D4134,医師_D4134
LVM,W,F0249,医療機関0249,D4135,医師_D4135
LVM,W,F0019,医療機関0019,D4137,医師_D4137
LVM,W,F0110,医療機関0110,D4138,医師_D4138
LVM,W,F0105,医療機関0105,D4139,医師_D4139
LVM,W,F0157,医療機関0157,D4140,医師_D4140
LVM,W,F0080,医療機関0080,D4141,医師_D4141
LVM,W,F0129,医療機関0129,D4143,医師_D4143
LVM,W,F0092,医療機関0092,D4146,医師_D4146
LVM,W,F0230,医療機関0230,D4147,医師_D4147
LVM,W,F0260,医療機関0260,D4149,医師_D4149
LVM,W,F0110,医療機関0110,D4150,医師_D4150
LVM,W,F0013,医療機関0013,D4151,医師_D4151
LVM,W,F0045,医療機関0045,D4152,医師_D4152
LVM,W,F0242,医療機関0242,D4153,医師_D4153
LVM,W,F0064,医療機関0064,D4155,医師_D4155
LVM,W,F0181,医療機関0181,D4156,医師_D4156
LVM,W,F0173,医療機関0173,D4157,医師_D4157
LVM,W,F0041,医療機関0041,D4158,医師_D4158
LVM,W,F0136,医療機関0136,D4159,医師_D4159
LVM,W,F0209,医療機関0209,D4160,医師_D4160
LVM,W,F0132,医療機関0132,D4165,医師_D4165
LVM,W,F0046,医療機関0046,D4166,医師_D4166
LVM,W,F0172,医療機関0172,D4167,医師_D4167
LVM,W,F0003,医療機関0003,D4168,医師_D4168
LVM,W,F0035,医療機関0035,D4169,医師_D4169
LVM,W,F0089,医療機関0089,D4171,医師_D4171
LVM,W,F0229,医療機関0229,D4172,医師_D4172
LVM,W,F0054,医療機関0054,D4173,医師_D4173
LVM,W,F0297,医療機関0297,D4174,医師_D4174
LVM,W,F0081,医療機関0081,D4175,医師_D4175
LVM,W,F0014,医療機関0014,D4176,医師_D4176
LVM,W,F0101,医療機関0101,D4177,医師_D4177
LVM,W,F0225,医療機関0225,D4178,医師_D4178
LVM,W,F0032,医療機関0032,D4179,医師_D4179
LVM,W,F0022,医療機関0022,D4180,医師_D4180
LVM,W,F0255,医療機関0255,D4181,医師_D4181
LVM,W,F0178,医療機関0178,D4182,医師_D4182
LVM,W,F0108,医療機関0108,D4186,医師_D4186
LVM,W,F0169,医療機関0169,D4187,医師_D4187
LVM,W,F0004,医療機関0004,D4188,医師_D4188
LVM,W,F0092,医療機関0092,D4189,医師_D4189
LVM,W,F0179,医療機関0179,D4190,医師_D4190
LVM,W,F0060,医療機関0060,D4191,医師_D4191
LVM,W,F0298,医療機関0298,D4192,医師_D4192
LVM,W,F0078,医療機関0078,D4194,医師_D4194
LVM,W,F0119,医療機関0119,D4195,医師_D4195
LVM,W,F0057,医療機関0057,D4196,医師_D4196
LVM,W,F0038,医療機関0038,D4198,医師_D4198
LVM,W,F0118,医療機関0118,D4199,医師_D4199
LVM,W,F0184,医療機関0184,D4201,医師_D4201
LVM,W,F0179,医療機関0179,D4202,医師_D4202
LVM,W,F0141,医療機関0141,D4207,医師_D4207
LVM,W,F0268,医療機関0268,D4208,医師_D4208
LVM,W,F0117,医療機関0117,D4209,医師_D4209
LVM,W,F0062,医療機関0062,D4211,医師_D4211
LVM,W,F0075,医療機関0075,D4212,医師_D4212
LVM,W,F0167,医療機関0167,D4214,医師_D4214
LVM,W,F0224,医療機関0224,D4215,医師_D4215
LVM,W,F0090,医療機関0090,D4216,医師_D4216
LVM,W,F0161,医療機関0161,D4219,医師_D4219
LVM,W,F0280,医療機関0280,D4220,医師_D4220
LVM,W,F0205,医療機関0205,D4222,医師_D4222
LVM,W,F0293,医療機関0293,D4224,医師_D4224
LVM,W,F0150,医療機関0150,D4225,医師_D4225
LVM,W,F0126,医療機関0126,D4226,医師_D4226
LVM,W,F0162,医療機関0162,D4228,医師_D4228
LVM,W,F0276,医療機関0276,D4229,医師_D4229
LVM,W,F0147,医療機関0147,D4230,医師_D4230
LVM,W,F0105,医療機関0105,D4231,医師_D4231
LVM,W,F0033,医療機関0033,D4232,医師_D4232
LVM,W,F0117,医療機関0117,D4233,医師_D4233
LVM,W,F0294,医療機関0294,D4235,医師_D4235
LVM,W,F0159,医療機関0159,D4236,医師_D4236
LVM,W,F0021,医療機関0021,D4238,医師_D4238
LVM,W,F0256,医療機関0256,D4239,医師_D4239
LVM,W,F0280,医療機関0280,D4240,医師_D4240
LVM,W,F0229,医療機関0229,D4241,医師_D4241
LVM,W,F0038,医療機関0038,D4242,医師_D4242
LVM,W,F0030,医療機関0030,D4243,医師_D4243
LVM,W,F0060,医療機関0060,D4244,医師_D4244
LVM,W,F0230,医療機関0230,D4246,医師_D4246
LVM,W,F0252,医療機関0252,D4247,医師_D4247
LVM,W,F0046,医療機関0046,D4249,医師_D4249
LVM,W,F0271,医療機関0271,D4250,医師_D4250
LVM,W,F0279,医療機関0279,D4251,医師_D4251
LVM,W,F0032,医療機関0032,D4253,医師_D4253
LVM,W,F0021,医療機関0021,D4254,医師_D4254
LVM,W,F0017,医療機関0017,D4255,医師_D4255
LVM,W,F0208,医療機関0208,D4256,医師_D4256
LVM,W,F0254,医療機関0254,D4257,医師_D4257
LVM,W,F0079,医療機関0079,D4259,医師_D4259
LVM,W,F0228,医療機関0228,D4260,医師_D4260
LVM,W,F0018,医療機関0018,D4261,医師_D4261
LVM,W,F0268,医療機関0268,D4263,医師_D4263
LVM,W,F0264,医療機関0264,D4265,医師_D4265
LVM,W,F0176,医療機関0176,D4266,医師_D4266
LVM,W,F0141,医療機関0141,D4267,医師_D4267
LVM,W,F0097,医療機関0097,D4268,医師_D4268
LVM,W,F0058,医療機関0058,D4271,医師_D4271
LVM,W,F0288,医療機関0288,D4272,医師_D4272
LVM,W,F0018,医療機関0018,D4273,医師_D4273
LVM,W,F0177,医療機関0177,D4274,医師_D4274
LVM,W,F0058,医療機関0058,D4275,医師_D4275
LVM,W,F0200,医療機関0200,D4276,医師_D4276
LVM,W,F0124,医療機関0124,D4277,医師_D4277
LVM,W,F0202,医療機関0202,D4279,医師_D4279
LVM,W,F0227,医療機関0227,D4280,医師_D4280
LVM,W,F0115,医療機関0115,D4281,医師_D4281
LVM,W,F0300,医療機関0300,D4282,医師_D4282
LVM,W,F0002,医療機関0002,D4285,医師_D4285
LVM,W,F0208,医療機関0208,D4287,医師_D4287
LVM,W,F0162,医療機関0162,D4288,医師_D4288
LVM,W,F0102,医療機関0102,D4289,医師_D4289
LVM,W,F0145,医療機関0145,D4290,医師_D4290
LVM,W,F0172,医療機関0172,D4292,医師_D4292
LVM,W,F0018,医療機関0018,D4293,医師_D4293
LVM,W,F0015,医療機関0015,D4294,医師_D4294
LVM,W,F0145,医療機関0145,D4295,医師_D4295
LVM,W,F0256,医療機関0256,D4297,医師_D4297
LVM,W,F0228,医療機関0228,D4299,医師_D4299
LVM,W,F0176,医療機関0176,D4300,医師_D4300
LVM,W,F0104,医療機関0104,D4301,医師_D4301
LVM,W,F0198,医療機関0198,D4302,医師_D4302
LVM,W,F0217,医療機関0217,D4304,医師_D4304
LVM,W,F0193,医療機関0193,D4306,医師_D4306
LVM,W,F0086,医療機関0086,D4307,医師_D4307
LVM,W,F0285,医療機関0285,D4311,医師_D4311
LVM,W,F0182,医療機関0182,D4314,医師_D4314
LVM,W,F0234,医療機関0234,D4315,医師_D4315
LVM,W,F0031,医療機関0031,D4316,医師_D4316
LVM,W,F0032,医療機関0032,D4317,医師_D4317
LVM,W,F0254,医療機関0254,D4319,医師_D4319
LVM,W,F0159,医療機関0159,D4320,医師_D4320
LVM,W,F0293,医療機関0293,D4321,医師_D4321
LVM,W,F0167,医療機関0167,D4323,医師_D4323
LVM,W,F0100,医療機関0100,D4325,医師_D4325
LVM,W,F0028,医療機関0028,D4326,医師_D4326
LVM,W,F0178,医療機関0178,D4328,医師_D4328
LVM,W,F0067,医療機関0067,D4330,医師_D4330
LVM,W,F0221,医療機関0221,D4332,医師_D4332
LVM,W,F0249,医療機関0249,D4334,医師_D4334
LVM,W,F0179,医療機関0179,D4336,医師_D4336
LVM,W,F0178,医療機関0178,D4338,医師_D4338
LVM,W,F0089,医療機関0089,D4339,医師_D4339
LVM,W,F0102,医療機関0102,D4340,医師_D4340
LVM,W,F0219,医療機関0219,D4341,医師_D4341
LVM,W,F0134,医療機関0134,D4342,医師_D4342
LVM,W,F0252,医療機関0252,D4343,医師_D4343
LVM,W,F0260,医療機関0260,D4344,医師_D4344
LVM,W,F0011,医療機関0011,D4345,医師_D4345
LVM,W,F0217,医療機関0217,D4346,医師_D4346
LVM,W,F0156,医療機関0156,D4348,医師_D4348
LVM,W,F0111,医療機関0111,D4350,医師_D4350
LVM,W,F0016,医療機関0016,D4352,医師_D4352
LVM,W,F0235,医療機関0235,D4353,医師_D4353
LVM,W,F0043,医療機関0043,D4354,医師_D4354
LVM,W,F0058,医療機関0058,D4356,医師_D4356
LVM,W,F0049,医療機関0049,D4357,医師_D4357
LVM,W,F0284,医療機関0284,D4360,医師_D4360
LVM,W,F0115,医療機関0115,D4361,医師_D4361
LVM,W,F0152,医療機関0152,D4362,医師_D4362
LVM,W,F0296,医療機関0296,D4363,医師_D4363
LVM,W,F0284,医療機関0284,D4365,医師_D4365
LVM,W,F0032,医療機関0032,D4366,医師_D4366
LVM,W,F0068,医療機関0068,D4367,医師_D4367
LVM,W,F0102,医療機関0102,D4368,医師_D4368
LVM,W,F0012,医療機関0012,D4369,医師_D4369
LVM,W,F0245,医療機関0245,D4370,医師_D4370
LVM,W,F0257,医療機関0257,D4371,医師_D4371
LVM,W,F0116,医療機関0116,D4372,医師_D4372
LVM,W,F0251,医療機関0251,D4373,医師_D4373
LVM,W,F0232,医療機関0232,D4374,医師_D4374
LVM,W,F0241,医療機関0241,D4376,医師_D4376
LVM,W,F0173,医療機関0173,D4377,医師_D4377
LVM,W,F0278,医療機関0278,D4379,医師_D4379
LVM,W,F0183,医療機関0183,D4380,医師_D4380
LVM,W,F0271,医療機関0271,D4381,医師_D4381
LVM,W,F0288,医療機関0288,D4382,医師_D4382
LVM,W,F0121,医療機関0121,D4384,医師_D4384
LVM,W,F0058,医療機関0058,D4385,医師_D4385
LVM,W,F0016,医療機関0016,D4386,医師_D4386
LVM,W,F0290,医療機関0290,D4387,医師_D4387
LVM,W,F0277,医療機関0277,D4388,医師_D4388
LVM,W,F0280,医療機関0280,D4389,医師_D4389
LVM,W,F0266,医療機関0266,D4390,医師_D4390
LVM,W,F0195,医療機関0195,D4391,医師_D4391
LVM,W,F0157,医療機関0157,D4392,医師_D4392
LVM,W,F0298,医療機関0298,D4393,医師_D4393
LVM,W,F0166,医療機関0166,D4394,医師_D4394
LVM,W,F0193,医療機関0193,D4395,医師_D4395
LVM,W,F0064,医療機関0064,D4396,医師_D4396
LVM,W,F0225,医療機関0225,D4397,医師_D4397
LVM,W,F0246,医療機関0246,D4398,医師_D4398
LVM,W,F0204,医療機関0204,D4399,医師_D4399
LVM,W,F0150,医療機関0150,D4400,医師_D4400
OVE,R,F0185,医療機関0185,D0001,医師_D0001
OVE,R,F0234,医療機関0234,D0002,医師_D0002
OVE,R,F0248,医療機関0248,D0005,医師_D0005
OVE,R,F0155,医療機関0155,D0008,医師_D0008
OVE,R,F0236,医療機関0236,D0013,医師_D0013
OVE,R,F0055,医療機関0055,D0035,医師_D0035
OVE,R,F0238,医療機関0238,D0039,医師_D0039
OVE,R,F0145,医療機関0145,D0044,医師_D0044
OVE,R,F0232,医療機関0232,D0045,医師_D0045
OVE,R,F0147,医療機関0147,D0051,医師_D0051
OVE,R,F0196,医療機関0196,D0052,医師_D0052
OVE,R,F0061,医療機関0061,D0053,医師_D0053
OVE,R,F0160,医療機関0160,D0056,医師_D0056
OVE,R,F0054,医療機関0054,D0061,医師_D0061
OVE,R,F0259,医療機関0259,D0068,医師_D0068
OVE,R,F0026,医療機関0026,D0078,医師_D0078
OVE,R,F0281,医療機関0281,D0080,医師_D0080
OVE,R,F0218,医療機関0218,D0081,医師_D0081
OVE,R,F0042,医療機関0042,D0082,医師_D0082
OVE,R,F0123,医療機関0123,D0087,医師_D0087
OVE,R,F0235,医療機関0235,D0090,医師_D0090
OVE,R,F0284,医療機関0284,D0094,医師_D0094
OVE,R,F0157,医療機関0157,D0101,医師_D0101
OVE,R,F0052,医療機関0052,D0104,医師_D0104
OVE,R,F0039,医療機関0039,D0105,医師_D0105
OVE,R,F0156,医療機関0156,D0117,医師_D0117
OVE,R,F0254,医療機関0254,D0123,医師_D0123
OVE,R,F0036,医療機関0036,D0124,医師_D0124
OVE,R,F0217,医療機関0217,D0127,医師_D0127
OVE,R,F0063,医療機関0063,D0135,医師_D0135
OVE,R,F0101,医療機関0101,D0138,医師_D0138
OVE,R,F0222,医療機関0222,D0139,医師_D0139
OVE,R,F0270,医療機関0270,D0140,医師_D0140
OVE,R,F0229,医療機関0229,D0142,医師_D0142
OVE,R,F0095,医療機関0095,D0148,医師_D0148
OVE,R,F0289,医療機関0289,D0151,医師_D0151
OVE,R,F0045,医療機関0045,D0152,医師_D0152
OVE,R,F0115,医療機関0115,D0158,医師_D0158
OVE,R,F0285,医療機関0285,D0163,医師_D0163
OVE,R,F0281,医療機関0281,D0164,医師_D0164
OVE,R,F0184,医療機関0184,D0167,医師_D0167
OVE,R,F0042,医療機関0042,D0169,医師_D0169
OVE,R,F0113,医療機関0113,D0170,医師_D0170
OVE,R,F0196,医療機関0196,D0171,医師_D0171
OVE,R,F0254,医療機関0254,D0175,医師_D0175
OVE,R,F0036,医療機関0036,D0178,医師_D0178
OVE,R,F0089,医療機関0089,D0196,医師_D0196
OVE,R,F0291,医療機関0291,D0197,医師_D0197
OVE,R,F0095,医療機関0095,D0199,医師_D0199
OVE,R,F0133,医療機関0133,D0200,医師_D0200
OVE,R,F0004,医療機関0004,D0201,医師_D0201
OVE,R,F0222,医療機関0222,D0205,医師_D0205
OVE,R,F0235,医療機関0235,D0206,医師_D0206
OVE,R,F0034,医療機関0034,D0208,医師_D0208
OVE,R,F0264,医療機関0264,D0212,医師_D0212
OVE,R,F0205,医療機関0205,D0227,医師_D0227
OVE,R,F0270,医療機関0270,D0228,医師_D0228
OVE,R,F0136,医療機関0136,D0233,医師_D0233
OVE,R,F0234,医療機関0234,D0236,医師_D0236
OVE,R,F0243,医療機関0243,D0237,医師_D0237
OVE,R,F0060,医療機関0060,D0238,医師_D0238
OVE,R,F0005,医療機関0005,D0239,医師_D0239
OVE,R,F0002,医療機関0002,D0246,医師_D0246
OVE,R,F0289,医療機関0289,D0253,医師_D0253
OVE,R,F0087,医療機関0087,D0255,医師_D0255
OVE,R,F0291,医療機関0291,D0261,医師_D0261
OVE,R,F0013,医療機関0013,D0270,医師_D0270
OVE,R,F0061,医療機関0061,D0272,医師_D0272
OVE,R,F0038,医療機関0038,D0274,医師_D0274
OVE,R,F0165,医療機関0165,D0279,医師_D0279
OVE,R,F0026,医療機関0026,D0281,医師_D0281
OVE,R,F0135,医療機関0135,D0283,医師_D0283
OVE,R,F0047,医療機関0047,D0284,医師_D0284
OVE,R,F0295,医療機関0295,D0294,医師_D0294
OVE,R,F0225,医療機関0225,D0295,医師_D0295
OVE,R,F0185,医療機関0185,D0300,医師_D0300
OVE,R,F0013,医療機関0013,D0302,医師_D0302
OVE,R,F0112,医療機関0112,D0309,医師_D0309
OVE,R,F0056,医療機関0056,D0312,医師_D0312
OVE,R,F0295,医療機関0295,D0314,医師_D0314
OVE,R,F0178,医療機関0178,D0315,医師_D0315
OVE,R,F0138,医療機関0138,D0316,医師_D0316
OVE,R,F0126,医療機関0126,D0329,医師_D0329
OVE,R,F0078,医療機関0078,D0333,医師_D0333
OVE,R,F0283,医療機関0283,D0336,医師_D0336
OVE,R,F0139,医療機関0139,D0339,医師_D0339
OVE,R,F0275,医療機関0275,D0343,医師_D0343
OVE,R,F0143,医療機関0143,D0344,医師_D0344
OVE,R,F0041,医療機関0041,D0348,医師_D0348
OVE,R,F0129,医療機関0129,D0354,医師_D0354
OVE,R,F0121,医療機関0121,D0357,医師_D0357
OVE,R,F0191,医療機関0191,D0358,医師_D0358
OVE,R,F0177,医療機関0177,D0366,医師_D0366
OVE,R,F0096,医療機関0096,D0368,医師_D0368
OVE,R,F0126,医療機関0126,D0372,医師_D0372
OVE,R,F0177,医療機関0177,D0381,医師_D0381
OVE,R,F0095,医療機関0095,D0388,医師_D0388
OVE,R,F0237,医療機関0237,D0390,医師_D0390
OVE,R,F0103,医療機関0103,D0391,医師_D0391
OVE,R,F0039,医療機関0039,D0405,医師_D0405
OVE,R,F0256,医療機関0256,D0407,医師_D0407
OVE,R,F0081,医療機関0081,D0411,医師_D0411
OVE,R,F0095,医療機関0095,D0414,医師_D0414
OVE,R,F0156,医療機関0156,D0415,医師_D0415
OVE,R,F0252,医療機関0252,D0416,医師_D0416
OVE,R,F0149,医療機関0149,D0418,医師_D0418
OVE,R,F0085,医療機関0085,D0428,医師_D0428
OVE,R,F0220,医療機関0220,D0433,医師_D0433
OVE,R,F0020,医療機関0020,D0435,医師_D0435
OVE,R,F0223,医療機関0223,D0436,医師_D0436
OVE,R,F0005,医療機関0005,D0438,医師_D0438
OVE,R,F0132,医療機関0132,D0439,医師_D0439
OVE,R,F0257,医療機関0257,D0442,医師_D0442
OVE,R,F0201,医療機関0201,D0449,医師_D0449
OVE,R,F0036,医療機関0036,D0450,医師_D0450
OVE,R,F0153,医療機関0153,D0451,医師_D0451
OVE,R,F0110,医療機関0110,D0452,医師_D0452
OVE,R,F0151,医療機関0151,D0453,医師_D0453
OVE,R,F0288,医療機関0288,D0454,医師_D0454
OVE,R,F0299,医療機関0299,D0456,医師_D0456
OVE,R,F0044,医療機関0044,D0463,医師_D0463
OVE,R,F0117,医療機関0117,D0466,医師_D0466
OVE,R,F0158,医療機関0158,D0474,医師_D0474
OVE,R,F0214,医療機関0214,D0477,医師_D0477
OVE,R,F0126,医療機関0126,D0479,医師_D0479
OVE,R,F0167,医療機関0167,D0484,医師_D0484
OVE,R,F0251,医療機関0251,D0497,医師_D0497
OVE,R,F0092,医療機関0092,D0505,医師_D0505
OVE,R,F0299,医療機関0299,D0517,医師_D0517
OVE,R,F0217,医療機関0217,D0519,医師_D0519
OVE,R,F0148,医療機関0148,D0520,医師_D0520
OVE,R,F0005,医療機関0005,D0521,医師_D0521
OVE,R,F0026,医療機関0026,D0522,医師_D0522
OVE,R,F0081,医療機関0081,D0523,医師_D0523
OVE,R,F0192,医療機関0192,D0528,医師_D0528
OVE,R,F0195,医療機関0195,D0530,医師_D0530
OVE,R,F0123,医療機関0123,D0531,医師_D0531
OVE,R,F0254,医療機関0254,D0544,医師_D0544
OVE,R,F0231,医療機関0231,D0548,医師_D0548
OVE,R,F0256,医療機関0256,D0550,医師_D0550
OVE,R,F0111,医療機関0111,D0551,医師_D0551
OVE,R,F0130,医療機関0130,D0553,医師_D0553
OVE,R,F0273,医療機関0273,D0554,医師_D0554
OVE,R,F0177,医療機関0177,D0556,医師_D0556
OVE,R,F0160,医療機関0160,D0564,医師_D0564
OVE,R,F0276,医療機関0276,D0570,医師_D0570
OVE,R,F0189,医療機関0189,D0571,医師_D0571
OVE,R,F0208,医療機関0208,D0583,医師_D0583
OVE,R,F0170,医療機関0170,D0589,医師_D0589
OVE,R,F0003,医療機関0003,D0590,医師_D0590
OVE,R,F0125,医療機関0125,D0591,医師_D0591
OVE,R,F0211,医療機関0211,D0594,医師_D0594
OVE,R,F0158,医療機関0158,D0595,医師_D0595
OVE,W,F0222,医療機関0222,D0003,医師_D0003
OVE,W,F0041,医療機関0041,D0004,医師_D0004
OVE,W,F0161,医療機関0161,D0006,医師_D0006
OVE,W,F0097,医療機関0097,D0007,医師_D0007
OVE,W,F0291,医療機関0291,D0009,医師_D0009
OVE,W,F0258,医療機関0258,D0010,医師_D0010
OVE,W,F0251,医療機関0251,D0011,医師_D0011
OVE,W,F0139,医療機関0139,D0012,医師_D0012
OVE,W,F0116,医療機関0116,D0014,医師_D0014
OVE,W,F0206,医療機関0206,D0015,医師_D0015
OVE,W,F0192,医療機関0192,D0016,医師_D0016
OVE,W,F0075,医療機関0075,D0017,医師_D0017
OVE,W,F0080,医療機関0080,D0018,医師_D0018
OVE,W,F0019,医療機関0019,D0019,医師_D0019
OVE,W,F0042,医療機関0042,D0020,医師_D0020
OVE,W,F0131,医療機関0131,D0021,医師_D0021
OVE,W,F0144,医療機関0144,D0022,医師_D0022
OVE,W,F0050,医療機関0050,D0023,医師_D0023
OVE,W,F0126,医療機関0126,D0024,医師_D0024
OVE,W,F0182,医療機関0182,D0025,医師_D0025
OVE,W,F0070,医療機関0070,D0026,医師_D0026
OVE,W,F0102,医療機関0102,D0027,医師_D0027
OVE,W,F0111,医療機関0111,D0028,医師_D0028
OVE,W,F0152,医療機関0152,D0029,医師_D0029
OVE,W,F0110,医療機関0110,D0030,医師_D0030
OVE,W,F0222,医療機関0222,D0031,医師_D0031
OVE,W,F0099,医療機関0099,D0032,医師_D0032
OVE,W,F0131,医療機関0131,D0033,医師_D0033
OVE,W,F0114,医療機関0114,D0034,医師_D0034
OVE,W,F0206,医療機関0206,D0036,医師_D0036
OVE,W,F0071,医療機関0071,D0037,医師_D0037
OVE,W,F0090,医療機関0090,D0038,医師_D0038
OVE,W,F0285,医療機関0285,D0040,医師_D0040
OVE,W,F0202,医療機関0202,D0041,医師_D0041
OVE,W,F0275,医療機関0275,D0042,医師_D0042
OVE,W,F0257,医療機関0257,D0043,医師_D0043
OVE,W,F0099,医療機関0099,D0046,医師_D0046
OVE,W,F0139,医療機関0139,D0047,医師_D0047
OVE,W,F0161,医療機関0161,D0048,医師_D0048
OVE,W,F0289,医療機関0289,D0049,医師_D0049
OVE,W,F0255,医療機関0255,D0050,医師_D0050
OVE,W,F0242,医療機関0242,D0054,医師_D0054
OVE,W,F0166,医療機関0166,D0055,医師_D0055
OVE,W,F0230,医療機関0230,D0057,医師_D0057
OVE,W,F0190,医療機関0190,D0058,医師_D0058
OVE,W,F0022,医療機関0022,D0059,医師_D0059
OVE,W,F0087,医療機関0087,D0060,医師_D0060
OVE,W,F0221,医療機関0221,D0062,医師_D0062
OVE,W,F0011,医療機関0011,D0063,医師_D0063
OVE,W,F0061,医療機関0061,D0064,医師_D0064
OVE,W,F0180,医療機関0180,D0065,医師_D0065
OVE,W,F0209,医療機関0209,D0066,医師_D0066
OVE,W,F0151,医療機関0151,D0067,医師_D0067
OVE,W,F0276,医療機関0276,D0069,医師_D0069
OVE,W,F0040,医療機関0040,D0070,医師_D0070
OVE,W,F0286,医療機関0286,D0071,医師_D0071
OVE,W,F0185,医療機関0185,D0072,医師_D0072
OVE,W,F0191,医療機関0191,D0073,医師_D0073
OVE,W,F0029,医療機関0029,D0074,医師_D0074
OVE,W,F0187,医療機関0187,D0075,医師_D0075
OVE,W,F0218,医療機関0218,D0076,医師_D0076
OVE,W,F0175,医療機関0175,D0077,医師_D0077
OVE,W,F0157,医療機関0157,D0079,医師_D0079
OVE,W,F0288,医療機関0288,D0083,医師_D0083
OVE,W,F0288,医療機関0288,D0084,医師_D0084
OVE,W,F0051,医療機関0051,D0085,医師_D0085
OVE,W,F0241,医療機関0241,D0086,医師_D0086
OVE,W,F0179,医療機関0179,D0088,医師_D0088
OVE,W,F0134,医療機関0134,D0089,医師_D0089
OVE,W,F0299,医療機関0299,D0091,医師_D0091
OVE,W,F0239,医療機関0239,D0092,医師_D0092
OVE,W,F0280,医療機関0280,D0093,医師_D0093
OVE,W,F0028,医療機関0028,D0095,医師_D0095
OVE,W,F0077,医療機関0077,D0096,医師_D0096
OVE,W,F0217,医療機関0217,D0097,医師_D0097
OVE,W,F0178,医療機関0178,D0098,医師_D0098
OVE,W,F0016,医療機関0016,D0099,医師_D0099
OVE,W,F0029,医療機関0029,D0100,医師_D0100
OVE,W,F0185,医療機関0185,D0102,医師_D0102
OVE,W,F0051,医療機関0051,D0103,医師_D0103
OVE,W,F0170,医療機関0170,D0106,医師_D0106
OVE,W,F0003,医療機関0003,D0107,医師_D0107
OVE,W,F0172,医療機関0172,D0108,医師_D0108
OVE,W,F0143,医療機関0143,D0109,医師_D0109
OVE,W,F0140,医療機関0140,D0110,医師_D0110
OVE,W,F0204,医療機関0204,D0111,医師_D0111
OVE,W,F0157,医療機関0157,D0112,医師_D0112
OVE,W,F0219,医療機関0219,D0113,医師_D0113
OVE,W,F0230,医療機関0230,D0114,医師_D0114
OVE,W,F0277,医療機関0277,D0115,医師_D0115
OVE,W,F0240,医療機関0240,D0116,医師_D0116
OVE,W,F0148,医療機関0148,D0118,医師_D0118
OVE,W,F0071,医療機関0071,D0119,医師_D0119
OVE,W,F0180,医療機関0180,D0120,医師_D0120
OVE,W,F0042,医療機関0042,D0121,医師_D0121
OVE,W,F0280,医療機関0280,D0122,医師_D0122
OVE,W,F0236,医療機関0236,D0125,医師_D0125
OVE,W,F0036,医療機関0036,D0126,医師_D0126
OVE,W,F0027,医療機関0027,D0128,医師_D0128
OVE,W,F0147,医療機関0147,D0129,医師_D0129
OVE,W,F0198,医療機関0198,D0130,医師_D0130
OVE,W,F0219,医療機関0219,D0131,医師_D0131
OVE,W,F0126,医療機関0126,D0132,医師_D0132
OVE,W,F0277,医療機関0277,D0133,医師_D0133
OVE,W,F0233,医療機関0233,D0134,医師_D0134
OVE,W,F0202,医療機関0202,D0136,医師_D0136
OVE,W,F0220,医療機関0220,D0137,医師_D0137
OVE,W,F0246,医療機関0246,D0141,医師_D0141
OVE,W,F0191,医療機関0191,D0143,医師_D0143
OVE,W,F0082,医療機関0082,D0144,医師_D0144
OVE,W,F0239,医療機関0239,D0145,医師_D0145
OVE,W,F0110,医療機関0110,D0146,医師_D0146
OVE,W,F0160,医療機関0160,D0147,医師_D0147
OVE,W,F0094,医療機関0094,D0149,医師_D0149
OVE,W,F0048,医療機関0048,D0150,医師_D0150
OVE,W,F0026,医療機関0026,D0153,医師_D0153
OVE,W,F0281,医療機関0281,D0154,医師_D0154
OVE,W,F0167,医療機関0167,D0155,医師_D0155
OVE,W,F0132,医療機関0132,D0156,医師_D0156
OVE,W,F0222,医療機関0222,D0157,医師_D0157
OVE,W,F0039,医療機関0039,D0159,医師_D0159
OVE,W,F0219,医療機関0219,D0160,医師_D0160
OVE,W,F0053,医療機関0053,D0161,医師_D0161
OVE,W,F0166,医療機関0166,D0162,医師_D0162
OVE,W,F0109,医療機関0109,D0165,医師_D0165
OVE,W,F0235,医療機関0235,D0166,医師_D0166
OVE,W,F0144,医療機関0144,D0168,医師_D0168
OVE,W,F0296,医療機関0296,D0172,医師_D0172
OVE,W,F0002,医療機関0002,D0173,医師_D0173
OVE,W,F0216,医療機関0216,D0174,医師_D0174
OVE,W,F0286,医療機関0286,D0176,医師_D0176
OVE,W,F0128,医療機関0128,D0177,医師_D0177
OVE,W,F0082,医療機関0082,D0179,医師_D0179
OVE,W,F0256,医療機関0256,D0180,医師_D0180
OVE,W,F0264,医療機関0264,D0181,医師_D0181
OVE,W,F0192,医療機関0192,D0182,医師_D0182
OVE,W,F0037,医療機関0037,D0183,医師_D0183
OVE,W,F0037,医療機関0037,D0184,医師_D0184
OVE,W,F0144,医療機関0144,D0185,医師_D0185
OVE,W,F0177,医療機関0177,D0186,医師_D0186
OVE,W,F0010,医療機関0010,D0187,医師_D0187
OVE,W,F0206,医療機関0206,D0188,医師_D0188
OVE,W,F0164,医療機関0164,D0189,医師_D0189
OVE,W,F0004,医療機関0004,D0190,医師_D0190
OVE,W,F0029,医療機関0029,D0191,医師_D0191
OVE,W,F0137,医療機関0137,D0192,医師_D0192
OVE,W,F0217,医療機関0217,D0193,医師_D0193
OVE,W,F0248,医療機関0248,D0194,医師_D0194
OVE,W,F0130,医療機関0130,D0195,医師_D0195
OVE,W,F0138,医療機関0138,D0198,医師_D0198
OVE,W,F0091,医療機関0091,D0202,医師_D0202
OVE,W,F0155,医療機関0155,D0203,医師_D0203
OVE,W,F0276,医療機関0276,D0204,医師_D0204
OVE,W,F0164,医療機関0164,D0207,医師_D0207
OVE,W,F0118,医療機関0118,D0209,医師_D0209
OVE,W,F0300,医療機関0300,D0210,医師_D0210
OVE,W,F0014,医療機関0014,D0211,医師_D0211
OVE,W,F0206,医療機関0206,D0213,医師_D0213
OVE,W,F0086,医療機関0086,D0214,医師_D0214
OVE,W,F0234,医療機関0234,D0215,医師_D0215
OVE,W,F0252,医療機関0252,D0216,医師_D0216
OVE,W,F0013,医療機関0013,D0217,医師_D0217
OVE,W,F0032,医療機関0032,D0218,医師_D0218
OVE,W,F0200,医療機関0200,D0219,医師_D0219
OVE,W,F0300,医療機関0300,D0220,医師_D0220
OVE,W,F0008,医療機関0008,D0221,医師_D0221
OVE,W,F0200,医療機関0200,D0222,医師_D0222
OVE,W,F0041,医療機関0041,D0223,医師_D0223
OVE,W,F0196,医療機関0196,D0224,医師_D0224
OVE,W,F0187,医療機関0187,D0225,医師_D0225
OVE,W,F0028,医療機関0028,D0226,医師_D0226
OVE,W,F0260,医療機関0260,D0229,医師_D0229
OVE,W,F0009,医療機関0009,D0230,医師_D0230
OVE,W,F0074,医療機関0074,D0231,医師_D0231
OVE,W,F0073,医療機関0073,D0232,医師_D0232
OVE,W,F0043,医療機関0043,D0234,医師_D0234
OVE,W,F0257,医療機関0257,D0235,医師_D0235
OVE,W,F0274,医療機関0274,D0240,医師_D0240
OVE,W,F0087,医療機関0087,D0241,医師_D0241
OVE,W,F0197,医療機関0197,D0242,医師_D0242
OVE,W,F0273,医療機関0273,D0243,医師_D0243
OVE,W,F0011,医療機関0011,D0244,医師_D0244
OVE,W,F0002,医療機関0002,D0245,医師_D0245
OVE,W,F0047,医療機関0047,D0247,医師_D0247
OVE,W,F0016,医療機関0016,D0248,医師_D0248
OVE,W,F0246,医療機関0246,D0249,医師_D0249
OVE,W,F0182,医療機関0182,D0250,医師_D0250
OVE,W,F0295,医療機関0295,D0251,医師_D0251
OVE,W,F0241,医療機関0241,D0252,医師_D0252
OVE,W,F0072,医療機関0072,D0254,医師_D0254
OVE,W,F0255,医療機関0255,D0256,医師_D0256
OVE,W,F0074,医療機関0074,D0257,医師_D0257
OVE,W,F0018,医療機関0018,D0258,医師_D0258
OVE,W,F0201,医療機関0201,D0259,医師_D0259
OVE,W,F0241,医療機関0241,D0260,医師_D0260
OVE,W,F0279,医療機関0279,D0262,医師_D0262
OVE,W,F0037,医療機関0037,D0263,医師_D0263
OVE,W,F0232,医療機関0232,D0264,医師_D0264
OVE,W,F0254,医療機関0254,D0265,医師_D0265
OVE,W,F0210,医療機関0210,D0266,医師_D0266
OVE,W,F0246,医療機関0246,D0267,医師_D0267
OVE,W,F0252,医療機関0252,D0268,医師_D0268
OVE,W,F0134,医療機関0134,D0269,医師_D0269
OVE,W,F0137,医療機関0137,D0271,医師_D0271
OVE,W,F0035,医療機関0035,D0273,医師_D0273
OVE,W,F0210,医療機関0210,D0275,医師_D0275
OVE,W,F0152,医療機関0152,D0276,医師_D0276
OVE,W,F0162,医療機関0162,D0277,医師_D0277
OVE,W,F0224,医療機関0224,D0278,医師_D0278
OVE,W,F0190,医療機関0190,D0280,医師_D0280
OVE,W,F0256,医療機関0256,D0282,医師_D0282
OVE,W,F0244,医療機関0244,D0285,医師_D0285
OVE,W,F0221,医療機関0221,D0286,医師_D0286
OVE,W,F0016,医療機関0016,D0287,医師_D0287
OVE,W,F0058,医療機関0058,D0288,医師_D0288
OVE,W,F0005,医療機関0005,D0289,医師_D0289
OVE,W,F0082,医療機関0082,D0290,医師_D0290
OVE,W,F0030,医療機関0030,D0291,医師_D0291
OVE,W,F0213,医療機関0213,D0292,医師_D0292
OVE,W,F0157,医療機関0157,D0293,医師_D0293
OVE,W,F0184,医療機関0184,D0296,医師_D0296
OVE,W,F0153,医療機関0153,D0297,医師_D0297
OVE,W,F0017,医療機関0017,D0298,医師_D0298
OVE,W,F0022,医療機関0022,D0299,医師_D0299
OVE,W,F0002,医療機関0002,D0301,医師_D0301
OVE,W,F0066,医療機関0066,D0303,医師_D0303
OVE,W,F0266,医療機関0266,D0304,医師_D0304
OVE,W,F0138,医療機関0138,D0305,医師_D0305
OVE,W,F0213,医療機関0213,D0306,医師_D0306
OVE,W,F0124,医療機関0124,D0307,医師_D0307
OVE,W,F0052,医療機関0052,D0308,医師_D0308
OVE,W,F0028,医療機関0028,D0310,医師_D0310
OVE,W,F0232,医療機関0232,D0311,医師_D0311
OVE,W,F0113,医療機関0113,D0313,医師_D0313
OVE,W,F0163,医療機関0163,D0317,医師_D0317
OVE,W,F0236,医療機関0236,D0318,医師_D0318
OVE,W,F0077,医療機関0077,D0319,医師_D0319
OVE,W,F0191,医療機関0191,D0320,医師_D0320
OVE,W,F0262,医療機関0262,D0321,医師_D0321
OVE,W,F0172,医療機関0172,D0322,医師_D0322
OVE,W,F0134,医療機関0134,D0323,医師_D0323
OVE,W,F0044,医療機関0044,D0324,医師_D0324
OVE,W,F0075,医療機関0075,D0325,医師_D0325
OVE,W,F0284,医療機関0284,D0326,医師_D0326
OVE,W,F0163,医療機関0163,D0327,医師_D0327
OVE,W,F0091,医療機関0091,D0328,医師_D0328
OVE,W,F0174,医療機関0174,D0330,医師_D0330
OVE,W,F0162,医療機関0162,D0331,医師_D0331
OVE,W,F0210,医療機関0210,D0332,医師_D0332
OVE,W,F0195,医療機関0195,D0334,医師_D0334
OVE,W,F0133,医療機関0133,D0335,医師_D0335
OVE,W,F0048,医療機関0048,D0337,医師_D0337
OVE,W,F0045,医療機関0045,D0338,医師_D0338
OVE,W,F0153,医療機関0153,D0340,医師_D0340
OVE,W,F0208,医療機関0208,D0341,医師_D0341
OVE,W,F0122,医療機関0122,D0342,医師_D0342
OVE,W,F0039,医療機関0039,D0345,医師_D0345
OVE,W,F0036,医療機関0036,D0346,医師_D0346
OVE,W,F0293,医療機関0293,D0347,医師_D0347
OVE,W,F0285,医療機関0285,D0349,医師_D0349
OVE,W,F0084,医療機関0084,D0350,医師_D0350
OVE,W,F0029,医療機関0029,D0351,医師_D0351
OVE,W,F0092,医療機関0092,D0352,医師_D0352
OVE,W,F0185,医療機関0185,D0353,医師_D0353
OVE,W,F0236,医療機関0236,D0355,医師_D0355
OVE,W,F0184,医療機関0184,D0356,医師_D0356
OVE,W,F0292,医療機関0292,D0359,医師_D0359
OVE,W,F0124,医療機関0124,D0360,医師_D0360
OVE,W,F0047,医療機関0047,D0361,医師_D0361
OVE,W,F0123,医療機関0123,D0362,医師_D0362
OVE,W,F0253,医療機関0253,D0363,医師_D0363
OVE,W,F0066,医療機関0066,D0364,医師_D0364
OVE,W,F0285,医療機関0285,D0365,医師_D0365
OVE,W,F0181,医療機関0181,D0367,医師_D0367
OVE,W,F0277,医療機関0277,D0369,医師_D0369
OVE,W,F0011,医療機関0011,D0370,医師_D0370
OVE,W,F0090,医療機関0090,D0371,医師_D0371
OVE,W,F0144,医療機関0144,D0373,医師_D0373
OVE,W,F0143,医療機関0143,D0374,医師_D0374
OVE,W,F0045,医療機関0045,D0375,医師_D0375
OVE,W,F0068,医療機関0068,D0376,医師_D0376
OVE,W,F0029,医療機関0029,D0377,医師_D0377
OVE,W,F0172,医療機関0172,D0378,医師_D0378
OVE,W,F0106,医療機関0106,D0379,医師_D0379
OVE,W,F0170,医療機関0170,D0380,医師_D0380
OVE,W,F0211,医療機関0211,D0382,医師_D0382
OVE,W,F0165,医療機関0165,D0383,医師_D0383
OVE,W,F0195,医療機関0195,D0384,医師_D0384
OVE,W,F0177,医療機関0177,D0385,医師_D0385
OVE,W,F0196,医療機関0196,D0386,医師_D0386
OVE,W,F0185,医療機関0185,D0387,医師_D0387
OVE,W,F0074,医療機関0074,D0389,医師_D0389
OVE,W,F0165,医療機関0165,D0392,医師_D0392
OVE,W,F0060,医療機関0060,D0393,医師_D0393
OVE,W,F0130,医療機関0130,D0394,医師_D0394
OVE,W,F0159,医療機関0159,D0395,医師_D0395
OVE,W,F0188,医療機関0188,D0396,医師_D0396
OVE,W,F0158,医療機関0158,D0397,医師_D0397
OVE,W,F0109,医療機関0109,D0398,医師_D0398
OVE,W,F0289,医療機関0289,D0399,医師_D0399
OVE,W,F0154,医療機関0154,D0400,医師_D0400
OVE,W,F0243,医療機関0243,D0401,医師_D0401
OVE,W,F0222,医療機関0222,D0402,医師_D0402
OVE,W,F0168,医療機関0168,D0403,医師_D0403
OVE,W,F0266,医療機関0266,D0404,医師_D0404
OVE,W,F0277,医療機関0277,D0406,医師_D0406
OVE,W,F0152,医療機関0152,D0408,医師_D0408
OVE,W,F0221,医療機関0221,D0409,医師_D0409
OVE,W,F0157,医療機関0157,D0410,医師_D0410
OVE,W,F0240,医療機関0240,D0412,医師_D0412
OVE,W,F0074,医療機関0074,D0413,医師_D0413
OVE,W,F0116,医療機関0116,D0417,医師_D0417
OVE,W,F0013,医療機関0013,D0419,医師_D0419
OVE,W,F0035,医療機関0035,D0420,医師_D0420
OVE,W,F0017,医療機関0017,D0421,医師_D0421
OVE,W,F0022,医療機関0022,D0422,医師_D0422
OVE,W,F0261,医療機関0261,D0423,医師_D0423
OVE,W,F0253,医療機関0253,D0424,医師_D0424
OVE,W,F0247,医療機関0247,D0425,医師_D0425
OVE,W,F0017,医療機関0017,D0426,医師_D0426
OVE,W,F0024,医療機関0024,D0427,医師_D0427
OVE,W,F0170,医療機関0170,D0429,医師_D0429
OVE,W,F0101,医療機関0101,D0430,医師_D0430
OVE,W,F0147,医療機関0147,D0431,医師_D0431
OVE,W,F0052,医療機関0052,D0432,医師_D0432
OVE,W,F0095,医療機関0095,D0434,医師_D0434
OVE,W,F0271,医療機関0271,D0437,医師_D0437
OVE,W,F0249,医療機関0249,D0440,医師_D0440
OVE,W,F0212,医療機関0212,D0441,医師_D0441
OVE,W,F0125,医療機関0125,D0443,医師_D0443
OVE,W,F0112,医療機関0112,D0444,医師_D0444
OVE,W,F0213,医療機関0213,D0445,医師_D0445
OVE,W,F0047,医療機関0047,D0446,医師_D0446
OVE,W,F0072,医療機関0072,D0447,医師_D0447
OVE,W,F0181,医療機関0181,D0448,医師_D0448
OVE,W,F0023,医療機関0023,D0455,医師_D0455
OVE,W,F0135,医療機関0135,D0457,医師_D0457
OVE,W,F0232,医療機関0232,D0458,医師_D0458
OVE,W,F0128,医療機関0128,D0459,医師_D0459
OVE,W,F0094,医療機関0094,D0460,医師_D0460
OVE,W,F0232,医療機関0232,D0461,医師_D0461
OVE,W,F0207,医療機関0207,D0462,医師_D0462
OVE,W,F0212,医療機関0212,D0464,医師_D0464
OVE,W,F0226,医療機関0226,D0465,医師_D0465
OVE,W,F0278,医療機関0278,D0467,医師_D0467
OVE,W,F0193,医療機関0193,D0468,医師_D0468
OVE,W,F0101,医療機関0101,D0469,医師_D0469
OVE,W,F0004,医療機関0004,D0470,医師_D0470
OVE,W,F0203,医療機関0203,D0471,医師_D0471
OVE,W,F0063,医療機関0063,D0472,医師_D0472
OVE,W,F0227,医療機関0227,D0473,医師_D0473
OVE,W,F0141,医療機関0141,D0475,医師_D0475
OVE,W,F0050,医療機関0050,D0476,医師_D0476
OVE,W,F0050,医療機関0050,D0478,医師_D0478
OVE,W,F0251,医療機関0251,D0480,医師_D0480
OVE,W,F0277,医療機関0277,D0481,医師_D0481
OVE,W,F0297,医療機関0297,D0482,医師_D0482
OVE,W,F0288,医療機関0288,D0483,医師_D0483
OVE,W,F0061,医療機関0061,D0485,医師_D0485
OVE,W,F0252,医療機関0252,D0486,医師_D0486
OVE,W,F0241,医療機関0241,D0487,医師_D0487
OVE,W,F0298,医療機関0298,D0488,医師_D0488
OVE,W,F0196,医療機関0196,D0489,医師_D0489
OVE,W,F0043,医療機関0043,D0490,医師_D0490
OVE,W,F0151,医療機関0151,D0491,医師_D0491
OVE,W,F0135,医療機関0135,D0492,医師_D0492
OVE,W,F0253,医療機関0253,D0493,医師_D0493
OVE,W,F0118,医療機関0118,D0494,医師_D0494
OVE,W,F0099,医療機関0099,D0495,医師_D0495
OVE,W,F0025,医療機関0025,D0496,医師_D0496
OVE,W,F0227,医療機関0227,D0498,医師_D0498
OVE,W,F0013,医療機関0013,D0499,医師_D0499
OVE,W,F0131,医療機関0131,D0500,医師_D0500
OVE,W,F0144,医療機関0144,D0501,医師_D0501
OVE,W,F0141,医療機関0141,D0502,医師_D0502
OVE,W,F0276,医療機関0276,D0503,医師_D0503
OVE,W,F0046,医療機関0046,D0504,医師_D0504
OVE,W,F0055,医療機関0055,D0506,医師_D0506
OVE,W,F0074,医療機関0074,D0507,医師_D0507
OVE,W,F0273,医療機関0273,D0508,医師_D0508
OVE,W,F0283,医療機関0283,D0509,医師_D0509
OVE,W,F0014,医療機関0014,D0510,医師_D0510
OVE,W,F0190,医療機関0190,D0511,医師_D0511
OVE,W,F0070,医療機関0070,D0512,医師_D0512
OVE,W,F0058,医療機関0058,D0513,医師_D0513
OVE,W,F0088,医療機関0088,D0514,医師_D0514
OVE,W,F0059,医療機関0059,D0515,医師_D0515
OVE,W,F0148,医療機関0148,D0516,医師_D0516
OVE,W,F0176,医療機関0176,D0518,医師_D0518
OVE,W,F0074,医療機関0074,D0524,医師_D0524
OVE,W,F0253,医療機関0253,D0525,医師_D0525
OVE,W,F0254,医療機関0254,D0526,医師_D0526
OVE,W,F0257,医療機関0257,D0527,医師_D0527
OVE,W,F0167,医療機関0167,D0529,医師_D0529
OVE,W,F0202,医療機関0202,D0532,医師_D0532
OVE,W,F0239,医療機関0239,D0533,医師_D0533
OVE,W,F0229,医療機関0229,D0534,医師_D0534
OVE,W,F0185,医療機関0185,D0535,医師_D0535
OVE,W,F0018,医療機関0018,D0536,医師_D0536
OVE,W,F0218,医療機関0218,D0537,医師_D0537
OVE,W,F0110,医療機関0110,D0538,医師_D0538
OVE,W,F0224,医療機関0224,D0539,医師_D0539
OVE,W,F0162,医療機関0162,D0540,医師_D0540
OVE,W,F0265,医療機関0265,D0541,医師_D0541
OVE,W,F0102,医療機関0102,D0542,医師_D0542
OVE,W,F0280,医療機関0280,D0543,医師_D0543
OVE,W,F0100,医療機関0100,D0545,医師_D0545
OVE,W,F0145,医療機関0145,D0546,医師_D0546
OVE,W,F0160,医療機関0160,D0547,医師_D0547
OVE,W,F0207,医療機関0207,D0549,医師_D0549
OVE,W,F0152,医療機関0152,D0552,医師_D0552
OVE,W,F0092,医療機関0092,D0555,医師_D0555
OVE,W,F0037,医療機関0037,D0557,医師_D0557
OVE,W,F0256,医療機関0256,D0558,医師_D0558
OVE,W,F0116,医療機関0116,D0559,医師_D0559
OVE,W,F0103,医療機関0103,D0560,医師_D0560
OVE,W,F0175,医療機関0175,D0561,医師_D0561
OVE,W,F0150,医療機関0150,D0562,医師_D0562
OVE,W,F0255,医療機関0255,D0563,医師_D0563
OVE,W,F0156,医療機関0156,D0565,医師_D0565
OVE,W,F0032,医療機関0032,D0566,医師_D0566
OVE,W,F0007,医療機関0007,D0567,医師_D0567
OVE,W,F0120,医療機関0120,D0568,医師_D0568
OVE,W,F0300,医療機関0300,D0569,医師_D0569
OVE,W,F0190,医療機関0190,D0572,医師_D0572
OVE,W,F0118,医療機関0118,D0573,医師_D0573
OVE,W,F0054,医療機関0054,D0574,医師_D0574
OVE,W,F0003,医療機関0003,D0575,医師_D0575
OVE,W,F0102,医療機関0102,D0576,医師_D0576
OVE,W,F0095,医療機関0095,D0577,医師_D0577
OVE,W,F0058,医療機関0058,D0578,医師_D0578
OVE,W,F0078,医療機関0078,D0579,医師_D0579
OVE,W,F0008,医療機関0008,D0580,医師_D0580
OVE,W,F0183,医療機関0183,D0581,医師_D0581
OVE,W,F0279,医療機関0279,D0582,医師_D0582
OVE,W,F0135,医療機関0135,D0584,医師_D0584
OVE,W,F0127,医療機関0127,D0585,医師_D0585
OVE,W,F0093,医療機関0093,D0586,医師_D0586
OVE,W,F0043,医療機関0043,D0587,医師_D0587
OVE,W,F0180,医療機関0180,D0588,医師_D0588
OVE,W,F0084,医療機関0084,D0592,医師_D0592
OVE,W,F0052,医療機関0052,D0593,医師_D0593
OVE,W,F0191,医療機関0191,D0596,医師_D0596
OVE,W,F0215,医療機関0215,D0597,医師_D0597
OVE,W,F0295,医療機関0295,D0598,医師_D0598
OVE,W,F0241,医療機関0241,D0599,医師_D0599
OVE,W,F0187,医療機関0187,D0600,医師_D0600
REV,R,F0241,医療機関0241,D2302,医師_D2302
REV,R,F0186,医療機関0186,D2304,医師_D2304
REV,R,F0188,医療機関0188,D2307,医師_D2307
REV,R,F0039,医療機関0039,D2309,医師_D2309
REV,R,F0028,医療機関0028,D2312,医師_D2312
REV,R,F0187,医療機関0187,D2317,医師_D2317
REV,R,F0255,医療機関0255,D2319,医師_D2319
REV,R,F0114,医療機関0114,D2320,医師_D2320
REV,R,F0053,医療機関0053,D2331,医師_D2331
REV,R,F0049,医療機関0049,D2333,医師_D2333
REV,R,F0131,医療機関0131,D2334,医師_D2334
REV,R,F0069,医療機関0069,D2336,医師_D2336
REV,R,F0271,医療機関0271,D2339,医師_D2339
REV,R,F0282,医療機関0282,D2342,医師_D2342
REV,R,F0229,医療機関0229,D2343,医師_D2343
REV,R,F0057,医療機関0057,D2344,医師_D2344
REV,R,F0177,医療機関0177,D2347,医師_D2347
REV,R,F0030,医療機関0030,D2357,医師_D2357
REV,R,F0144,医療機関0144,D2360,医師_D2360
REV,R,F0127,医療機関0127,D2362,医師_D2362
REV,R,F0221,医療機関0221,D2365,医師_D2365
REV,R,F0069,医療機関0069,D2368,医師_D2368
REV,R,F0180,医療機関0180,D2373,医師_D2373
REV,R,F0085,医療機関0085,D2379,医師_D2379
REV,R,F0216,医療機関0216,D2381,医師_D2381
REV,R,F0241,医療機関0241,D2383,医師_D2383
REV,R,F0058,医療機関0058,D2393,医師_D2393
REV,R,F0131,医療機関0131,D2399,医師_D2399
REV,R,F0111,医療機関0111,D2411,医師_D2411
REV,R,F0138,医療機関0138,D2416,医師_D2416
REV,R,F0160,医療機関0160,D2417,医師_D2417
REV,R,F0224,医療機関0224,D2420,医師_D2420
REV,R,F0060,医療機関0060,D2424,医師_D2424
REV,R,F0189,医療機関0189,D2426,医師_D2426
REV,R,F0225,医療機関0225,D2428,医師_D2428
REV,R,F0068,医療機関0068,D2429,医師_D2429
REV,R,F0220,医療機関0220,D2431,医師_D2431
REV,R,F0034,医療機関0034,D2434,医師_D2434
REV,R,F0085,医療機関0085,D2439,医師_D2439
REV,R,F0159,医療機関0159,D2444,医師_D2444
REV,R,F0213,医療機関0213,D2450,医師_D2450
REV,R,F0075,医療機関0075,D2461,医師_D2461
REV,R,F0249,医療機関0249,D2467,医師_D2467
REV,R,F0212,医療機関0212,D2468,医師_D2468
REV,R,F0175,医療機関0175,D2475,医師_D2475
REV,R,F0062,医療機関0062,D2479,医師_D2479
REV,R,F0109,医療機関0109,D2486,医師_D2486
REV,R,F0226,医療機関0226,D2496,医師_D2496
REV,R,F0095,医療機関0095,D2498,医師_D2498
REV,R,F0110,医療機関0110,D2501,医師_D2501
REV,R,F0091,医療機関0091,D2506,医師_D2506
REV,R,F0271,医療機関0271,D2509,医師_D2509
REV,R,F0071,医療機関0071,D2510,医師_D2510
REV,R,F0280,医療機関0280,D2514,医師_D2514
REV,R,F0110,医療機関0110,D2515,医師_D2515
REV,R,F0189,医療機関0189,D2517,医師_D2517
REV,R,F0193,医療機関0193,D2518,医師_D2518
REV,R,F0261,医療機関0261,D2520,医師_D2520
REV,R,F0142,医療機関0142,D2523,医師_D2523
REV,R,F0250,医療機関0250,D2527,医師_D2527
REV,R,F0229,医療機関0229,D2533,医師_D2533
REV,R,F0005,医療機関0005,D2536,医師_D2536
REV,R,F0175,医療機関0175,D2537,医師_D2537
REV,R,F0141,医療機関0141,D2539,医師_D2539
REV,R,F0149,医療機関0149,D2540,医師_D2540
REV,R,F0123,医療機関0123,D2542,医師_D2542
REV,R,F0033,医療機関0033,D2550,医師_D2550
REV,R,F0068,医療機関0068,D2552,医師_D2552
REV,R,F0060,医療機関0060,D2553,医師_D2553
REV,R,F0255,医療機関0255,D2556,医師_D2556
REV,R,F0267,医療機関0267,D2562,医師_D2562
REV,R,F0081,医療機関0081,D2568,医師_D2568
REV,R,F0051,医療機関0051,D2580,医師_D2580
REV,R,F0059,医療機関0059,D2582,医師_D2582
REV,R,F0018,医療機関0018,D2589,医師_D2589
REV,R,F0001,医療機関0001,D2591,医師_D2591
REV,R,F0202,医療機関0202,D2593,医師_D2593
REV,R,F0053,医療機関0053,D2596,医師_D2596
REV,R,F0244,医療機関0244,D2598,医師_D2598
REV,R,F0231,医療機関0231,D2603,医師_D2603
REV,R,F0300,医療機関0300,D2607,医師_D2607
REV,R,F0002,医療機関0002,D2617,医師_D2617
REV,R,F0129,医療機関0129,D2618,医師_D2618
REV,R,F0063,医療機関0063,D2641,医師_D2641
REV,R,F0156,医療機関0156,D2644,医師_D2644
REV,R,F0027,医療機関0027,D2648,医師_D2648
REV,R,F0119,医療機関0119,D2650,医師_D2650
REV,R,F0047,医療機関0047,D2653,医師_D2653
REV,R,F0112,医療機関0112,D2654,医師_D2654
REV,R,F0057,医療機関0057,D2656,医師_D2656
REV,R,F0052,医療機関0052,D2657,医師_D2657
REV,R,F0059,医療機関0059,D2658,医師_D2658
REV,R,F0170,医療機関0170,D2659,医師_D2659
REV,R,F0131,医療機関0131,D2661,医師_D2661
REV,R,F0259,医療機関0259,D2664,医師_D2664
REV,R,F0158,医療機関0158,D2665,医師_D2665
REV,R,F0193,医療機関0193,D2666,医師_D2666
REV,R,F0222,医療機関0222,D2667,医師_D2667
REV,R,F0041,医療機関0041,D2669,医師_D2669
REV,R,F0278,医療機関0278,D2676,医師_D2676
REV,R,F0291,医療機関0291,D2683,医師_D2683
REV,R,F0125,医療機関0125,D2685,医師_D2685
REV,R,F0141,医療機関0141,D2686,医師_D2686
REV,R,F0040,医療機関0040,D2687,医師_D2687
REV,R,F0053,医療機関0053,D2689,医師_D2689
REV,R,F0056,医療機関0056,D2690,医師_D2690
REV,R,F0064,医療機関0064,D2697,医師_D2697
REV,R,F0241,医療機関0241,D2700,医師_D2700
REV,R,F0036,医療機関0036,D2705,医師_D2705
REV,R,F0255,医療機関0255,D2716,医師_D2716
REV,R,F0261,医療機関0261,D2740,医師_D2740
REV,R,F0181,医療機関0181,D2747,医師_D2747
REV,R,F0039,医療機関0039,D2748,医師_D2748
REV,R,F0032,医療機関0032,D2753,医師_D2753
REV,R,F0057,医療機関0057,D2759,医師_D2759
REV,R,F0087,医療機関0087,D2768,医師_D2768
REV,R,F0237,医療機関0237,D2782,医師_D2782
REV,R,F0289,医療機関0289,D2783,医師_D2783
REV,R,F0221,医療機関0221,D2788,医師_D2788
REV,R,F0087,医療機関0087,D2789,医師_D2789
REV,R,F0204,医療機関0204,D2790,医師_D2790
REV,R,F0076,医療機関0076,D2791,医師_D2791
REV,R,F0157,医療機関0157,D2792,医師_D2792
REV,R,F0102,医療機関0102,D2795,医師_D2795
REV,R,F0289,医療機関0289,D2798,医師_D2798
REV,R,F0003,医療機関0003,D2799,医師_D2799
REV,R,F0217,医療機関0217,D2800,医師_D2800
REV,R,F0192,医療機関0192,D2808,医師_D2808
REV,R,F0143,医療機関0143,D2810,医師_D2810
REV,R,F0029,医療機関0029,D2814,医師_D2814
REV,R,F0086,医療機関0086,D2820,医師_D2820
REV,R,F0145,医療機関0145,D2827,医師_D2827
REV,R,F0232,医療機関0232,D2832,医師_D2832
REV,R,F0089,医療機関0089,D2837,医師_D2837
REV,R,F0008,医療機関0008,D2842,医師_D2842
REV,R,F0097,医療機関0097,D2847,医師_D2847
REV,R,F0182,医療機関0182,D2849,医師_D2849
REV,R,F0149,医療機関0149,D2850,医師_D2850
REV,R,F0017,医療機関0017,D2852,医師_D2852
REV,R,F0261,医療機関0261,D2863,医師_D2863
REV,R,F0016,医療機関0016,D2864,医師_D2864
REV,R,F0224,医療機関0224,D2872,医師_D2872
REV,R,F0221,医療機関0221,D2873,医師_D2873
REV,R,F0266,医療機関0266,D2874,医師_D2874
REV,R,F0165,医療機関0165,D2877,医師_D2877
REV,R,F0160,医療機関0160,D2878,医師_D2878
REV,R,F0240,医療機関0240,D2881,医師_D2881
REV,R,F0103,医療機関0103,D2887,医師_D2887
REV,R,F0288,医療機関0288,D2888,医師_D2888
REV,R,F0224,医療機関0224,D2894,医師_D2894
REV,R,F0037,医療機関0037,D2899,医師_D2899
REV,R,F0252,医療機関0252,D2907,医師_D2907
REV,R,F0079,医療機関0079,D2915,医師_D2915
REV,R,F0088,医療機関0088,D2925,医師_D2925
REV,R,F0040,医療機関0040,D2927,医師_D2927
REV,R,F0037,医療機関0037,D2930,医師_D2930
REV,R,F0022,医療機関0022,D2932,医師_D2932
REV,R,F0023,医療機関0023,D2936,医師_D2936
REV,R,F0249,医療機関0249,D2940,医師_D2940
REV,R,F0026,医療機関0026,D2943,医師_D2943
REV,R,F0190,医療機関0190,D2946,医師_D2946
REV,R,F0265,医療機関0265,D2948,医師_D2948
REV,R,F0192,医療機関0192,D2950,医師_D2950
REV,R,F0214,医療機関0214,D2954,医師_D2954
REV,R,F0135,医療機関0135,D2956,医師_D2956
REV,R,F0051,医療機関0051,D2959,医師_D2959
REV,R,F0141,医療機関0141,D2960,医師_D2960
REV,R,F0227,医療機関0227,D2969,医師_D2969
REV,R,F0074,医療機関0074,D2970,医師_D2970
REV,R,F0207,医療機関0207,D2973,医師_D2973
REV,R,F0206,医療機関0206,D2976,医師_D2976
REV,R,F0296,医療機関0296,D2993,医師_D2993
REV,R,F0184,医療機関0184,D3002,医師_D3002
REV,R,F0278,医療機関0278,D3005,医師_D3005
REV,R,F0041,医療機関0041,D3006,医師_D3006
REV,R,F0203,医療機関0203,D3010,医師_D3010
REV,R,F0168,医療機関0168,D3011,医師_D3011
REV,R,F0183,医療機関0183,D3013,医師_D3013
REV,R,F0226,医療機関0226,D3015,医師_D3015
REV,R,F0016,医療機関0016,D3017,医師_D3017
REV,R,F0123,医療機関0123,D3018,医師_D3018
REV,R,F0133,医療機関0133,D3024,医師_D3024
REV,R,F0250,医療機関0250,D3025,医師_D3025
REV,R,F0164,医療機関0164,D3032,医師_D3032
REV,R,F0289,医療機関0289,D3035,医師_D3035
REV,R,F0150,医療機関0150,D3038,医師_D3038
REV,R,F0300,医療機関0300,D3049,医師_D3049
REV,R,F0168,医療機関0168,D3061,医師_D3061
REV,R,F0141,医療機関0141,D3062,医師_D3062
REV,R,F0289,医療機関0289,D3064,医師_D3064
REV,R,F0136,医療機関0136,D3066,医師_D3066
REV,R,F0044,医療機関0044,D3071,医師_D3071
REV,R,F0177,医療機関0177,D3073,医師_D3073
REV,R,F0001,医療機関0001,D3074,医師_D3074
REV,R,F0194,医療機関0194,D3075,医師_D3075
REV,R,F0162,医療機関0162,D3079,医師_D3079
REV,R,F0213,医療機関0213,D3081,医師_D3081
REV,R,F0010,医療機関0010,D3082,医師_D3082
REV,R,F0047,医療機関0047,D3086,医師_D3086
REV,R,F0032,医療機関0032,D3087,医師_D3087
REV,R,F0188,医療機関0188,D3092,医師_D3092
REV,R,F0119,医療機関0119,D3095,医師_D3095
REV,R,F0124,医療機関0124,D3098,医師_D3098
REV,R,F0228,医療機関0228,D3100,医師_D3100
REV,R,F0046,医療機関0046,D3101,医師_D3101
REV,R,F0075,医療機関0075,D3103,医師_D3103
REV,R,F0151,医療機関0151,D3106,医師_D3106
REV,R,F0047,医療機関0047,D3107,医師_D3107
REV,R,F0105,医療機関0105,D3117,医師_D3117
REV,R,F0175,医療機関0175,D3122,医師_D3122
REV,R,F0121,医療機関0121,D3133,医師_D3133
REV,R,F0280,医療機関0280,D3134,医師_D3134
REV,R,F0159,医療機関0159,D3138,医師_D3138
REV,R,F0201,医療機関0201,D3139,医師_D3139
REV,R,F0091,医療機関0091,D3142,医師_D3142
REV,R,F0132,医療機関0132,D3144,医師_D3144
REV,R,F0135,医療機関0135,D3147,医師_D3147
REV,R,F0276,医療機関0276,D3149,医師_D3149
REV,R,F0175,医療機関0175,D3151,医師_D3151
REV,R,F0240,医療機関0240,D3152,医師_D3152
REV,R,F0192,医療機関0192,D3157,医師_D3157
REV,R,F0165,医療機関0165,D3158,医師_D3158
REV,R,F0053,医療機関0053,D3161,医師_D3161
REV,R,F0173,医療機関0173,D3163,医師_D3163
REV,R,F0101,医療機関0101,D3170,医師_D3170
REV,R,F0130,医療機関0130,D3175,医師_D3175
REV,R,F0134,医療機関0134,D3180,医師_D3180
REV,R,F0017,医療機関0017,D3181,医師_D3181
REV,R,F0228,医療機関0228,D3184,医師_D3184
REV,R,F0167,医療機関0167,D3186,医師_D3186
REV,R,F0077,医療機関0077,D3193,医師_D3193
REV,R,F0268,医療機関0268,D3195,医師_D3195
REV,R,F0083,医療機関0083,D3196,医師_D3196
REV,W,F0153,医療機関0153,D2301,医師_D2301
REV,W,F0259,医療機関0259,D2303,医師_D2303
REV,W,F0196,医療機関0196,D2305,医師_D2305
REV,W,F0260,医療機関0260,D2306,医師_D2306
REV,W,F0285,医療機関0285,D2308,医師_D2308
REV,W,F0105,医療機関0105,D2310,医師_D2310
REV,W,F0034,医療機関0034,D2311,医師_D2311
REV,W,F0142,医療機関0142,D2313,医師_D2313
REV,W,F0068,医療機関0068,D2314,医師_D2314
REV,W,F0123,医療機関0123,D2315,医師_D2315
REV,W,F0132,医療機関0132,D2316,医師_D2316
REV,W,F0284,医療機関0284,D2318,医師_D2318
REV,W,F0098,医療機関0098,D2321,医師_D2321
REV,W,F0232,医療機関0232,D2322,医師_D2322
REV,W,F0038,医療機関0038,D2323,医師_D2323
REV,W,F0163,医療機関0163,D2324,医師_D2324
REV,W,F0127,医療機関0127,D2325,医師_D2325
REV,W,F0055,医療機関0055,D2326,医師_D2326
REV,W,F0185,医療機関0185,D2327,医師_D2327
REV,W,F0097,医療機関0097,D2328,医師_D2328
REV,W,F0056,医療機関0056,D2329,医師_D2329
REV,W,F0196,医療機関0196,D2330,医師_D2330
REV,W,F0202,医療機関0202,D2332,医師_D2332
REV,W,F0243,医療機関0243,D2335,医師_D2335
REV,W,F0231,医療機関0231,D2337,医師_D2337
REV,W,F0217,医療機関0217,D2338,医師_D2338
REV,W,F0051,医療機関0051,D2340,医師_D2340
REV,W,F0215,医療機関0215,D2341,医師_D2341
REV,W,F0247,医療機関0247,D2345,医師_D2345
REV,W,F0033,医療機関0033,D2346,医師_D2346
REV,W,F0150,医療機関0150,D2348,医師_D2348
REV,W,F0160,医療機関0160,D2349,医師_D2349
REV,W,F0156,医療機関0156,D2350,医師_D2350
REV,W,F0010,医療機関0010,D2351,医師_D2351
REV,W,F0153,医療機関0153,D2352,医師_D2352
REV,W,F0282,医療機関0282,D2353,医師_D2353
REV,W,F0132,医療機関0132,D2354,医師_D2354
REV,W,F0084,医療機関0084,D2355,医師_D2355
REV,W,F0299,医療機関0299,D2356,医師_D2356
REV,W,F0146,医療機関0146,D2358,医師_D2358
REV,W,F0154,医療機関0154,D2359,医師_D2359
REV,W,F0277,医療機関0277,D2361,医師_D2361
REV,W,F0292,医療機関0292,D2363,医師_D2363
REV,W,F0021,医療機関0021,D2364,医師_D2364
REV,W,F0178,医療機関0178,D2366,医師_D2366
REV,W,F0073,医療機関0073,D2367,医師_D2367
REV,W,F0216,医療機関0216,D2369,医師_D2369
REV,W,F0192,医療機関0192,D2370,医師_D2370
REV,W,F0184,医療機関0184,D2371,医師_D2371
REV,W,F0016,医療機関0016,D2372,医師_D2372
REV,W,F0295,医療機関0295,D2374,医師_D2374
REV,W,F0006,医療機関0006,D2375,医師_D2375
REV,W,F0141,医療機関0141,D2376,医師_D2376
REV,W,F0149,医療機関0149,D2377,医師_D2377
REV,W,F0270,医療機関0270,D2378,医師_D2378
REV,W,F0143,医療機関0143,D2380,医師_D2380
REV,W,F0019,医療機関0019,D2382,医師_D2382
REV,W,F0247,医療機関0247,D2384,医師_D2384
REV,W,F0216,医療機関0216,D2385,医師_D2385
REV,W,F0195,医療機関0195,D2386,医師_D2386
REV,W,F0225,医療機関0225,D2387,医師_D2387
REV,W,F0235,医療機関0235,D2388,医師_D2388
REV,W,F0272,医療機関0272,D2389,医師_D2389
REV,W,F0129,医療機関0129,D2390,医師_D2390
REV,W,F0137,医療機関0137,D2391,医師_D2391
REV,W,F0192,医療機関0192,D2392,医師_D2392
REV,W,F0257,医療機関0257,D2394,医師_D2394
REV,W,F0232,医療機関0232,D2395,医師_D2395
REV,W,F0190,医療機関0190,D2396,医師_D2396
REV,W,F0091,医療機関0091,D2397,医師_D2397
REV,W,F0105,医療機関0105,D2398,医師_D2398
REV,W,F0199,医療機関0199,D2400,医師_D2400
REV,W,F0234,医療機関0234,D2401,医師_D2401
REV,W,F0202,医療機関0202,D2402,医師_D2402
REV,W,F0279,医療機関0279,D2403,医師_D2403
REV,W,F0289,医療機関0289,D2404,医師_D2404
REV,W,F0212,医療機関0212,D2405,医師_D2405
REV,W,F0112,医療機関0112,D2406,医師_D2406
REV,W,F0180,医療機関0180,D2407,医師_D2407
REV,W,F0128,医療機関0128,D2408,医師_D2408
REV,W,F0189,医療機関0189,D2409,医師_D2409
REV,W,F0244,医療機関0244,D2410,医師_D2410
REV,W,F0152,医療機関0152,D2412,医師_D2412
REV,W,F0014,医療機関0014,D2413,医師_D2413
REV,W,F0221,医療機関0221,D2414,医師_D2414
REV,W,F0147,医療機関0147,D2415,医師_D2415
REV,W,F0065,医療機関0065,D2418,医師_D2418
REV,W,F0180,医療機関0180,D2419,医師_D2419
REV,W,F0105,医療機関0105,D2421,医師_D2421
REV,W,F0040,医療機関0040,D2422,医師_D2422
REV,W,F0117,医療機関0117,D2423,医師_D2423
REV,W,F0113,医療機関0113,D2425,医師_D2425
REV,W,F0035,医療機関0035,D2427,医師_D2427
REV,W,F0269,医療機関0269,D2430,医師_D2430
REV,W,F0082,医療機関0082,D2432,医師_D2432
REV,W,F0169,医療機関0169,D2433,医師_D2433
REV,W,F0030,医療機関0030,D2435,医師_D2435
REV,W,F0287,医療機関0287,D2436,医師_D2436
REV,W,F0241,医療機関0241,D2437,医師_D2437
REV,W,F0047,医療機関0047,D2438,医師_D2438
REV,W,F0060,医療機関0060,D2440,医師_D2440
REV,W,F0119,医療機関0119,D2441,医師_D2441
REV,W,F0088,医療機関0088,D2442,医師_D2442
REV,W,F0099,医療機関0099,D2443,医師_D2443
REV,W,F0057,医療機関0057,D2445,医師_D2445
REV,W,F0265,医療機関0265,D2446,医師_D2446
REV,W,F0219,医療機関0219,D2447,医師_D2447
REV,W,F0229,医療機関0229,D2448,医師_D2448
REV,W,F0051,医療機関0051,D2449,医師_D2449
REV,W,F0251,医療機関0251,D2451,医師_D2451
REV,W,F0053,医療機関0053,D2452,医師_D2452
REV,W,F0226,医療機関0226,D2453,医師_D2453
REV,W,F0108,医療機関0108,D2454,医師_D2454
REV,W,F0237,医療機関0237,D2455,医師_D2455
REV,W,F0144,医療機関0144,D2456,医師_D2456
REV,W,F0241,医療機関0241,D2457,医師_D2457
REV,W,F0045,医療機関0045,D2458,医師_D2458
REV,W,F0117,医療機関0117,D2459,医師_D2459
REV,W,F0083,医療機関0083,D2460,医師_D2460
REV,W,F0093,医療機関0093,D2462,医師_D2462
REV,W,F0115,医療機関0115,D2463,医師_D2463
REV,W,F0039,医療機関0039,D2464,医師_D2464
REV,W,F0213,医療機関0213,D2465,医師_D2465
REV,W,F0166,医療機関0166,D2466,医師_D2466
REV,W,F0045,医療機関0045,D2469,医師_D2469
REV,W,F0021,医療機関0021,D2470,医師_D2470
REV,W,F0127,医療機関0127,D2471,医師_D2471
REV,W,F0145,医療機関0145,D2472,医師_D2472
REV,W,F0073,医療機関0073,D2473,医師_D2473
REV,W,F0235,医療機関0235,D2474,医師_D2474
REV,W,F0225,医療機関0225,D2476,医師_D2476
REV,W,F0033,医療機関0033,D2477,医師_D2477
REV,W,F0245,医療機関0245,D2478,医師_D2478
REV,W,F0135,医療機関0135,D2480,医師_D2480
REV,W,F0132,医療機関0132,D2481,医師_D2481
REV,W,F0247,医療機関0247,D2482,医師_D2482
REV,W,F0084,医療機関0084,D2483,医師_D2483
REV,W,F0073,医療機関0073,D2484,医師_D2484
REV,W,F0102,医療機関0102,D2485,医師_D2485
REV,W,F0055,医療機関0055,D2487,医師_D2487
REV,W,F0053,医療機関0053,D2488,医師_D2488
REV,W,F0070,医療機関0070,D2489,医師_D2489
REV,W,F0141,医療機関0141,D2490,医師_D2490
REV,W,F0104,医療機関0104,D2491,医師_D2491
REV,W,F0118,医療機関0118,D2492,医師_D2492
REV,W,F0216,医療機関0216,D2493,医師_D2493
REV,W,F0073,医療機関0073,D2494,医師_D2494
REV,W,F0273,医療機関0273,D2495,医師_D2495
REV,W,F0053,医療機関0053,D2497,医師_D2497
REV,W,F0056,医療機関0056,D2499,医師_D2499
REV,W,F0082,医療機関0082,D2500,医師_D2500
REV,W,F0040,医療機関0040,D2502,医師_D2502
REV,W,F0005,医療機関0005,D2503,医師_D2503
REV,W,F0132,医療機関0132,D2504,医師_D2504
REV,W,F0211,医療機関0211,D2505,医師_D2505
REV,W,F0259,医療機関0259,D2507,医師_D2507
REV,W,F0111,医療機関0111,D2508,医師_D2508
REV,W,F0162,医療機関0162,D2511,医師_D2511
REV,W,F0229,医療機関0229,D2512,医師_D2512
REV,W,F0018,医療機関0018,D2513,医師_D2513
REV,W,F0150,医療機関0150,D2516,医師_D2516
REV,W,F0008,医療機関0008,D2519,医師_D2519
REV,W,F0188,医療機関0188,D2521,医師_D2521
REV,W,F0300,医療機関0300,D2522,医師_D2522
REV,W,F0185,医療機関0185,D2524,医師_D2524
REV,W,F0133,医療機関0133,D2525,医師_D2525
REV,W,F0267,医療機関0267,D2526,医師_D2526
REV,W,F0273,医療機関0273,D2528,医師_D2528
REV,W,F0152,医療機関0152,D2529,医師_D2529
REV,W,F0238,医療機関0238,D2530,医師_D2530
REV,W,F0108,医療機関0108,D2531,医師_D2531
REV,W,F0139,医療機関0139,D2532,医師_D2532
REV,W,F0025,医療機関0025,D2534,医師_D2534
REV,W,F0214,医療機関0214,D2535,医師_D2535
REV,W,F0144,医療機関0144,D2538,医師_D2538
REV,W,F0148,医療機関0148,D2541,医師_D2541
REV,W,F0136,医療機関0136,D2543,医師_D2543
REV,W,F0171,医療機関0171,D2544,医師_D2544
REV,W,F0230,医療機関0230,D2545,医師_D2545
REV,W,F0166,医療機関0166,D2546,医師_D2546
REV,W,F0193,医療機関0193,D2547,医師_D2547
REV,W,F0251,医療機関0251,D2548,医師_D2548
REV,W,F0297,医療機関0297,D2549,医師_D2549
REV,W,F0214,医療機関0214,D2551,医師_D2551
REV,W,F0238,医療機関0238,D2554,医師_D2554
REV,W,F0021,医療機関0021,D2555,医師_D2555
REV,W,F0232,医療機関0232,D2557,医師_D2557
REV,W,F0299,医療機関0299,D2558,医師_D2558
REV,W,F0201,医療機関0201,D2559,医師_D2559
REV,W,F0262,医療機関0262,D2560,医師_D2560
REV,W,F0036,医療機関0036,D2561,医師_D2561
REV,W,F0049,医療機関0049,D2563,医師_D2563
REV,W,F0095,医療機関0095,D2564,医師_D2564
REV,W,F0039,医療機関0039,D2565,医師_D2565
REV,W,F0121,医療機関0121,D2566,医師_D2566
REV,W,F0225,医療機関0225,D2567,医師_D2567
REV,W,F0247,医療機関0247,D2569,医師_D2569
REV,W,F0182,医療機関0182,D2570,医師_D2570
REV,W,F0189,医療機関0189,D2571,医師_D2571
REV,W,F0282,医療機関0282,D2572,医師_D2572
REV,W,F0130,医療機関0130,D2573,医師_D2573
REV,W,F0104,医療機関0104,D2574,医師_D2574
REV,W,F0299,医療機関0299,D2575,医師_D2575
REV,W,F0168,医療機関0168,D2576,医師_D2576
REV,W,F0185,医療機関0185,D2577,医師_D2577
REV,W,F0089,医療機関0089,D2578,医師_D2578
REV,W,F0065,医療機関0065,D2579,医師_D2579
REV,W,F0068,医療機関0068,D2581,医師_D2581
REV,W,F0225,医療機関0225,D2583,医師_D2583
REV,W,F0018,医療機関0018,D2584,医師_D2584
REV,W,F0189,医療機関0189,D2585,医師_D2585
REV,W,F0285,医療機関0285,D2586,医師_D2586
REV,W,F0230,医療機関0230,D2587,医師_D2587
REV,W,F0121,医療機関0121,D2588,医師_D2588
REV,W,F0251,医療機関0251,D2590,医師_D2590
REV,W,F0205,医療機関0205,D2592,医師_D2592
REV,W,F0058,医療機関0058,D2594,医師_D2594
REV,W,F0222,医療機関0222,D2595,医師_D2595
REV,W,F0068,医療機関0068,D2597,医師_D2597
REV,W,F0294,医療機関0294,D2599,医師_D2599
REV,W,F0080,医療機関0080,D2600,医師_D2600
REV,W,F0277,医療機関0277,D2601,医師_D2601
REV,W,F0274,医療機関0274,D2602,医師_D2602
REV,W,F0043,医療機関0043,D2604,医師_D2604
REV,W,F0090,医療機関0090,D2605,医師_D2605
REV,W,F0204,医療機関0204,D2606,医師_D2606
REV,W,F0245,医療機関0245,D2608,医師_D2608
REV,W,F0127,医療機関0127,D2609,医師_D2609
REV,W,F0071,医療機関0071,D2610,医師_D2610
REV,W,F0289,医療機関0289,D2611,医師_D2611
REV,W,F0083,医療機関0083,D2612,医師_D2612
REV,W,F0103,医療機関0103,D2613,医師_D2613
REV,W,F0290,医療機関0290,D2614,医師_D2614
REV,W,F0169,医療機関0169,D2615,医師_D2615
REV,W,F0080,医療機関0080,D2616,医師_D2616
REV,W,F0296,医療機関0296,D2619,医師_D2619
REV,W,F0130,医療機関0130,D2620,医師_D2620
REV,W,F0210,医療機関0210,D2621,医師_D2621
REV,W,F0076,医療機関0076,D2622,医師_D2622
REV,W,F0233,医療機関0233,D2623,医師_D2623
REV,W,F0233,医療機関0233,D2624,医師_D2624
REV,W,F0183,医療機関0183,D2625,医師_D2625
REV,W,F0232,医療機関0232,D2626,医師_D2626
REV,W,F0174,医療機関0174,D2627,医師_D2627
REV,W,F0114,医療機関0114,D2628,医師_D2628
REV,W,F0222,医療機関0222,D2629,医師_D2629
REV,W,F0251,医療機関0251,D2630,医師_D2630
REV,W,F0253,医療機関0253,D2631,医師_D2631
REV,W,F0064,医療機関0064,D2632,医師_D2632
REV,W,F0203,医療機関0203,D2633,医師_D2633
REV,W,F0002,医療機関0002,D2634,医師_D2634
REV,W,F0172,医療機関0172,D2635,医師_D2635
REV,W,F0172,医療機関0172,D2636,医師_D2636
REV,W,F0110,医療機関0110,D2637,医師_D2637
REV,W,F0299,医療機関0299,D2638,医師_D2638
REV,W,F0265,医療機関0265,D2639,医師_D2639
REV,W,F0012,医療機関0012,D2640,医師_D2640
REV,W,F0063,医療機関0063,D2642,医師_D2642
REV,W,F0270,医療機関0270,D2643,医師_D2643
REV,W,F0219,医療機関0219,D2645,医師_D2645
REV,W,F0243,医療機関0243,D2646,医師_D2646
REV,W,F0231,医療機関0231,D2647,医師_D2647
REV,W,F0043,医療機関0043,D2649,医師_D2649
REV,W,F0102,医療機関0102,D2651,医師_D2651
REV,W,F0225,医療機関0225,D2652,医師_D2652
REV,W,F0071,医療機関0071,D2655,医師_D2655
REV,W,F0124,医療機関0124,D2660,医師_D2660
REV,W,F0144,医療機関0144,D2662,医師_D2662
REV,W,F0223,医療機関0223,D2663,医師_D2663
REV,W,F0208,医療機関0208,D2668,医師_D2668
REV,W,F0295,医療機関0295,D2670,医師_D2670
REV,W,F0050,医療機関0050,D2671,医師_D2671
REV,W,F0124,医療機関0124,D2672,医師_D2672
REV,W,F0196,医療機関0196,D2673,医師_D2673
REV,W,F0122,医療機関0122,D2674,医師_D2674
REV,W,F0073,医療機関0073,D2675,医師_D2675
REV,W,F0022,医療機関0022,D2677,医師_D2677
REV,W,F0074,医療機関0074,D2678,医師_D2678
REV,W,F0298,医療機関0298,D2679,医師_D2679
REV,W,F0219,医療機関0219,D2680,医師_D2680
REV,W,F0027,医療機関0027,D2681,医師_D2681
REV,W,F0227,医療機関0227,D2682,医師_D2682
REV,W,F0030,医療機関0030,D2684,医師_D2684
REV,W,F0061,医療機関0061,D2688,医師_D2688
REV,W,F0122,医療機関0122,D2691,医師_D2691
REV,W,F0140,医療機関0140,D2692,医師_D2692
REV,W,F0072,医療機関0072,D2693,医師_D2693
REV,W,F0087,医療機関0087,D2694,医師_D2694
REV,W,F0058,医療機関0058,D2695,医師_D2695
REV,W,F0239,医療機関0239,D2696,医師_D2696
REV,W,F0273,医療機関0273,D2698,医師_D2698
REV,W,F0162,医療機関0162,D2699,医師_D2699
REV,W,F0191,医療機関0191,D2701,医師_D2701
REV,W,F0080,医療機関0080,D2702,医師_D2702
REV,W,F0181,医療機関0181,D2703,医師_D2703
REV,W,F0083,医療機関0083,D2704,医師_D2704
REV,W,F0077,医療機関0077,D2706,医師_D2706
REV,W,F0083,医療機関0083,D2707,医師_D2707
REV,W,F0041,医療機関0041,D2708,医師_D2708
REV,W,F0008,医療機関0008,D2709,医師_D2709
REV,W,F0284,医療機関0284,D2710,医師_D2710
REV,W,F0155,医療機関0155,D2711,医師_D2711
REV,W,F0121,医療機関0121,D2712,医師_D2712
REV,W,F0279,医療機関0279,D2713,医師_D2713
REV,W,F0068,医療機関0068,D2714,医師_D2714
REV,W,F0121,医療機関0121,D2715,医師_D2715
REV,W,F0190,医療機関0190,D2717,医師_D2717
REV,W,F0120,医療機関0120,D2718,医師_D2718
REV,W,F0077,医療機関0077,D2719,医師_D2719
REV,W,F0011,医療機関0011,D2720,医師_D2720
REV,W,F0026,医療機関0026,D2721,医師_D2721
REV,W,F0049,医療機関0049,D2722,医師_D2722
REV,W,F0236,医療機関0236,D2723,医師_D2723
REV,W,F0192,医療機関0192,D2724,医師_D2724
REV,W,F0131,医療機関0131,D2725,医師_D2725
REV,W,F0235,医療機関0235,D2726,医師_D2726
REV,W,F0049,医療機関0049,D2727,医師_D2727
REV,W,F0064,医療機関0064,D2728,医師_D2728
REV,W,F0118,医療機関0118,D2729,医師_D2729
REV,W,F0276,医療機関0276,D2730,医師_D2730
REV,W,F0185,医療機関0185,D2731,医師_D2731
REV,W,F0256,医療機関0256,D2732,医師_D2732
REV,W,F0075,医療機関0075,D2733,医師_D2733
REV,W,F0255,医療機関0255,D2734,医師_D2734
REV,W,F0022,医療機関0022,D2735,医師_D2735
REV,W,F0069,医療機関0069,D2736,医師_D2736
REV,W,F0157,医療機関0157,D2737,医師_D2737
REV,W,F0016,医療機関0016,D2738,医師_D2738
REV,W,F0258,医療機関0258,D2739,医師_D2739
REV,W,F0163,医療機関0163,D2741,医師_D2741
REV,W,F0092,医療機関0092,D2742,医師_D2742
REV,W,F0030,医療機関0030,D2743,医師_D2743
REV,W,F0186,医療機関0186,D2744,医師_D2744
REV,W,F0162,医療機関0162,D2745,医師_D2745
REV,W,F0228,医療機関0228,D2746,医師_D2746
REV,W,F0037,医療機関0037,D2749,医師_D2749
REV,W,F0235,医療機関0235,D2750,医師_D2750
REV,W,F0048,医療機関0048,D2751,医師_D2751
REV,W,F0282,医療機関0282,D2752,医師_D2752
REV,W,F0219,医療機関0219,D2754,医師_D2754
REV,W,F0293,医療機関0293,D2755,医師_D2755
REV,W,F0133,医療機関0133,D2756,医師_D2756
REV,W,F0018,医療機関0018,D2757,医師_D2757
REV,W,F0264,医療機関0264,D2758,医師_D2758
REV,W,F0159,医療機関0159,D2760,医師_D2760
REV,W,F0296,医療機関0296,D2761,医師_D2761
REV,W,F0224,医療機関0224,D2762,医師_D2762
REV,W,F0014,医療機関0014,D2763,医師_D2763
REV,W,F0247,医療機関0247,D2764,医師_D2764
REV,W,F0049,医療機関0049,D2765,医師_D2765
REV,W,F0225,医療機関0225,D2766,医師_D2766
REV,W,F0187,医療機関0187,D2767,医師_D2767
REV,W,F0128,医療機関0128,D2769,医師_D2769
REV,W,F0036,医療機関0036,D2770,医師_D2770
REV,W,F0297,医療機関0297,D2771,医師_D2771
REV,W,F0072,医療機関0072,D2772,医師_D2772
REV,W,F0093,医療機関0093,D2773,医師_D2773
REV,W,F0151,医療機関0151,D2774,医師_D2774
REV,W,F0202,医療機関0202,D2775,医師_D2775
REV,W,F0152,医療機関0152,D2776,医師_D2776
REV,W,F0152,医療機関0152,D2777,医師_D2777
REV,W,F0175,医療機関0175,D2778,医師_D2778
REV,W,F0258,医療機関0258,D2779,医師_D2779
REV,W,F0119,医療機関0119,D2780,医師_D2780
REV,W,F0250,医療機関0250,D2781,医師_D2781
REV,W,F0274,医療機関0274,D2784,医師_D2784
REV,W,F0240,医療機関0240,D2785,医師_D2785
REV,W,F0075,医療機関0075,D2786,医師_D2786
REV,W,F0233,医療機関0233,D2787,医師_D2787
REV,W,F0240,医療機関0240,D2793,医師_D2793
REV,W,F0057,医療機関0057,D2794,医師_D2794
REV,W,F0239,医療機関0239,D2796,医師_D2796
REV,W,F0137,医療機関0137,D2797,医師_D2797
REV,W,F0245,医療機関0245,D2801,医師_D2801
REV,W,F0276,医療機関0276,D2802,医師_D2802
REV,W,F0048,医療機関0048,D2803,医師_D2803
REV,W,F0296,医療機関0296,D2804,医師_D2804
REV,W,F0118,医療機関0118,D2805,医師_D2805
REV,W,F0106,医療機関0106,D2806,医師_D2806
REV,W,F0107,医療機関0107,D2807,医師_D2807
REV,W,F0198,医療機関0198,D2809,医師_D2809
REV,W,F0022,医療機関0022,D2811,医師_D2811
REV,W,F0296,医療機関0296,D2812,医師_D2812
REV,W,F0067,医療機関0067,D2813,医師_D2813
REV,W,F0180,医療機関0180,D2815,医師_D2815
REV,W,F0124,医療機関0124,D2816,医師_D2816
REV,W,F0185,医療機関0185,D2817,医師_D2817
REV,W,F0263,医療機関0263,D2818,医師_D2818
REV,W,F0030,医療機関0030,D2819,医師_D2819
REV,W,F0155,医療機関0155,D2821,医師_D2821
REV,W,F0237,医療機関0237,D2822,医師_D2822
REV,W,F0181,医療機関0181,D2823,医師_D2823
REV,W,F0115,医療機関0115,D2824,医師_D2824
REV,W,F0184,医療機関0184,D2825,医師_D2825
REV,W,F0294,医療機関0294,D2826,医師_D2826
REV,W,F0266,医療機関0266,D2828,医師_D2828
REV,W,F0234,医療機関0234,D2829,医師_D2829
REV,W,F0091,医療機関0091,D2830,医師_D2830
REV,W,F0075,医療機関0075,D2831,医師_D2831
REV,W,F0063,医療機関0063,D2833,医師_D2833
REV,W,F0102,医療機関0102,D2834,医師_D2834
REV,W,F0071,医療機関0071,D2835,医師_D2835
REV,W,F0182,医療機関0182,D2836,医師_D2836
REV,W,F0198,医療機関0198,D2838,医師_D2838
REV,W,F0281,医療機関0281,D2839,医師_D2839
REV,W,F0249,医療機関0249,D2840,医師_D2840
REV,W,F0285,医療機関0285,D2841,医師_D2841
REV,W,F0137,医療機関0137,D2843,医師_D2843
REV,W,F0067,医療機関0067,D2844,医師_D2844
REV,W,F0276,医療機関0276,D2845,医師_D2845
REV,W,F0214,医療機関0214,D2846,医師_D2846
REV,W,F0170,医療機関0170,D2848,医師_D2848
REV,W,F0143,医療機関0143,D2851,医師_D2851
REV,W,F0136,医療機関0136,D2853,医師_D2853
REV,W,F0105,医療機関0105,D2854,医師_D2854
REV,W,F0246,医療機関0246,D2855,医師_D2855
REV,W,F0260,医療機関0260,D2856,医師_D2856
REV,W,F0226,医療機関0226,D2857,医師_D2857
REV,W,F0010,医療機関0010,D2858,医師_D2858
REV,W,F0253,医療機関0253,D2859,医師_D2859
REV,W,F0119,医療機関0119,D2860,医師_D2860
REV,W,F0125,医療機関0125,D2861,医師_D2861
REV,W,F0284,医療機関0284,D2862,医師_D2862
REV,W,F0108,医療機関0108,D2865,医師_D2865
REV,W,F0225,医療機関0225,D2866,医師_D2866
REV,W,F0162,医療機関0162,D2867,医師_D2867
REV,W,F0078,医療機関0078,D2868,医師_D2868
REV,W,F0158,医療機関0158,D2869,医師_D2869
REV,W,F0260,医療機関0260,D2870,医師_D2870
REV,W,F0067,医療機関0067,D2871,医師_D2871
REV,W,F0090,医療機関0090,D2875,医師_D2875
REV,W,F0065,医療機関0065,D2876,医師_D2876
REV,W,F0123,医療機関0123,D2879,医師_D2879
REV,W,F0234,医療機関0234,D2880,医師_D2880
REV,W,F0074,医療機関0074,D2882,医師_D2882
REV,W,F0239,医療機関0239,D2883,医師_D2883
REV,W,F0070,医療機関0070,D2884,医師_D2884
REV,W,F0123,医療機関0123,D2885,医師_D2885
REV,W,F0009,医療機関0009,D2886,医師_D2886
REV,W,F0133,医療機関0133,D2889,医師_D2889
REV,W,F0214,医療機関0214,D2890,医師_D2890
REV,W,F0033,医療機関0033,D2891,医師_D2891
REV,W,F0191,医療機関0191,D2892,医師_D2892
REV,W,F0112,医療機関0112,D2893,医師_D2893
REV,W,F0279,医療機関0279,D2895,医師_D2895
REV,W,F0160,医療機関0160,D2896,医師_D2896
REV,W,F0031,医療機関0031,D2897,医師_D2897
REV,W,F0143,医療機関0143,D2898,医師_D2898
REV,W,F0135,医療機関0135,D2900,医師_D2900
REV,W,F0019,医療機関0019,D2901,医師_D2901
REV,W,F0193,医療機関0193,D2902,医師_D2902
REV,W,F0094,医療機関0094,D2903,医師_D2903
REV,W,F0061,医療機関0061,D2904,医師_D2904
REV,W,F0006,医療機関0006,D2905,医師_D2905
REV,W,F0267,医療機関0267,D2906,医師_D2906
REV,W,F0244,医療機関0244,D2908,医師_D2908
REV,W,F0018,医療機関0018,D2909,医師_D2909
REV,W,F0105,医療機関0105,D2910,医師_D2910
REV,W,F0292,医療機関0292,D2911,医師_D2911
REV,W,F0174,医療機関0174,D2912,医師_D2912
REV,W,F0039,医療機関0039,D2913,医師_D2913
REV,W,F0043,医療機関0043,D2914,医師_D2914
REV,W,F0292,医療機関0292,D2916,医師_D2916
REV,W,F0051,医療機関0051,D2917,医師_D2917
REV,W,F0271,医療機関0271,D2918,医師_D2918
REV,W,F0204,医療機関0204,D2919,医師_D2919
REV,W,F0277,医療機関0277,D2920,医師_D2920
REV,W,F0248,医療機関0248,D2921,医師_D2921
REV,W,F0100,医療機関0100,D2922,医師_D2922
REV,W,F0249,医療機関0249,D2923,医師_D2923
REV,W,F0051,医療機関0051,D2924,医師_D2924
REV,W,F0064,医療機関0064,D2926,医師_D2926
REV,W,F0028,医療機関0028,D2928,医師_D2928
REV,W,F0057,医療機関0057,D2929,医師_D2929
REV,W,F0115,医療機関0115,D2931,医師_D2931
REV,W,F0019,医療機関0019,D2933,医師_D2933
REV,W,F0297,医療機関0297,D2934,医師_D2934
REV,W,F0027,医療機関0027,D2935,医師_D2935
REV,W,F0010,医療機関0010,D2937,医師_D2937
REV,W,F0040,医療機関0040,D2938,医師_D2938
REV,W,F0159,医療機関0159,D2939,医師_D2939
REV,W,F0221,医療機関0221,D2941,医師_D2941
REV,W,F0175,医療機関0175,D2942,医師_D2942
REV,W,F0233,医療機関0233,D2944,医師_D2944
REV,W,F0012,医療機関0012,D2945,医師_D2945
REV,W,F0123,医療機関0123,D2947,医師_D2947
REV,W,F0093,医療機関0093,D2949,医師_D2949
REV,W,F0132,医療機関0132,D2951,医師_D2951
REV,W,F0157,医療機関0157,D2952,医師_D2952
REV,W,F0282,医療機関0282,D2953,医師_D2953
REV,W,F0125,医療機関0125,D2955,医師_D2955
REV,W,F0212,医療機関0212,D2957,医師_D2957
REV,W,F0104,医療機関0104,D2958,医師_D2958
REV,W,F0021,医療機関0021,D2961,医師_D2961
REV,W,F0051,医療機関0051,D2962,医師_D2962
REV,W,F0127,医療機関0127,D2963,医師_D2963
REV,W,F0239,医療機関0239,D2964,医師_D2964
REV,W,F0235,医療機関0235,D2965,医師_D2965
REV,W,F0079,医療機関0079,D2966,医師_D2966
REV,W,F0127,医療機関0127,D2967,医師_D2967
REV,W,F0047,医療機関0047,D2968,医師_D2968
REV,W,F0240,医療機関0240,D2971,医師_D2971
REV,W,F0253,医療機関0253,D2972,医師_D2972
REV,W,F0100,医療機関0100,D2974,医師_D2974
REV,W,F0286,医療機関0286,D2975,医師_D2975
REV,W,F0194,医療機関0194,D2977,医師_D2977
REV,W,F0257,医療機関0257,D2978,医師_D2978
REV,W,F0265,医療機関0265,D2979,医師_D2979
REV,W,F0024,医療機関0024,D2980,医師_D2980
REV,W,F0265,医療機関0265,D2981,医師_D2981
REV,W,F0230,医療機関0230,D2982,医師_D2982
REV,W,F0062,医療機関0062,D2983,医師_D2983
REV,W,F0093,医療機関0093,D2984,医師_D2984
REV,W,F0226,医療機関0226,D2985,医師_D2985
REV,W,F0065,医療機関0065,D2986,医師_D2986
REV,W,F0136,医療機関0136,D2987,医師_D2987
REV,W,F0207,医療機関0207,D2988,医師_D2988
REV,W,F0196,医療機関0196,D2989,医師_D2989
REV,W,F0273,医療機関0273,D2990,医師_D2990
REV,W,F0034,医療機関0034,D2991,医師_D2991
REV,W,F0089,医療機関0089,D2992,医師_D2992
REV,W,F0171,医療機関0171,D2994,医師_D2994
REV,W,F0075,医療機関0075,D2995,医師_D2995
REV,W,F0087,医療機関0087,D2996,医師_D2996
REV,W,F0102,医療機関0102,D2997,医師_D2997
REV,W,F0167,医療機関0167,D2998,医師_D2998
REV,W,F0086,医療機関0086,D2999,医師_D2999
REV,W,F0187,医療機関0187,D3000,医師_D3000
REV,W,F0134,医療機関0134,D3001,医師_D3001
REV,W,F0047,医療機関0047,D3003,医師_D3003
REV,W,F0188,医療機関0188,D3004,医師_D3004
REV,W,F0099,医療機関0099,D3007,医師_D3007
REV,W,F0209,医療機関0209,D3008,医師_D3008
REV,W,F0186,医療機関0186,D3009,医師_D3009
REV,W,F0205,医療機関0205,D3012,医師_D3012
REV,W,F0023,医療機関0023,D3014,医師_D3014
REV,W,F0135,医療機関0135,D3016,医師_D3016
REV,W,F0131,医療機関0131,D3019,医師_D3019
REV,W,F0027,医療機関0027,D3020,医師_D3020
REV,W,F0299,医療機関0299,D3021,医師_D3021
REV,W,F0067,医療機関0067,D3022,医師_D3022
REV,W,F0100,医療機関0100,D3023,医師_D3023
REV,W,F0223,医療機関0223,D3026,医師_D3026
REV,W,F0232,医療機関0232,D3027,医師_D3027
REV,W,F0072,医療機関0072,D3028,医師_D3028
REV,W,F0254,医療機関0254,D3029,医師_D3029
REV,W,F0249,医療機関0249,D3030,医師_D3030
REV,W,F0140,医療機関0140,D3031,医師_D3031
REV,W,F0012,医療機関0012,D3033,医師_D3033
REV,W,F0229,医療機関0229,D3034,医師_D3034
REV,W,F0142,医療機関0142,D3036,医師_D3036
REV,W,F0163,医療機関0163,D3037,医師_D3037
REV,W,F0025,医療機関0025,D3039,医師_D3039
REV,W,F0186,医療機関0186,D3040,医師_D3040
REV,W,F0217,医療機関0217,D3041,医師_D3041
REV,W,F0279,医療機関0279,D3042,医師_D3042
REV,W,F0279,医療機関0279,D3043,医師_D3043
REV,W,F0148,医療機関0148,D3044,医師_D3044
REV,W,F0288,医療機関0288,D3045,医師_D3045
REV,W,F0159,医療機関0159,D3046,医師_D3046
REV,W,F0193,医療機関0193,D3047,医師_D3047
REV,W,F0181,医療機関0181,D3048,医師_D3048
REV,W,F0222,医療機関0222,D3050,医師_D3050
REV,W,F0037,医療機関0037,D3051,医師_D3051
REV,W,F0022,医療機関0022,D3052,医師_D3052
REV,W,F0123,医療機関0123,D3053,医師_D3053
REV,W,F0155,医療機関0155,D3054,医師_D3054
REV,W,F0201,医療機関0201,D3055,医師_D3055
REV,W,F0145,医療機関0145,D3056,医師_D3056
REV,W,F0155,医療機関0155,D3057,医師_D3057
REV,W,F0277,医療機関0277,D3058,医師_D3058
REV,W,F0101,医療機関0101,D3059,医師_D3059
REV,W,F0149,医療機関0149,D3060,医師_D3060
REV,W,F0291,医療機関0291,D3063,医師_D3063
REV,W,F0154,医療機関0154,D3065,医師_D3065
REV,W,F0177,医療機関0177,D3067,医師_D3067
REV,W,F0055,医療機関0055,D3068,医師_D3068
REV,W,F0128,医療機関0128,D3069,医師_D3069
REV,W,F0066,医療機関0066,D3070,医師_D3070
REV,W,F0029,医療機関0029,D3072,医師_D3072
REV,W,F0130,医療機関0130,D3076,医師_D3076
REV,W,F0110,医療機関0110,D3077,医師_D3077
REV,W,F0231,医療機関0231,D3078,医師_D3078
REV,W,F0221,医療機関0221,D3080,医師_D3080
REV,W,F0065,医療機関0065,D3083,医師_D3083
REV,W,F0171,医療機関0171,D3084,医師_D3084
REV,W,F0293,医療機関0293,D3085,医師_D3085
REV,W,F0283,医療機関0283,D3088,医師_D3088
REV,W,F0291,医療機関0291,D3089,医師_D3089
REV,W,F0051,医療機関0051,D3090,医師_D3090
REV,W,F0121,医療機関0121,D3091,医師_D3091
REV,W,F0059,医療機関0059,D3093,医師_D3093
REV,W,F0098,医療機関0098,D3094,医師_D3094
REV,W,F0193,医療機関0193,D3096,医師_D3096
REV,W,F0093,医療機関0093,D3097,医師_D3097
REV,W,F0087,医療機関0087,D3099,医師_D3099
REV,W,F0070,医療機関0070,D3102,医師_D3102
REV,W,F0272,医療機関0272,D3104,医師_D3104
REV,W,F0284,医療機関0284,D3105,医師_D3105
REV,W,F0227,医療機関0227,D3108,医師_D3108
REV,W,F0148,医療機関0148,D3109,医師_D3109
REV,W,F0255,医療機関0255,D3110,医師_D3110
REV,W,F0108,医療機関0108,D3111,医師_D3111
REV,W,F0300,医療機関0300,D3112,医師_D3112
REV,W,F0243,医療機関0243,D3113,医師_D3113
REV,W,F0068,医療機関0068,D3114,医師_D3114
REV,W,F0218,医療機関0218,D3115,医師_D3115
REV,W,F0087,医療機関0087,D3116,医師_D3116
REV,W,F0076,医療機関0076,D3118,医師_D3118
REV,W,F0205,医療機関0205,D3119,医師_D3119
REV,W,F0079,医療機関0079,D3120,医師_D3120
REV,W,F0192,医療機関0192,D3121,医師_D3121
REV,W,F0226,医療機関0226,D3123,医師_D3123
REV,W,F0299,医療機関0299,D3124,医師_D3124
REV,W,F0003,医療機関0003,D3125,医師_D3125
REV,W,F0298,医療機関0298,D3126,医師_D3126
REV,W,F0033,医療機関0033,D3127,医師_D3127
REV,W,F0159,医療機関0159,D3128,医師_D3128
REV,W,F0103,医療機関0103,D3129,医師_D3129
REV,W,F0192,医療機関0192,D3130,医師_D3130
REV,W,F0217,医療機関0217,D3131,医師_D3131
REV,W,F0258,医療機関0258,D3132,医師_D3132
REV,W,F0097,医療機関0097,D3135,医師_D3135
REV,W,F0062,医療機関0062,D3136,医師_D3136
REV,W,F0114,医療機関0114,D3137,医師_D3137
REV,W,F0250,医療機関0250,D3140,医師_D3140
REV,W,F0068,医療機関0068,D3141,医師_D3141
REV,W,F0282,医療機関0282,D3143,医師_D3143
REV,W,F0073,医療機関0073,D3145,医師_D3145
REV,W,F0296,医療機関0296,D3146,医師_D3146
REV,W,F0296,医療機関0296,D3148,医師_D3148
REV,W,F0272,医療機関0272,D3150,医師_D3150
REV,W,F0289,医療機関0289,D3153,医師_D3153
REV,W,F0081,医療機関0081,D3154,医師_D3154
REV,W,F0012,医療機関0012,D3155,医師_D3155
REV,W,F0097,医療機関0097,D3156,医師_D3156
REV,W,F0025,医療機関0025,D3159,医師_D3159
REV,W,F0169,医療機関0169,D3160,医師_D3160
REV,W,F0152,医療機関0152,D3162,医師_D3162
REV,W,F0192,医療機関0192,D3164,医師_D3164
REV,W,F0124,医療機関0124,D3165,医師_D3165
REV,W,F0123,医療機関0123,D3166,医師_D3166
REV,W,F0204,医療機関0204,D3167,医師_D3167
REV,W,F0225,医療機関0225,D3168,医師_D3168
REV,W,F0243,医療機関0243,D3169,医師_D3169
REV,W,F0128,医療機関0128,D3171,医師_D3171
REV,W,F0100,医療機関0100,D3172,医師_D3172
REV,W,F0159,医療機関0159,D3173,医師_D3173
REV,W,F0039,医療機関0039,D3174,医師_D3174
REV,W,F0057,医療機関0057,D3176,医師_D3176
REV,W,F0160,医療機関0160,D3177,医師_D3177
REV,W,F0256,医療機関0256,D3178,医師_D3178
REV,W,F0296,医療機関0296,D3179,医師_D3179
REV,W,F0069,医療機関0069,D3182,医師_D3182
REV,W,F0032,医療機関0032,D3183,医師_D3183
REV,W,F0296,医療機関0296,D3185,医師_D3185
REV,W,F0054,医療機関0054,D3187,医師_D3187
REV,W,F0007,医療機関0007,D3188,医師_D3188
REV,W,F0293,医療機関0293,D3189,医師_D3189
REV,W,F0095,医療機関0095,D3190,医師_D3190
REV,W,F0034,医療機関0034,D3191,医師_D3191
REV,W,F0054,医療機関0054,D3192,医師_D3192
REV,W,F0197,医療機関0197,D3194,医師_D3194
REV,W,F0207,医療機関0207,D3197,医師_D3197
REV,W,F0020,医療機関0020,D3198,医師_D3198
REV,W,F0004,医療機関0004,D3199,医師_D3199
REV,W,F0017,医療機関0017,D3200,医師_D3200
TRI,R,F0057,医療機関0057,D0934,医師_D0934
TRI,R,F0212,医療機関0212,D0939,医師_D0939
TRI,R,F0027,医療機関0027,D0943,医師_D0943
TRI,R,F0070,医療機関0070,D0945,医師_D0945
TRI,R,F0002,医療機関0002,D0950,医師_D0950
TRI,R,F0257,医療機関0257,D0952,医師_D0952
TRI,R,F0160,医療機関0160,D0953,医師_D0953
TRI,R,F0049,医療機関0049,D0956,医師_D0956
TRI,R,F0232,医療機関0232,D0958,医師_D0958
TRI,R,F0075,医療機関0075,D0963,医師_D0963
TRI,R,F0291,医療機関0291,D0967,医師_D0967
TRI,R,F0181,医療機関0181,D0980,医師_D0980
TRI,R,F0065,医療機関0065,D0982,医師_D0982
TRI,R,F0155,医療機関0155,D0983,医師_D0983
TRI,R,F0191,医療機関0191,D0985,医師_D0985
TRI,R,F0009,医療機関0009,D0990,医師_D0990
TRI,R,F0104,医療機関0104,D0992,医師_D0992
TRI,R,F0050,医療機関0050,D0996,医師_D0996
TRI,R,F0198,医療機関0198,D0997,医師_D0997
TRI,R,F0254,医療機関0254,D0999,医師_D0999
TRI,R,F0096,医療機関0096,D1004,医師_D1004
TRI,R,F0268,医療機関0268,D1006,医師_D1006
TRI,R,F0038,医療機関0038,D1010,医師_D1010
TRI,R,F0052,医療機関0052,D1016,医師_D1016
TRI,R,F0153,医療機関0153,D1018,医師_D1018
TRI,R,F0002,医療機関0002,D1022,医師_D1022
TRI,R,F0167,医療機関0167,D1025,医師_D1025
TRI,R,F0174,医療機関0174,D1027,医師_D1027
TRI,R,F0039,医療機関0039,D1030,医師_D1030
TRI,R,F0270,医療機関0270,D1032,医師_D1032
TRI,R,F0125,医療機関0125,D1035,医師_D1035
TRI,R,F0200,医療機関0200,D1048,医師_D1048
TRI,R,F0057,医療機関0057,D1051,医師_D1051
TRI,R,F0006,医療機関0006,D1052,医師_D1052
TRI,R,F0016,医療機関0016,D1053,医師_D1053
TRI,R,F0263,医療機関0263,D1058,医師_D1058
TRI,R,F0252,医療機関0252,D1059,医師_D1059
TRI,R,F0167,医療機関0167,D1064,医師_D1064
TRI,R,F0226,医療機関0226,D1067,医師_D1067
TRI,R,F0160,医療機関0160,D1069,医師_D1069
TRI,R,F0278,医療機関0278,D1079,医師_D1079
TRI,R,F0155,医療機関0155,D1080,医師_D1080
TRI,R,F0004,医療機関0004,D1082,医師_D1082
TRI,R,F0129,医療機関0129,D1087,医師_D1087
TRI,R,F0119,医療機関0119,D1094,医師_D1094
TRI,R,F0296,医療機関0296,D1107,医師_D1107
TRI,R,F0074,医療機関0074,D1109,医師_D1109
TRI,R,F0103,医療機関0103,D1111,医師_D1111
TRI,R,F0156,医療機関0156,D1120,医師_D1120
TRI,R,F0223,医療機関0223,D1122,医師_D1122
TRI,R,F0030,医療機関0030,D1138,医師_D1138
TRI,R,F0064,医療機関0064,D1145,医師_D1145
TRI,R,F0297,医療機関0297,D1147,医師_D1147
TRI,R,F0242,医療機関0242,D1149,医師_D1149
TRI,R,F0216,医療機関0216,D1150,医師_D1150
TRI,R,F0096,医療機関0096,D1156,医師_D1156
TRI,R,F0183,医療機関0183,D1158,医師_D1158
TRI,R,F0175,医療機関0175,D1160,医師_D1160
TRI,R,F0152,医療機関0152,D1167,医師_D1167
TRI,R,F0049,医療機関0049,D1178,医師_D1178
TRI,R,F0060,医療機関0060,D1187,医師_D1187
TRI,R,F0142,医療機関0142,D1189,医師_D1189
TRI,R,F0227,医療機関0227,D1190,医師_D1190
TRI,R,F0265,医療機関0265,D1192,医師_D1192
TRI,R,F0144,医療機関0144,D1195,医師_D1195
TRI,R,F0061,医療機関0061,D1196,医師_D1196
TRI,R,F0293,医療機関0293,D1197,医師_D1197
TRI,R,F0137,医療機関0137,D1203,医師_D1203
TRI,R,F0014,医療機関0014,D1206,医師_D1206
TRI,R,F0288,医療機関0288,D1210,医師_D1210
TRI,R,F0034,医療機関0034,D1216,医師_D1216
TRI,R,F0089,医療機関0089,D1220,医師_D1220
TRI,R,F0230,医療機関0230,D1222,医師_D1222
TRI,R,F0107,医療機関0107,D1231,医師_D1231
TRI,R,F0166,医療機関0166,D1240,医師_D1240
TRI,R,F0186,医療機関0186,D1246,医師_D1246
TRI,R,F0121,医療機関0121,D1247,医師_D1247
TRI,R,F0025,医療機関0025,D1251,医師_D1251
TRI,R,F0256,医療機関0256,D1256,医師_D1256
TRI,R,F0176,医療機関0176,D1258,医師_D1258
TRI,R,F0158,医療機関0158,D1259,医師_D1259
TRI,R,F0089,医療機関0089,D1262,医師_D1262
TRI,R,F0010,医療機関0010,D1269,医師_D1269
TRI,R,F0219,医療機関0219,D1279,医師_D1279
TRI,R,F0116,医療機関0116,D1281,医師_D1281
TRI,R,F0186,医療機関0186,D1285,医師_D1285
TRI,R,F0054,医療機関0054,D1286,医師_D1286
TRI,R,F0196,医療機関0196,D1287,医師_D1287
TRI,R,F0125,医療機関0125,D1288,医師_D1288
TRI,R,F0225,医療機関0225,D1299,医師_D1299
TRI,R,F0283,医療機関0283,D1310,医師_D1310
TRI,R,F0001,医療機関0001,D1313,医師_D1313
TRI,R,F0085,医療機関0085,D1317,医師_D1317
TRI,R,F0118,医療機関0118,D1321,医師_D1321
TRI,R,F0131,医療機関0131,D1324,医師_D1324
TRI,R,F0040,医療機関0040,D1326,医師_D1326
TRI,R,F0027,医療機関0027,D1331,医師_D1331
TRI,R,F0251,医療機関0251,D1333,医師_D1333
TRI,R,F0045,医療機関0045,D1335,医師_D1335
TRI,R,F0050,医療機関0050,D1336,医師_D1336
TRI,R,F0076,医療機関0076,D1342,医師_D1342
TRI,R,F0036,医療機関0036,D1346,医師_D1346
TRI,R,F0276,医療機関0276,D1348,医師_D1348
TRI,R,F0001,医療機関0001,D1349,医師_D1349
TRI,R,F0097,医療機関0097,D1350,医師_D1350
TRI,R,F0199,医療機関0199,D1359,医師_D1359
TRI,R,F0043,医療機関0043,D1363,医師_D1363
TRI,R,F0246,医療機関0246,D1364,医師_D1364
TRI,R,F0112,医療機関0112,D1367,医師_D1367
TRI,R,F0046,医療機関0046,D1370,医師_D1370
TRI,R,F0103,医療機関0103,D1374,医師_D1374
TRI,R,F0168,医療機関0168,D1375,医師_D1375
TRI,R,F0239,医療機関0239,D1386,医師_D1386
TRI,R,F0299,医療機関0299,D1398,医師_D1398
TRI,R,F0264,医療機関0264,D1401,医師_D1401
TRI,R,F0120,医療機関0120,D1403,医師_D1403
TRI,R,F0118,医療機関0118,D1412,医師_D1412
TRI,R,F0198,医療機関0198,D1423,医師_D1423
TRI,R,F0142,医療機関0142,D1426,医師_D1426
TRI,R,F0054,医療機関0054,D1432,医師_D1432
TRI,R,F0297,医療機関0297,D1439,医師_D1439
TRI,R,F0135,医療機関0135,D1440,医師_D1440
TRI,R,F0087,医療機関0087,D1441,医師_D1441
TRI,R,F0268,医療機関0268,D1442,医師_D1442
TRI,R,F0225,医療機関0225,D1444,医師_D1444
TRI,R,F0084,医療機関0084,D1445,医師_D1445
TRI,R,F0136,医療機関0136,D1447,医師_D1447
TRI,R,F0226,医療機関0226,D1449,医師_D1449
TRI,R,F0052,医療機関0052,D1451,医師_D1451
TRI,R,F0091,医療機関0091,D1452,医師_D1452
TRI,R,F0215,医療機関0215,D1455,医師_D1455
TRI,R,F0121,医療機関0121,D1460,医師_D1460
TRI,R,F0209,医療機関0209,D1475,医師_D1475
TRI,R,F0140,医療機関0140,D1477,医師_D1477
TRI,R,F0038,医療機関0038,D1480,医師_D1480
TRI,R,F0028,医療機関0028,D1482,医師_D1482
TRI,R,F0040,医療機関0040,D1485,医師_D1485
TRI,R,F0242,医療機関0242,D1493,医師_D1493
TRI,R,F0282,医療機関0282,D1497,医師_D1497
TRI,R,F0262,医療機関0262,D1505,医師_D1505
TRI,R,F0223,医療機関0223,D1515,医師_D1515
TRI,R,F0093,医療機関0093,D1527,医師_D1527
TRI,R,F0216,医療機関0216,D1531,医師_D1531
TRI,R,F0133,医療機関0133,D1535,医師_D1535
TRI,R,F0206,医療機関0206,D1536,医師_D1536
TRI,R,F0162,医療機関0162,D1539,医師_D1539
TRI,R,F0263,医療機関0263,D1542,医師_D1542
TRI,R,F0109,医療機関0109,D1545,医師_D1545
TRI,R,F0212,医療機関0212,D1555,医師_D1555
TRI,R,F0274,医療機関0274,D1564,医師_D1564
TRI,R,F0095,医療機関0095,D1567,医師_D1567
TRI,R,F0294,医療機関0294,D1570,医師_D1570
TRI,R,F0007,医療機関0007,D1571,医師_D1571
TRI,R,F0230,医療機関0230,D1574,医師_D1574
TRI,R,F0229,医療機関0229,D1576,医師_D1576
TRI,R,F0032,医療機関0032,D1577,医師_D1577
TRI,R,F0145,医療機関0145,D1578,医師_D1578
TRI,R,F0137,医療機関0137,D1580,医師_D1580
TRI,R,F0194,医療機関0194,D1584,医師_D1584
TRI,R,F0139,医療機関0139,D1589,医師_D1589
TRI,R,F0003,医療機関0003,D1602,医師_D1602
TRI,R,F0101,医療機関0101,D1604,医師_D1604
TRI,R,F0252,医療機関0252,D1608,医師_D1608
TRI,R,F0210,医療機関0210,D1611,医師_D1611
TRI,R,F0233,医療機関0233,D1612,医師_D1612
TRI,R,F0035,医療機関0035,D1614,医師_D1614
TRI,R,F0035,医療機関0035,D1615,医師_D1615
TRI,R,F0118,医療機関0118,D1616,医師_D1616
TRI,R,F0047,医療機関0047,D1622,医師_D1622
TRI,R,F0008,医療機関0008,D1623,医師_D1623
TRI,R,F0042,医療機関0042,D1634,医師_D1634
TRI,R,F0177,医療機関0177,D1635,医師_D1635
TRI,R,F0075,医療機関0075,D1637,医師_D1637
TRI,R,F0082,医療機関0082,D1638,医師_D1638
TRI,R,F0068,医療機関0068,D1641,医師_D1641
TRI,R,F0136,医療機関0136,D1643,医師_D1643
TRI,R,F0250,医療機関0250,D1646,医師_D1646
TRI,R,F0173,医療機関0173,D1647,医師_D1647
TRI,R,F0053,医療機関0053,D1648,医師_D1648
TRI,R,F0128,医療機関0128,D1650,医師_D1650
TRI,R,F0196,医療機関0196,D1658,医師_D1658
TRI,R,F0155,医療機関0155,D1664,医師_D1664
TRI,R,F0029,医療機関0029,D1666,医師_D1666
TRI,R,F0206,医療機関0206,D1667,医師_D1667
TRI,R,F0036,医療機関0036,D1669,医師_D1669
TRI,R,F0293,医療機関0293,D1670,医師_D1670
TRI,R,F0139,医療機関0139,D1674,医師_D1674
TRI,R,F0111,医療機関0111,D1679,医師_D1679
TRI,R,F0098,医療機関0098,D1683,医師_D1683
TRI,R,F0215,医療機関0215,D1695,医師_D1695
TRI,R,F0241,医療機関0241,D1696,医師_D1696
TRI,R,F0051,医療機関0051,D1697,医師_D1697
TRI,R,F0098,医療機関0098,D1707,医師_D1707
TRI,R,F0085,医療機関0085,D1711,医師_D1711
TRI,R,F0016,医療機関0016,D1714,医師_D1714
TRI,R,F0233,医療機関0233,D1720,医師_D1720
TRI,R,F0103,医療機関0103,D1727,医師_D1727
TRI,R,F0259,医療機関0259,D1732,医師_D1732
TRI,R,F0081,医療機関0081,D1733,医師_D1733
TRI,R,F0247,医療機関0247,D1734,医師_D1734
TRI,R,F0137,医療機関0137,D1737,医師_D1737
TRI,R,F0246,医療機関0246,D1738,医師_D1738
TRI,R,F0128,医療機関0128,D1741,医師_D1741
TRI,R,F0164,医療機関0164,D1743,医師_D1743
TRI,R,F0226,医療機関0226,D1752,医師_D1752
TRI,R,F0140,医療機関0140,D1754,医師_D1754
TRI,R,F0124,医療機関0124,D1757,医師_D1757
TRI,R,F0066,医療機関0066,D1758,医師_D1758
TRI,R,F0226,医療機関0226,D1762,医師_D1762
TRI,R,F0036,医療機関0036,D1764,医師_D1764
TRI,R,F0053,医療機関0053,D1770,医師_D1770
TRI,R,F0120,医療機関0120,D1774,医師_D1774
TRI,R,F0210,医療機関0210,D1775,医師_D1775
TRI,R,F0042,医療機関0042,D1778,医師_D1778
TRI,R,F0197,医療機関0197,D1780,医師_D1780
TRI,R,F0054,医療機関0054,D1781,医師_D1781
TRI,R,F0276,医療機関0276,D1783,医師_D1783
TRI,R,F0263,医療機関0263,D1786,医師_D1786
TRI,R,F0137,医療機関0137,D1791,医師_D1791
TRI,R,F0181,医療機関0181,D1814,医師_D1814
TRI,R,F0146,医療機関0146,D1816,医師_D1816
TRI,R,F0186,医療機関0186,D1817,医師_D1817
TRI,R,F0087,医療機関0087,D1819,医師_D1819
TRI,R,F0032,医療機関0032,D1823,医師_D1823
TRI,R,F0169,医療機関0169,D1826,医師_D1826
TRI,R,F0116,医療機関0116,D1828,医師_D1828
TRI,R,F0136,医療機関0136,D1835,医師_D1835
TRI,R,F0192,医療機関0192,D1837,医師_D1837
TRI,R,F0254,医療機関0254,D1839,医師_D1839
TRI,R,F0064,医療機関0064,D1844,医師_D1844
TRI,R,F0269,医療機関0269,D1846,医師_D1846
TRI,R,F0233,医療機関0233,D1847,医師_D1847
TRI,R,F0234,医療機関0234,D1849,医師_D1849
TRI,R,F0052,医療機関0052,D1850,医師_D1850
TRI,R,F0252,医療機関0252,D1851,医師_D1851
TRI,R,F0268,医療機関0268,D1852,医師_D1852
TRI,R,F0029,医療機関0029,D1853,医師_D1853
TRI,R,F0141,医療機関0141,D1854,医師_D1854
TRI,R,F0140,医療機関0140,D1865,医師_D1865
TRI,R,F0065,医療機関0065,D1870,医師_D1870
TRI,R,F0063,医療機関0063,D1874,医師_D1874
TRI,R,F0032,医療機関0032,D1875,医師_D1875
TRI,R,F0053,医療機関0053,D1878,医師_D1878
TRI,R,F0041,医療機関0041,D1880,医師_D1880
TRI,R,F0196,医療機関0196,D1881,医師_D1881
TRI,R,F0055,医療機関0055,D1883,医師_D1883
TRI,R,F0158,医療機関0158,D1889,医師_D1889
TRI,R,F0184,医療機関0184,D1894,医師_D1894
TRI,R,F0267,医療機関0267,D1898,医師_D1898
TRI,R,F0030,医療機関0030,D1902,医師_D1902
TRI,R,F0138,医療機関0138,D1907,医師_D1907
TRI,R,F0186,医療機関0186,D1908,医師_D1908
TRI,R,F0060,医療機関0060,D1911,医師_D1911
TRI,R,F0227,医療機関0227,D1914,医師_D1914
TRI,R,F0032,医療機関0032,D1915,医師_D1915
TRI,R,F0098,医療機関0098,D1926,医師_D1926
TRI,R,F0174,医療機関0174,D1930,医師_D1930
TRI,R,F0241,医療機関0241,D1935,医師_D1935
TRI,R,F0098,医療機関0098,D1937,医師_D1937
TRI,R,F0087,医療機関0087,D1941,医師_D1941
TRI,R,F0292,医療機関0292,D1942,医師_D1942
TRI,R,F0097,医療機関0097,D1952,医師_D1952
TRI,R,F0058,医療機関0058,D1954,医師_D1954
TRI,R,F0240,医療機関0240,D1957,医師_D1957
TRI,R,F0174,医療機関0174,D1961,医師_D1961
TRI,R,F0123,医療機関0123,D1964,医師_D1964
TRI,R,F0241,医療機関0241,D1967,医師_D1967
TRI,R,F0220,医療機関0220,D1973,医師_D1973
TRI,R,F0136,医療機関0136,D1978,医師_D1978
TRI,R,F0171,医療機関0171,D1980,医師_D1980
TRI,R,F0139,医療機関0139,D1982,医師_D1982
TRI,R,F0111,医療機関0111,D1987,医師_D1987
TRI,R,F0114,医療機関0114,D1992,医師_D1992
TRI,R,F0029,医療機関0029,D1994,医師_D1994
TRI,R,F0092,医療機関0092,D1995,医師_D1995
TRI,R,F0065,医療機関0065,D2002,医師_D2002
TRI,R,F0228,医療機関0228,D2005,医師_D2005
TRI,R,F0249,医療機関0249,D2010,医師_D2010
TRI,R,F0292,医療機関0292,D2011,医師_D2011
TRI,R,F0201,医療機関0201,D2016,医師_D2016
TRI,R,F0016,医療機関0016,D2018,医師_D2018
TRI,R,F0294,医療機関0294,D2027,医師_D2027
TRI,R,F0281,医療機関0281,D2031,医師_D2031
TRI,R,F0205,医療機関0205,D2032,医師_D2032
TRI,R,F0169,医療機関0169,D2034,医師_D2034
TRI,R,F0072,医療機関0072,D2041,医師_D2041
TRI,R,F0149,医療機関0149,D2042,医師_D2042
TRI,R,F0002,医療機関0002,D2046,医師_D2046
TRI,R,F0281,医療機関0281,D2049,医師_D2049
TRI,R,F0297,医療機関0297,D2053,医師_D2053
TRI,R,F0131,医療機関0131,D2061,医師_D2061
TRI,R,F0233,医療機関0233,D2062,医師_D2062
TRI,R,F0290,医療機関0290,D2070,医師_D2070
TRI,R,F0238,医療機関0238,D2071,医師_D2071
TRI,R,F0256,医療機関0256,D2073,医師_D2073
TRI,R,F0179,医療機関0179,D2076,医師_D2076
TRI,R,F0113,医療機関0113,D2080,医師_D2080
TRI,R,F0031,医療機関0031,D2082,医師_D2082
TRI,R,F0145,医療機関0145,D2086,医師_D2086
TRI,R,F0074,医療機関0074,D2087,医師_D2087
TRI,R,F0192,医療機関0192,D2089,医師_D2089
TRI,R,F0219,医療機関0219,D2091,医師_D2091
TRI,R,F0183,医療機関0183,D2092,医師_D2092
TRI,R,F0036,医療機関0036,D2100,医師_D2100
TRI,R,F0220,医療機関0220,D2109,医師_D2109
TRI,R,F0188,医療機関0188,D2121,医師_D2121
TRI,R,F0139,医療機関0139,D2130,医師_D2130
TRI,R,F0289,医療機関0289,D2131,医師_D2131
TRI,R,F0280,医療機関0280,D2133,医師_D2133
TRI,R,F0173,医療機関0173,D2137,医師_D2137
TRI,R,F0148,医療機関0148,D2139,医師_D2139
TRI,R,F0293,医療機関0293,D2150,医師_D2150
TRI,R,F0074,医療機関0074,D2151,医師_D2151
TRI,R,F0025,医療機関0025,D2152,医師_D2152
TRI,R,F0175,医療機関0175,D2153,医師_D2153
TRI,R,F0298,医療機関0298,D2155,医師_D2155
TRI,R,F0262,医療機関0262,D2156,医師_D2156
TRI,R,F0266,医療機関0266,D2157,医師_D2157
TRI,R,F0191,医療機関0191,D2158,医師_D2158
TRI,R,F0129,医療機関0129,D2160,医師_D2160
TRI,R,F0041,医療機関0041,D2161,医師_D2161
TRI,R,F0062,医療機関0062,D2165,医師_D2165
TRI,R,F0091,医療機関0091,D2176,医師_D2176
TRI,R,F0036,医療機関0036,D2186,医師_D2186
TRI,R,F0018,医療機関0018,D2188,医師_D2188
TRI,R,F0251,医療機関0251,D2190,医師_D2190
TRI,R,F0171,医療機関0171,D2198,医師_D2198
TRI,R,F0213,医療機関0213,D2199,医師_D2199
TRI,R,F0120,医療機関0120,D2200,医師_D2200
TRI,R,F0134,医療機関0134,D2202,医師_D2202
TRI,R,F0052,医療機関0052,D2205,医師_D2205
TRI,R,F0087,医療機関0087,D2207,医師_D2207
TRI,R,F0094,医療機関0094,D2208,医師_D2208
TRI,R,F0238,医療機関0238,D2209,医師_D2209
TRI,R,F0060,医療機関0060,D2215,医師_D2215
TRI,R,F0029,医療機関0029,D2216,医師_D2216
TRI,R,F0261,医療機関0261,D2218,医師_D2218
TRI,R,F0293,医療機関0293,D2224,医師_D2224
TRI,R,F0186,医療機関0186,D2225,医師_D2225
TRI,R,F0109,医療機関0109,D2227,医師_D2227
TRI,R,F0188,医療機関0188,D2229,医師_D2229
TRI,R,F0039,医療機関0039,D2230,医師_D2230
TRI,R,F0230,医療機関0230,D2243,医師_D2243
TRI,R,F0116,医療機関0116,D2248,医師_D2248
TRI,R,F0084,医療機関0084,D2249,医師_D2249
TRI,R,F0027,医療機関0027,D2254,医師_D2254
TRI,R,F0171,医療機関0171,D2257,医師_D2257
TRI,R,F0184,医療機関0184,D2264,医師_D2264
TRI,R,F0011,医療機関0011,D2266,医師_D2266
TRI,R,F0293,医療機関0293,D2272,医師_D2272
TRI,R,F0066,医療機関0066,D2274,医師_D2274
TRI,R,F0116,医療機関0116,D2275,医師_D2275
TRI,R,F0200,医療機関0200,D2277,医師_D2277
TRI,R,F0280,医療機関0280,D2287,医師_D2287
TRI,R,F0019,医療機関0019,D2288,医師_D2288
TRI,R,F0045,医療機関0045,D2289,医師_D2289
TRI,R,F0059,医療機関0059,D2290,医師_D2290
TRI,R,F0171,医療機関0171,D2292,医師_D2292
TRI,R,F0110,医療機関0110,D2293,医師_D2293
TRI,R,F0274,医療機関0274,D2294,医師_D2294
TRI,R,F0188,医療機関0188,D2298,医師_D2298
TRI,R,F0061,医療機関0061,D2300,医師_D2300
TRI,R,F0186,医療機関0186,D2304,医師_D2304
TRI,R,F0260,医療機関0260,D2306,医師_D2306
TRI,R,F0105,医療機関0105,D2310,医師_D2310
TRI,R,F0028,医療機関0028,D2312,医師_D2312
TRI,R,F0255,医療機関0255,D2319,医師_D2319
TRI,R,F0232,医療機関0232,D2322,医師_D2322
TRI,R,F0038,医療機関0038,D2323,医師_D2323
TRI,R,F0049,医療機関0049,D2333,医師_D2333
TRI,R,F0247,医療機関0247,D2345,医師_D2345
TRI,R,F0177,医療機関0177,D2347,医師_D2347
TRI,R,F0150,医療機関0150,D2348,医師_D2348
TRI,R,F0156,医療機関0156,D2350,医師_D2350
TRI,R,F0144,医療機関0144,D2360,医師_D2360
TRI,R,F0073,医療機関0073,D2367,医師_D2367
TRI,R,F0141,医療機関0141,D2376,医師_D2376
TRI,R,F0149,医療機関0149,D2377,医師_D2377
TRI,R,F0143,医療機関0143,D2380,医師_D2380
TRI,R,F0216,医療機関0216,D2381,医師_D2381
TRI,R,F0019,医療機関0019,D2382,医師_D2382
TRI,R,F0247,医療機関0247,D2384,医師_D2384
TRI,R,F0216,医療機関0216,D2385,医師_D2385
TRI,R,F0195,医療機関0195,D2386,医師_D2386
TRI,R,F0225,医療機関0225,D2387,医師_D2387
TRI,R,F0137,医療機関0137,D2391,医師_D2391
TRI,R,F0192,医療機関0192,D2392,医師_D2392
TRI,R,F0232,医療機関0232,D2395,医師_D2395
TRI,R,F0190,医療機関0190,D2396,医師_D2396
TRI,R,F0091,医療機関0091,D2397,医師_D2397
TRI,R,F0279,医療機関0279,D2403,医師_D2403
TRI,R,F0180,医療機関0180,D2407,医師_D2407
TRI,R,F0128,医療機関0128,D2408,医師_D2408
TRI,R,F0152,医療機関0152,D2412,医師_D2412
TRI,R,F0065,医療機関0065,D2418,医師_D2418
TRI,R,F0189,医療機関0189,D2426,医師_D2426
TRI,R,F0269,医療機関0269,D2430,医師_D2430
TRI,R,F0030,医療機関0030,D2435,医師_D2435
TRI,R,F0241,医療機関0241,D2437,医師_D2437
TRI,R,F0099,医療機関0099,D2443,医師_D2443
TRI,R,F0265,医療機関0265,D2446,医師_D2446
TRI,R,F0051,医療機関0051,D2449,医師_D2449
TRI,R,F0241,医療機関0241,D2457,医師_D2457
TRI,R,F0117,医療機関0117,D2459,医師_D2459
TRI,R,F0115,医療機関0115,D2463,医師_D2463
TRI,R,F0045,医療機関0045,D2469,医師_D2469
TRI,R,F0021,医療機関0021,D2470,医師_D2470
TRI,R,F0073,医療機関0073,D2473,医師_D2473
TRI,R,F0235,医療機関0235,D2474,医師_D2474
TRI,R,F0062,医療機関0062,D2479,医師_D2479
TRI,R,F0073,医療機関0073,D2484,医師_D2484
TRI,R,F0102,医療機関0102,D2485,医師_D2485
TRI,R,F0055,医療機関0055,D2487,医師_D2487
TRI,R,F0104,医療機関0104,D2491,医師_D2491
TRI,R,F0118,医療機関0118,D2492,医師_D2492
TRI,R,F0110,医療機関0110,D2501,医師_D2501
TRI,R,F0091,医療機関0091,D2506,医師_D2506
TRI,R,F0259,医療機関0259,D2507,医師_D2507
TRI,R,F0162,医療機関0162,D2511,医師_D2511
TRI,R,F0280,医療機関0280,D2514,医師_D2514
TRI,R,F0261,医療機関0261,D2520,医師_D2520
TRI,R,F0185,医療機関0185,D2524,医師_D2524
TRI,R,F0133,医療機関0133,D2525,医師_D2525
TRI,R,F0152,医療機関0152,D2529,医師_D2529
TRI,R,F0214,医療機関0214,D2535,医師_D2535
TRI,R,F0214,医療機関0214,D2551,医師_D2551
TRI,R,F0068,医療機関0068,D2552,医師_D2552
TRI,R,F0262,医療機関0262,D2560,医師_D2560
TRI,R,F0189,医療機関0189,D2571,医師_D2571
TRI,W,F0027,医療機関0027,D0931,医師_D0931
TRI,W,F0003,医療機関0003,D0932,医師_D0932
TRI,W,F0280,医療機関0280,D0933,医師_D0933
TRI,W,F0245,医療機関0245,D0935,医師_D0935
TRI,W,F0010,医療機関0010,D0936,医師_D0936
TRI,W,F0047,医療機関0047,D0937,医師_D0937
TRI,W,F0034,医療機関0034,D0938,医師_D0938
TRI,W,F0187,医療機関0187,D0940,医師_D0940
TRI,W,F0143,医療機関0143,D0941,医師_D0941
TRI,W,F0073,医療機関0073,D0942,医師_D0942
TRI,W,F0171,医療機関0171,D0944,医師_D0944
TRI,W,F0178,医療機関0178,D0946,医師_D0946
TRI,W,F0207,医療機関0207,D0947,医師_D0947
TRI,W,F0255,医療機関0255,D0948,医師_D0948
TRI,W,F0149,医療機関0149,D0949,医師_D0949
TRI,W,F0085,医療機関0085,D0951,医師_D0951
TRI,W,F0186,医療機関0186,D0954,医師_D0954
TRI,W,F0138,医療機関0138,D0955,医師_D0955
TRI,W,F0270,医療機関0270,D0957,医師_D0957
TRI,W,F0299,医療機関0299,D0959,医師_D0959
TRI,W,F0257,医療機関0257,D0960,医師_D0960
TRI,W,F0088,医療機関0088,D0961,医師_D0961
TRI,W,F0077,医療機関0077,D0962,医師_D0962
TRI,W,F0276,医療機関0276,D0964,医師_D0964
TRI,W,F0168,医療機関0168,D0965,医師_D0965
TRI,W,F0137,医療機関0137,D0966,医師_D0966
TRI,W,F0182,医療機関0182,D0968,医師_D0968
TRI,W,F0273,医療機関0273,D0969,医師_D0969
TRI,W,F0296,医療機関0296,D0970,医師_D0970
TRI,W,F0024,医療機関0024,D0971,医師_D0971
TRI,W,F0109,医療機関0109,D0972,医師_D0972
TRI,W,F0221,医療機関0221,D0973,医師_D0973
TRI,W,F0244,医療機関0244,D0974,医師_D0974
TRI,W,F0045,医療機関0045,D0975,医師_D0975
TRI,W,F0096,医療機関0096,D0976,医師_D0976
TRI,W,F0165,医療機関0165,D0977,医師_D0977
TRI,W,F0240,医療機関0240,D0978,医師_D0978
TRI,W,F0034,医療機関0034,D0979,医師_D0979
TRI,W,F0089,医療機関0089,D0981,医師_D0981
TRI,W,F0125,医療機関0125,D0984,医師_D0984
TRI,W,F0096,医療機関0096,D0986,医師_D0986
TRI,W,F0247,医療機関0247,D0987,医師_D0987
TRI,W,F0024,医療機関0024,D0988,医師_D0988
TRI,W,F0259,医療機関0259,D0989,医師_D0989
TRI,W,F0221,医療機関0221,D0991,医師_D0991
TRI,W,F0116,医療機関0116,D0993,医師_D0993
TRI,W,F0006,医療機関0006,D0994,医師_D0994
TRI,W,F0211,医療機関0211,D0995,医師_D0995
TRI,W,F0218,医療機関0218,D0998,医師_D0998
TRI,W,F0213,医療機関0213,D1000,医師_D1000
TRI,W,F0091,医療機関0091,D1001,医師_D1001
TRI,W,F0222,医療機関0222,D1002,医師_D1002
TRI,W,F0248,医療機関0248,D1003,医師_D1003
TRI,W,F0038,医療機関0038,D1005,医師_D1005
TRI,W,F0045,医療機関0045,D1007,医師_D1007
TRI,W,F0179,医療機関0179,D1008,医師_D1008
TRI,W,F0071,医療機関0071,D1009,医師_D1009
TRI,W,F0233,医療機関0233,D1011,医師_D1011
TRI,W,F0044,医療機関0044,D1012,医師_D1012
TRI,W,F0202,医療機関0202,D1013,医師_D1013
TRI,W,F0208,医療機関0208,D1014,医師_D1014
TRI,W,F0019,医療機関0019,D1015,医師_D1015
TRI,W,F0239,医療機関0239,D1017,医師_D1017
TRI,W,F0037,医療機関0037,D1019,医師_D1019
TRI,W,F0298,医療機関0298,D1020,医師_D1020
TRI,W,F0080,医療機関0080,D1021,医師_D1021
TRI,W,F0278,医療機関0278,D1023,医師_D1023
TRI,W,F0005,医療機関0005,D1024,医師_D1024
TRI,W,F0298,医療機関0298,D1026,医師_D1026
TRI,W,F0176,医療機関0176,D1028,医師_D1028
TRI,W,F0117,医療機関0117,D1029,医師_D1029
TRI,W,F0172,医療機関0172,D1031,医師_D1031
TRI,W,F0028,医療機関0028,D1033,医師_D1033
TRI,W,F0265,医療機関0265,D1034,医師_D1034
TRI,W,F0161,医療機関0161,D1036,医師_D1036
TRI,W,F0050,医療機関0050,D1037,医師_D1037
TRI,W,F0187,医療機関0187,D1038,医師_D1038
TRI,W,F0055,医療機関0055,D1039,医師_D1039
TRI,W,F0082,医療機関0082,D1040,医師_D1040
TRI,W,F0217,医療機関0217,D1041,医師_D1041
TRI,W,F0016,医療機関0016,D1042,医師_D1042
TRI,W,F0135,医療機関0135,D1043,医師_D1043
TRI,W,F0179,医療機関0179,D1044,医師_D1044
TRI,W,F0040,医療機関0040,D1045,医師_D1045
TRI,W,F0089,医療機関0089,D1046,医師_D1046
TRI,W,F0104,医療機関0104,D1047,医師_D1047
TRI,W,F0294,医療機関0294,D1049,医師_D1049
TRI,W,F0251,医療機関0251,D1050,医師_D1050
TRI,W,F0179,医療機関0179,D1054,医師_D1054
TRI,W,F0047,医療機関0047,D1055,医師_D1055
TRI,W,F0070,医療機関0070,D1056,医師_D1056
TRI,W,F0255,医療機関0255,D1057,医師_D1057
TRI,W,F0077,医療機関0077,D1060,医師_D1060
TRI,W,F0186,医療機関0186,D1061,医師_D1061
TRI,W,F0184,医療機関0184,D1062,医師_D1062
TRI,W,F0056,医療機関0056,D1063,医師_D1063
TRI,W,F0158,医療機関0158,D1065,医師_D1065
TRI,W,F0119,医療機関0119,D1066,医師_D1066
TRI,W,F0204,医療機関0204,D1068,医師_D1068
TRI,W,F0218,医療機関0218,D1070,医師_D1070
TRI,W,F0229,医療機関0229,D1071,医師_D1071
TRI,W,F0171,医療機関0171,D1072,医師_D1072
TRI,W,F0081,医療機関0081,D1073,医師_D1073
TRI,W,F0228,医療機関0228,D1074,医師_D1074
TRI,W,F0216,医療機関0216,D1075,医師_D1075
TRI,W,F0296,医療機関0296,D1076,医師_D1076
TRI,W,F0045,医療機関0045,D1077,医師_D1077
TRI,W,F0126,医療機関0126,D1078,医師_D1078
TRI,W,F0283,医療機関0283,D1081,医師_D1081
TRI,W,F0011,医療機関0011,D1083,医師_D1083
TRI,W,F0239,医療機関0239,D1084,医師_D1084
TRI,W,F0108,医療機関0108,D1085,医師_D1085
TRI,W,F0157,医療機関0157,D1086,医師_D1086
TRI,W,F0123,医療機関0123,D1088,医師_D1088
TRI,W,F0282,医療機関0282,D1089,医師_D1089
TRI,W,F0029,医療機関0029,D1090,医師_D1090
TRI,W,F0232,医療機関0232,D1091,医師_D1091
TRI,W,F0267,医療機関0267,D1092,医師_D1092
TRI,W,F0198,医療機関0198,D1093,医師_D1093
TRI,W,F0049,医療機関0049,D1095,医師_D1095
TRI,W,F0205,医療機関0205,D1096,医師_D1096
TRI,W,F0141,医療機関0141,D1097,医師_D1097
TRI,W,F0045,医療機関0045,D1098,医師_D1098
TRI,W,F0108,医療機関0108,D1099,医師_D1099
TRI,W,F0289,医療機関0289,D1100,医師_D1100
TRI,W,F0080,医療機関0080,D1101,医師_D1101
TRI,W,F0054,医療機関0054,D1102,医師_D1102
TRI,W,F0205,医療機関0205,D1103,医師_D1103
TRI,W,F0060,医療機関0060,D1104,医師_D1104
TRI,W,F0276,医療機関0276,D1105,医師_D1105
TRI,W,F0258,医療機関0258,D1106,医師_D1106
TRI,W,F0274,医療機関0274,D1108,医師_D1108
TRI,W,F0064,医療機関0064,D1110,医師_D1110
TRI,W,F0141,医療機関0141,D1112,医師_D1112
TRI,W,F0264,医療機関0264,D1113,医師_D1113
TRI,W,F0221,医療機関0221,D1114,医師_D1114
TRI,W,F0194,医療機関0194,D1115,医師_D1115
TRI,W,F0264,医療機関0264,D1116,医師_D1116
TRI,W,F0194,医療機関0194,D1117,医師_D1117
TRI,W,F0114,医療機関0114,D1118,医師_D1118
TRI,W,F0124,医療機関0124,D1119,医師_D1119
TRI,W,F0027,医療機関0027,D1121,医師_D1121
TRI,W,F0196,医療機関0196,D1123,医師_D1123
TRI,W,F0220,医療機関0220,D1124,医師_D1124
TRI,W,F0161,医療機関0161,D1125,医師_D1125
TRI,W,F0235,医療機関0235,D1126,医師_D1126
TRI,W,F0285,医療機関0285,D1127,医師_D1127
TRI,W,F0171,医療機関0171,D1128,医師_D1128
TRI,W,F0134,医療機関0134,D1129,医師_D1129
TRI,W,F0032,医療機関0032,D1130,医師_D1130
TRI,W,F0234,医療機関0234,D1131,医師_D1131
TRI,W,F0272,医療機関0272,D1132,医師_D1132
TRI,W,F0210,医療機関0210,D1133,医師_D1133
TRI,W,F0260,医療機関0260,D1134,医師_D1134
TRI,W,F0259,医療機関0259,D1135,医師_D1135
TRI,W,F0240,医療機関0240,D1136,医師_D1136
TRI,W,F0151,医療機関0151,D1137,医師_D1137
TRI,W,F0001,医療機関0001,D1139,医師_D1139
TRI,W,F0062,医療機関0062,D1140,医師_D1140
TRI,W,F0130,医療機関0130,D1141,医師_D1141
TRI,W,F0224,医療機関0224,D1142,医師_D1142
TRI,W,F0137,医療機関0137,D1143,医師_D1143
TRI,W,F0007,医療機関0007,D1144,医師_D1144
TRI,W,F0294,医療機関0294,D1146,医師_D1146
TRI,W,F0114,医療機関0114,D1148,医師_D1148
TRI,W,F0280,医療機関0280,D1151,医師_D1151
TRI,W,F0267,医療機関0267,D1152,医師_D1152
TRI,W,F0189,医療機関0189,D1153,医師_D1153
TRI,W,F0119,医療機関0119,D1154,医師_D1154
TRI,W,F0188,医療機関0188,D1155,医師_D1155
TRI,W,F0105,医療機関0105,D1157,医師_D1157
TRI,W,F0172,医療機関0172,D1159,医師_D1159
TRI,W,F0116,医療機関0116,D1161,医師_D1161
TRI,W,F0123,医療機関0123,D1162,医師_D1162
TRI,W,F0004,医療機関0004,D1163,医師_D1163
TRI,W,F0181,医療機関0181,D1164,医師_D1164
TRI,W,F0173,医療機関0173,D1165,医師_D1165
TRI,W,F0281,医療機関0281,D1166,医師_D1166
TRI,W,F0141,医療機関0141,D1168,医師_D1168
TRI,W,F0021,医療機関0021,D1169,医師_D1169
TRI,W,F0060,医療機関0060,D1170,医師_D1170
TRI,W,F0102,医療機関0102,D1171,医師_D1171
TRI,W,F0114,医療機関0114,D1172,医師_D1172
TRI,W,F0109,医療機関0109,D1173,医師_D1173
TRI,W,F0119,医療機関0119,D1174,医師_D1174
TRI,W,F0231,医療機関0231,D1175,医師_D1175
TRI,W,F0040,医療機関0040,D1176,医師_D1176
TRI,W,F0100,医療機関0100,D1177,医師_D1177
TRI,W,F0093,医療機関0093,D1179,医師_D1179
TRI,W,F0206,医療機関0206,D1180,医師_D1180
TRI,W,F0015,医療機関0015,D1181,医師_D1181
TRI,W,F0102,医療機関0102,D1182,医師_D1182
TRI,W,F0008,医療機関0008,D1183,医師_D1183
TRI,W,F0287,医療機関0287,D1184,医師_D1184
TRI,W,F0219,医療機関0219,D1185,医師_D1185
TRI,W,F0074,医療機関0074,D1186,医師_D1186
TRI,W,F0030,医療機関0030,D1188,医師_D1188
TRI,W,F0176,医療機関0176,D1191,医師_D1191
TRI,W,F0104,医療機関0104,D1193,医師_D1193
TRI,W,F0084,医療機関0084,D1194,医師_D1194
TRI,W,F0056,医療機関0056,D1198,医師_D1198
TRI,W,F0144,医療機関0144,D1199,医師_D1199
TRI,W,F0157,医療機関0157,D1200,医師_D1200
TRI,W,F0018,医療機関0018,D1201,医師_D1201
TRI,W,F0141,医療機関0141,D1202,医師_D1202
TRI,W,F0078,医療機関0078,D1204,医師_D1204
TRI,W,F0039,医療機関0039,D1205,医師_D1205
TRI,W,F0003,医療機関0003,D1207,医師_D1207
TRI,W,F0145,医療機関0145,D1208,医師_D1208
TRI,W,F0027,医療機関0027,D1209,医師_D1209
TRI,W,F0074,医療機関0074,D1211,医師_D1211
TRI,W,F0196,医療機関0196,D1212,医師_D1212
TRI,W,F0203,医療機関0203,D1213,医師_D1213
TRI,W,F0149,医療機関0149,D1214,医師_D1214
TRI,W,F0266,医療機関0266,D1215,医師_D1215
TRI,W,F0071,医療機関0071,D1217,医師_D1217
TRI,W,F0076,医療機関0076,D1218,医師_D1218
TRI,W,F0041,医療機関0041,D1219,医師_D1219
TRI,W,F0094,医療機関0094,D1221,医師_D1221
TRI,W,F0091,医療機関0091,D1223,医師_D1223
TRI,W,F0264,医療機関0264,D1224,医師_D1224
TRI,W,F0232,医療機関0232,D1225,医師_D1225
TRI,W,F0271,医療機関0271,D1226,医師_D1226
TRI,W,F0032,医療機関0032,D1227,医師_D1227
TRI,W,F0296,医療機関0296,D1228,医師_D1228
TRI,W,F0185,医療機関0185,D1229,医師_D1229
TRI,W,F0295,医療機関0295,D1230,医師_D1230
TRI,W,F0286,医療機関0286,D1232,医師_D1232
TRI,W,F0177,医療機関0177,D1233,医師_D1233
TRI,W,F0022,医療機関0022,D1234,医師_D1234
TRI,W,F0124,医療機関0124,D1235,医師_D1235
TRI,W,F0042,医療機関0042,D1236,医師_D1236
TRI,W,F0283,医療機関0283,D1237,医師_D1237
TRI,W,F0092,医療機関0092,D1238,医師_D1238
TRI,W,F0067,医療機関0067,D1239,医師_D1239
TRI,W,F0128,医療機関0128,D1241,医師_D1241
TRI,W,F0030,医療機関0030,D1242,医師_D1242
TRI,W,F0245,医療機関0245,D1243,医師_D1243
TRI,W,F0254,医療機関0254,D1244,医師_D1244
TRI,W,F0223,医療機関0223,D1245,医師_D1245
TRI,W,F0163,医療機関0163,D1248,医師_D1248
TRI,W,F0157,医療機関0157,D1249,医師_D1249
TRI,W,F0050,医療機関0050,D1250,医師_D1250
TRI,W,F0076,医療機関0076,D1252,医師_D1252
TRI,W,F0137,医療機関0137,D1253,医師_D1253
TRI,W,F0049,医療機関0049,D1254,医師_D1254
TRI,W,F0033,医療機関0033,D1255,医師_D1255
TRI,W,F0113,医療機関0113,D1257,医師_D1257
TRI,W,F0221,医療機関0221,D1260,医師_D1260
TRI,W,F0222,医療機関0222,D1261,医師_D1261
TRI,W,F0255,医療機関0255,D1263,医師_D1263
TRI,W,F0112,医療機関0112,D1264,医師_D1264
TRI,W,F0251,医療機関0251,D1265,医師_D1265
TRI,W,F0122,医療機関0122,D1266,医師_D1266
TRI,W,F0034,医療機関0034,D1267,医師_D1267
TRI,W,F0229,医療機関0229,D1268,医師_D1268
TRI,W,F0232,医療機関0232,D1270,医師_D1270
TRI,W,F0013,医療機関0013,D1271,医師_D1271
TRI,W,F0063,医療機関0063,D1272,医師_D1272
TRI,W,F0182,医療機関0182,D1273,医師_D1273
TRI,W,F0283,医療機関0283,D1274,医師_D1274
TRI,W,F0123,医療機関0123,D1275,医師_D1275
TRI,W,F0037,医療機関0037,D1276,医師_D1276
TRI,W,F0070,医療機関0070,D1277,医師_D1277
TRI,W,F0269,医療機関0269,D1278,医師_D1278
TRI,W,F0031,医療機関0031,D1280,医師_D1280
TRI,W,F0080,医療機関0080,D1282,医師_D1282
TRI,W,F0054,医療機関0054,D1283,医師_D1283
TRI,W,F0254,医療機関0254,D1284,医師_D1284
TRI,W,F0019,医療機関0019,D1289,医師_D1289
TRI,W,F0135,医療機関0135,D1290,医師_D1290
TRI,W,F0056,医療機関0056,D1291,医師_D1291
TRI,W,F0074,医療機関0074,D1292,医師_D1292
TRI,W,F0264,医療機関0264,D1293,医師_D1293
TRI,W,F0214,医療機関0214,D1294,医師_D1294
TRI,W,F0041,医療機関0041,D1295,医師_D1295
TRI,W,F0256,医療機関0256,D1296,医師_D1296
TRI,W,F0173,医療機関0173,D1297,医師_D1297
TRI,W,F0263,医療機関0263,D1298,医師_D1298
TRI,W,F0102,医療機関0102,D1300,医師_D1300
TRI,W,F0161,医療機関0161,D1301,医師_D1301
TRI,W,F0160,医療機関0160,D1302,医師_D1302
TRI,W,F0216,医療機関0216,D1303,医師_D1303
TRI,W,F0075,医療機関0075,D1304,医師_D1304
TRI,W,F0100,医療機関0100,D1305,医師_D1305
TRI,W,F0074,医療機関0074,D1306,医師_D1306
TRI,W,F0089,医療機関0089,D1307,医師_D1307
TRI,W,F0049,医療機関0049,D1308,医師_D1308
TRI,W,F0011,医療機関0011,D1309,医師_D1309
TRI,W,F0023,医療機関0023,D1311,医師_D1311
TRI,W,F0267,医療機関0267,D1312,医師_D1312
TRI,W,F0234,医療機関0234,D1314,医師_D1314
TRI,W,F0099,医療機関0099,D1315,医師_D1315
TRI,W,F0156,医療機関0156,D1316,医師_D1316
TRI,W,F0148,医療機関0148,D1318,医師_D1318
TRI,W,F0136,医療機関0136,D1319,医師_D1319
TRI,W,F0159,医療機関0159,D1320,医師_D1320
TRI,W,F0161,医療機関0161,D1322,医師_D1322
TRI,W,F0248,医療機関0248,D1323,医師_D1323
TRI,W,F0109,医療機関0109,D1325,医師_D1325
TRI,W,F0108,医療機関0108,D1327,医師_D1327
TRI,W,F0038,医療機関0038,D1328,医師_D1328
TRI,W,F0055,医療機関0055,D1329,医師_D1329
TRI,W,F0286,医療機関0286,D1330,医師_D1330
TRI,W,F0145,医療機関0145,D1332,医師_D1332
TRI,W,F0286,医療機関0286,D1334,医師_D1334
TRI,W,F0112,医療機関0112,D1337,医師_D1337
TRI,W,F0167,医療機関0167,D1338,医師_D1338
TRI,W,F0288,医療機関0288,D1339,医師_D1339
TRI,W,F0063,医療機関0063,D1340,医師_D1340
TRI,W,F0050,医療機関0050,D1341,医師_D1341
TRI,W,F0263,医療機関0263,D1343,医師_D1343
TRI,W,F0010,医療機関0010,D1344,医師_D1344
TRI,W,F0115,医療機関0115,D1345,医師_D1345
TRI,W,F0048,医療機関0048,D1347,医師_D1347
TRI,W,F0275,医療機関0275,D1351,医師_D1351
TRI,W,F0183,医療機関0183,D1352,医師_D1352
TRI,W,F0022,医療機関0022,D1353,医師_D1353
TRI,W,F0140,医療機関0140,D1354,医師_D1354
TRI,W,F0292,医療機関0292,D1355,医師_D1355
TRI,W,F0121,医療機関0121,D1356,医師_D1356
TRI,W,F0159,医療機関0159,D1357,医師_D1357
TRI,W,F0160,医療機関0160,D1358,医師_D1358
TRI,W,F0057,医療機関0057,D1360,医師_D1360
TRI,W,F0252,医療機関0252,D1361,医師_D1361
TRI,W,F0297,医療機関0297,D1362,医師_D1362
TRI,W,F0246,医療機関0246,D1365,医師_D1365
TRI,W,F0223,医療機関0223,D1366,医師_D1366
TRI,W,F0141,医療機関0141,D1368,医師_D1368
TRI,W,F0252,医療機関0252,D1369,医師_D1369
TRI,W,F0249,医療機関0249,D1371,医師_D1371
TRI,W,F0277,医療機関0277,D1372,医師_D1372
TRI,W,F0205,医療機関0205,D1373,医師_D1373
TRI,W,F0016,医療機関0016,D1376,医師_D1376
TRI,W,F0280,医療機関0280,D1377,医師_D1377
TRI,W,F0103,医療機関0103,D1378,医師_D1378
TRI,W,F0018,医療機関0018,D1379,医師_D1379
TRI,W,F0239,医療機関0239,D1380,医師_D1380
TRI,W,F0198,医療機関0198,D1381,医師_D1381
TRI,W,F0187,医療機関0187,D1382,医師_D1382
TRI,W,F0017,医療機関0017,D1383,医師_D1383
TRI,W,F0226,医療機関0226,D1384,医師_D1384
TRI,W,F0192,医療機関0192,D1385,医師_D1385
TRI,W,F0249,医療機関0249,D1387,医師_D1387
TRI,W,F0064,医療機関0064,D1388,医師_D1388
TRI,W,F0064,医療機関0064,D1389,医師_D1389
TRI,W,F0278,医療機関0278,D1390,医師_D1390
TRI,W,F0160,医療機関0160,D1391,医師_D1391
TRI,W,F0132,医療機関0132,D1392,医師_D1392
TRI,W,F0087,医療機関0087,D1393,医師_D1393
TRI,W,F0192,医療機関0192,D1394,医師_D1394
TRI,W,F0227,医療機関0227,D1395,医師_D1395
TRI,W,F0001,医療機関0001,D1396,医師_D1396
TRI,W,F0166,医療機関0166,D1397,医師_D1397
TRI,W,F0085,医療機関0085,D1399,医師_D1399
TRI,W,F0085,医療機関0085,D1400,医師_D1400
TRI,W,F0019,医療機関0019,D1402,医師_D1402
TRI,W,F0138,医療機関0138,D1404,医師_D1404
TRI,W,F0240,医療機関0240,D1405,医師_D1405
TRI,W,F0039,医療機関0039,D1406,医師_D1406
TRI,W,F0131,医療機関0131,D1407,医師_D1407
TRI,W,F0046,医療機関0046,D1408,医師_D1408
TRI,W,F0237,医療機関0237,D1409,医師_D1409
TRI,W,F0190,医療機関0190,D1410,医師_D1410
TRI,W,F0150,医療機関0150,D1411,医師_D1411
TRI,W,F0046,医療機関0046,D1413,医師_D1413
TRI,W,F0277,医療機関0277,D1414,医師_D1414
TRI,W,F0195,医療機関0195,D1415,医師_D1415
TRI,W,F0096,医療機関0096,D1416,医師_D1416
TRI,W,F0125,医療機関0125,D1417,医師_D1417
TRI,W,F0218,医療機関0218,D1418,医師_D1418
TRI,W,F0216,医療機関0216,D1419,医師_D1419
TRI,W,F0139,医療機関0139,D1420,医師_D1420
TRI,W,F0091,医療機関0091,D1421,医師_D1421
TRI,W,F0198,医療機関0198,D1422,医師_D1422
TRI,W,F0180,医療機関0180,D1424,医師_D1424
TRI,W,F0022,医療機関0022,D1425,医師_D1425
TRI,W,F0185,医療機関0185,D1427,医師_D1427
TRI,W,F0286,医療機関0286,D1428,医師_D1428
TRI,W,F0158,医療機関0158,D1429,医師_D1429
TRI,W,F0103,医療機関0103,D1430,医師_D1430
TRI,W,F0167,医療機関0167,D1431,医師_D1431
TRI,W,F0028,医療機関0028,D1433,医師_D1433
TRI,W,F0204,医療機関0204,D1434,医師_D1434
TRI,W,F0296,医療機関0296,D1435,医師_D1435
TRI,W,F0254,医療機関0254,D1436,医師_D1436
TRI,W,F0176,医療機関0176,D1437,医師_D1437
TRI,W,F0013,医療機関0013,D1438,医師_D1438
TRI,W,F0224,医療機関0224,D1443,医師_D1443
TRI,W,F0298,医療機関0298,D1446,医師_D1446
TRI,W,F0160,医療機関0160,D1448,医師_D1448
TRI,W,F0198,医療機関0198,D1450,医師_D1450
TRI,W,F0109,医療機関0109,D1453,医師_D1453
TRI,W,F0285,医療機関0285,D1454,医師_D1454
TRI,W,F0110,医療機関0110,D1456,医師_D1456
TRI,W,F0221,医療機関0221,D1457,医師_D1457
TRI,W,F0222,医療機関0222,D1458,医師_D1458
TRI,W,F0119,医療機関0119,D1459,医師_D1459
TRI,W,F0269,医療機関0269,D1461,医師_D1461
TRI,W,F0169,医療機関0169,D1462,医師_D1462
TRI,W,F0045,医療機関0045,D1463,医師_D1463
TRI,W,F0216,医療機関0216,D1464,医師_D1464
TRI,W,F0177,医療機関0177,D1465,医師_D1465
TRI,W,F0153,医療機関0153,D1466,医師_D1466
TRI,W,F0218,医療機関0218,D1467,医師_D1467
TRI,W,F0273,医療機関0273,D1468,医師_D1468
TRI,W,F0100,医療機関0100,D1469,医師_D1469
TRI,W,F0126,医療機関0126,D1470,医師_D1470
TRI,W,F0057,医療機関0057,D1471,医師_D1471
TRI,W,F0195,医療機関0195,D1472,医師_D1472
TRI,W,F0121,医療機関0121,D1473,医師_D1473
TRI,W,F0103,医療機関0103,D1474,医師_D1474
TRI,W,F0123,医療機関0123,D1476,医師_D1476
TRI,W,F0133,医療機関0133,D1478,医師_D1478
TRI,W,F0078,医療機関0078,D1479,医師_D1479
TRI,W,F0249,医療機関0249,D1481,医師_D1481
TRI,W,F0098,医療機関0098,D1483,医師_D1483
TRI,W,F0201,医療機関0201,D1484,医師_D1484
TRI,W,F0197,医療機関0197,D1486,医師_D1486
TRI,W,F0220,医療機関0220,D1487,医師_D1487
TRI,W,F0199,医療機関0199,D1488,医師_D1488
TRI,W,F0092,医療機関0092,D1489,医師_D1489
TRI,W,F0006,医療機関0006,D1490,医師_D1490
TRI,W,F0267,医療機関0267,D1491,医師_D1491
TRI,W,F0098,医療機関0098,D1492,医師_D1492
TRI,W,F0060,医療機関0060,D1494,医師_D1494
TRI,W,F0049,医療機関0049,D1495,医師_D1495
TRI,W,F0234,医療機関0234,D1496,医師_D1496
TRI,W,F0259,医療機関0259,D1498,医師_D1498
TRI,W,F0226,医療機関0226,D1499,医師_D1499
TRI,W,F0075,医療機関0075,D1500,医師_D1500
TRI,W,F0274,医療機関0274,D1501,医師_D1501
TRI,W,F0201,医療機関0201,D1502,医師_D1502
TRI,W,F0052,医療機関0052,D1503,医師_D1503
TRI,W,F0039,医療機関0039,D1504,医師_D1504
TRI,W,F0083,医療機関0083,D1506,医師_D1506
TRI,W,F0230,医療機関0230,D1507,医師_D1507
TRI,W,F0042,医療機関0042,D1508,医師_D1508
TRI,W,F0085,医療機関0085,D1509,医師_D1509
TRI,W,F0086,医療機関0086,D1510,医師_D1510
TRI,W,F0085,医療機関0085,D1511,医師_D1511
TRI,W,F0203,医療機関0203,D1512,医師_D1512
TRI,W,F0275,医療機関0275,D1513,医師_D1513
TRI,W,F0274,医療機関0274,D1514,医師_D1514
TRI,W,F0061,医療機関0061,D1516,医師_D1516
TRI,W,F0289,医療機関0289,D1517,医師_D1517
TRI,W,F0163,医療機関0163,D1518,医師_D1518
TRI,W,F0164,医療機関0164,D1519,医師_D1519
TRI,W,F0211,医療機関0211,D1520,医師_D1520
TRI,W,F0231,医療機関0231,D1521,医師_D1521
TRI,W,F0286,医療機関0286,D1522,医師_D1522
TRI,W,F0175,医療機関0175,D1523,医師_D1523
TRI,W,F0184,医療機関0184,D1524,医師_D1524
TRI,W,F0224,医療機関0224,D1525,医師_D1525
TRI,W,F0077,医療機関0077,D1526,医師_D1526
TRI,W,F0188,医療機関0188,D1528,医師_D1528
TRI,W,F0020,医療機関0020,D1529,医師_D1529
TRI,W,F0097,医療機関0097,D1530,医師_D1530
TRI,W,F0293,医療機関0293,D1532,医師_D1532
TRI,W,F0156,医療機関0156,D1533,医師_D1533
TRI,W,F0120,医療機関0120,D1534,医師_D1534
TRI,W,F0164,医療機関0164,D1537,医師_D1537
TRI,W,F0007,医療機関0007,D1538,医師_D1538
TRI,W,F0121,医療機関0121,D1540,医師_D1540
TRI,W,F0211,医療機関0211,D1541,医師_D1541
TRI,W,F0289,医療機関0289,D1543,医師_D1543
TRI,W,F0184,医療機関0184,D1544,医師_D1544
TRI,W,F0134,医療機関0134,D1546,医師_D1546
TRI,W,F0053,医療機関0053,D1547,医師_D1547
TRI,W,F0281,医療機関0281,D1548,医師_D1548
TRI,W,F0255,医療機関0255,D1549,医師_D1549
TRI,W,F0257,医療機関0257,D1550,医師_D1550
TRI,W,F0099,医療機関0099,D1551,医師_D1551
TRI,W,F0097,医療機関0097,D1552,医師_D1552
TRI,W,F0257,医療機関0257,D1553,医師_D1553
TRI,W,F0164,医療機関0164,D1554,医師_D1554
TRI,W,F0147,医療機関0147,D1556,医師_D1556
TRI,W,F0133,医療機関0133,D1557,医師_D1557
TRI,W,F0190,医療機関0190,D1558,医師_D1558
TRI,W,F0244,医療機関0244,D1559,医師_D1559
TRI,W,F0101,医療機関0101,D1560,医師_D1560
TRI,W,F0243,医療機関0243,D1561,医師_D1561
TRI,W,F0074,医療機関0074,D1562,医師_D1562
TRI,W,F0121,医療機関0121,D1563,医師_D1563
TRI,W,F0287,医療機関0287,D1565,医師_D1565
TRI,W,F0278,医療機関0278,D1566,医師_D1566
TRI,W,F0253,医療機関0253,D1568,医師_D1568
TRI,W,F0281,医療機関0281,D1569,医師_D1569
TRI,W,F0224,医療機関0224,D1572,医師_D1572
TRI,W,F0300,医療機関0300,D1573,医師_D1573
TRI,W,F0070,医療機関0070,D1575,医師_D1575
TRI,W,F0188,医療機関0188,D1579,医師_D1579
TRI,W,F0210,医療機関0210,D1581,医師_D1581
TRI,W,F0073,医療機関0073,D1582,医師_D1582
TRI,W,F0182,医療機関0182,D1583,医師_D1583
TRI,W,F0191,医療機関0191,D1585,医師_D1585
TRI,W,F0087,医療機関0087,D1586,医師_D1586
TRI,W,F0092,医療機関0092,D1587,医師_D1587
TRI,W,F0078,医療機関0078,D1588,医師_D1588
TRI,W,F0176,医療機関0176,D1590,医師_D1590
TRI,W,F0109,医療機関0109,D1591,医師_D1591
TRI,W,F0123,医療機関0123,D1592,医師_D1592
TRI,W,F0086,医療機関0086,D1593,医師_D1593
TRI,W,F0066,医療機関0066,D1594,医師_D1594
TRI,W,F0198,医療機関0198,D1595,医師_D1595
TRI,W,F0245,医療機関0245,D1596,医師_D1596
TRI,W,F0088,医療機関0088,D1597,医師_D1597
TRI,W,F0259,医療機関0259,D1598,医師_D1598
TRI,W,F0172,医療機関0172,D1599,医師_D1599
TRI,W,F0051,医療機関0051,D1600,医師_D1600
TRI,W,F0110,医療機関0110,D1601,医師_D1601
TRI,W,F0012,医療機関0012,D1603,医師_D1603
TRI,W,F0137,医療機関0137,D1605,医師_D1605
TRI,W,F0240,医療機関0240,D1606,医師_D1606
TRI,W,F0041,医療機関0041,D1607,医師_D1607
TRI,W,F0071,医療機関0071,D1609,医師_D1609
TRI,W,F0042,医療機関0042,D1610,医師_D1610
TRI,W,F0182,医療機関0182,D1613,医師_D1613
TRI,W,F0136,医療機関0136,D1617,医師_D1617
TRI,W,F0300,医療機関0300,D1618,医師_D1618
TRI,W,F0086,医療機関0086,D1619,医師_D1619
TRI,W,F0058,医療機関0058,D1620,医師_D1620
TRI,W,F0284,医療機関0284,D1621,医師_D1621
TRI,W,F0127,医療機関0127,D1624,医師_D1624
TRI,W,F0121,医療機関0121,D1625,医師_D1625
TRI,W,F0186,医療機関0186,D1626,医師_D1626
TRI,W,F0264,医療機関0264,D1627,医師_D1627
TRI,W,F0280,医療機関0280,D1628,医師_D1628
TRI,W,F0087,医療機関0087,D1629,医師_D1629
TRI,W,F0295,医療機関0295,D1630,医師_D1630
TRI,W,F0190,医療機関0190,D1631,医師_D1631
TRI,W,F0021,医療機関0021,D1632,医師_D1632
TRI,W,F0282,医療機関0282,D1633,医師_D1633
TRI,W,F0238,医療機関0238,D1636,医師_D1636
TRI,W,F0143,医療機関0143,D1639,医師_D1639
TRI,W,F0266,医療機関0266,D1640,医師_D1640
TRI,W,F0200,医療機関0200,D1642,医師_D1642
TRI,W,F0034,医療機関0034,D1644,医師_D1644
TRI,W,F0214,医療機関0214,D1645,医師_D1645
TRI,W,F0047,医療機関0047,D1649,医師_D1649
TRI,W,F0152,医療機関0152,D1651,医師_D1651
TRI,W,F0166,医療機関0166,D1652,医師_D1652
TRI,W,F0074,医療機関0074,D1653,医師_D1653
TRI,W,F0151,医療機関0151,D1654,医師_D1654
TRI,W,F0089,医療機関0089,D1655,医師_D1655
TRI,W,F0206,医療機関0206,D1656,医師_D1656
TRI,W,F0239,医療機関0239,D1657,医師_D1657
TRI,W,F0001,医療機関0001,D1659,医師_D1659
TRI,W,F0298,医療機関0298,D1660,医師_D1660
TRI,W,F0008,医療機関0008,D1661,医師_D1661
TRI,W,F0300,医療機関0300,D1662,医師_D1662
TRI,W,F0010,医療機関0010,D1663,医師_D1663
TRI,W,F0032,医療機関0032,D1665,医師_D1665
TRI,W,F0219,医療機関0219,D1668,医師_D1668
TRI,W,F0097,医療機関0097,D1671,医師_D1671
TRI,W,F0096,医療機関0096,D1672,医師_D1672
TRI,W,F0090,医療機関0090,D1673,医師_D1673
TRI,W,F0054,医療機関0054,D1675,医師_D1675
TRI,W,F0128,医療機関0128,D1676,医師_D1676
TRI,W,F0063,医療機関0063,D1677,医師_D1677
TRI,W,F0016,医療機関0016,D1678,医師_D1678
TRI,W,F0202,医療機関0202,D1680,医師_D1680
TRI,W,F0229,医療機関0229,D1681,医師_D1681
TRI,W,F0107,医療機関0107,D1682,医師_D1682
TRI,W,F0237,医療機関0237,D1684,医師_D1684
TRI,W,F0205,医療機関0205,D1685,医師_D1685
TRI,W,F0250,医療機関0250,D1686,医師_D1686
TRI,W,F0272,医療機関0272,D1687,医師_D1687
TRI,W,F0247,医療機関0247,D1688,医師_D1688
TRI,W,F0281,医療機関0281,D1689,医師_D1689
TRI,W,F0125,医療機関0125,D1690,医師_D1690
TRI,W,F0119,医療機関0119,D1691,医師_D1691
TRI,W,F0097,医療機関0097,D1692,医師_D1692
TRI,W,F0071,医療機関0071,D1693,医師_D1693
TRI,W,F0225,医療機関0225,D1694,医師_D1694
TRI,W,F0148,医療機関0148,D1698,医師_D1698
TRI,W,F0067,医療機関0067,D1699,医師_D1699
TRI,W,F0268,医療機関0268,D1700,医師_D1700
TRI,W,F0081,医療機関0081,D1701,医師_D1701
TRI,W,F0044,医療機関0044,D1702,医師_D1702
TRI,W,F0171,医療機関0171,D1703,医師_D1703
TRI,W,F0264,医療機関0264,D1704,医師_D1704
TRI,W,F0275,医療機関0275,D1705,医師_D1705
TRI,W,F0029,医療機関0029,D1706,医師_D1706
TRI,W,F0047,医療機関0047,D1708,医師_D1708
TRI,W,F0093,医療機関0093,D1709,医師_D1709
TRI,W,F0161,医療機関0161,D1710,医師_D1710
TRI,W,F0021,医療機関0021,D1712,医師_D1712
TRI,W,F0154,医療機関0154,D1713,医師_D1713
TRI,W,F0069,医療機関0069,D1715,医師_D1715
TRI,W,F0001,医療機関0001,D1716,医師_D1716
TRI,W,F0027,医療機関0027,D1717,医師_D1717
TRI,W,F0131,医療機関0131,D1718,医師_D1718
TRI,W,F0256,医療機関0256,D1719,医師_D1719
TRI,W,F0030,医療機関0030,D1721,医師_D1721
TRI,W,F0011,医療機関0011,D1722,医師_D1722
TRI,W,F0102,医療機関0102,D1723,医師_D1723
TRI,W,F0196,医療機関0196,D1724,医師_D1724
TRI,W,F0225,医療機関0225,D1725,医師_D1725
TRI,W,F0247,医療機関0247,D1726,医師_D1726
TRI,W,F0051,医療機関0051,D1728,医師_D1728
TRI,W,F0008,医療機関0008,D1729,医師_D1729
TRI,W,F0045,医療機関0045,D1730,医師_D1730
TRI,W,F0020,医療機関0020,D1731,医師_D1731
TRI,W,F0166,医療機関0166,D1735,医師_D1735
TRI,W,F0162,医療機関0162,D1736,医師_D1736
TRI,W,F0014,医療機関0014,D1739,医師_D1739
TRI,W,F0028,医療機関0028,D1740,医師_D1740
TRI,W,F0119,医療機関0119,D1742,医師_D1742
TRI,W,F0222,医療機関0222,D1744,医師_D1744
TRI,W,F0177,医療機関0177,D1745,医師_D1745
TRI,W,F0078,医療機関0078,D1746,医師_D1746
TRI,W,F0099,医療機関0099,D1747,医師_D1747
TRI,W,F0226,医療機関0226,D1748,医師_D1748
TRI,W,F0061,医療機関0061,D1749,医師_D1749
TRI,W,F0152,医療機関0152,D1750,医師_D1750
TRI,W,F0162,医療機関0162,D1751,医師_D1751
TRI,W,F0215,医療機関0215,D1753,医師_D1753
TRI,W,F0093,医療機関0093,D1755,医師_D1755
TRI,W,F0111,医療機関0111,D1756,医師_D1756
TRI,W,F0188,医療機関0188,D1759,医師_D1759
TRI,W,F0063,医療機関0063,D1760,医師_D1760
TRI,W,F0195,医療機関0195,D1761,医師_D1761
TRI,W,F0289,医療機関0289,D1763,医師_D1763
TRI,W,F0228,医療機関0228,D1765,医師_D1765
TRI,W,F0026,医療機関0026,D1766,医師_D1766
TRI,W,F0102,医療機関0102,D1767,医師_D1767
TRI,W,F0053,医療機関0053,D1768,医師_D1768
TRI,W,F0049,医療機関0049,D1769,医師_D1769
TRI,W,F0014,医療機関0014,D1771,医師_D1771
TRI,W,F0247,医療機関0247,D1772,医師_D1772
TRI,W,F0019,医療機関0019,D1773,医師_D1773
TRI,W,F0298,医療機関0298,D1776,医師_D1776
TRI,W,F0257,医療機関0257,D1777,医師_D1777
TRI,W,F0297,医療機関0297,D1779,医師_D1779
TRI,W,F0135,医療機関0135,D1782,医師_D1782
TRI,W,F0118,医療機関0118,D1784,医師_D1784
TRI,W,F0056,医療機関0056,D1785,医師_D1785
TRI,W,F0286,医療機関0286,D1787,医師_D1787
TRI,W,F0293,医療機関0293,D1788,医師_D1788
TRI,W,F0287,医療機関0287,D1789,医師_D1789
TRI,W,F0262,医療機関0262,D1790,医師_D1790
TRI,W,F0058,医療機関0058,D1792,医師_D1792
TRI,W,F0186,医療機関0186,D1793,医師_D1793
TRI,W,F0067,医療機関0067,D1794,医師_D1794
TRI,W,F0142,医療機関0142,D1795,医師_D1795
TRI,W,F0197,医療機関0197,D1796,医師_D1796
TRI,W,F0284,医療機関0284,D1797,医師_D1797
TRI,W,F0087,医療機関0087,D1798,医師_D1798
TRI,W,F0076,医療機関0076,D1799,医師_D1799
TRI,W,F0221,医療機関0221,D1800,医師_D1800
TRI,W,F0002,医療機関0002,D1801,医師_D1801
TRI,W,F0170,医療機関0170,D1802,医師_D1802
TRI,W,F0224,医療機関0224,D1803,医師_D1803
TRI,W,F0166,医療機関0166,D1804,医師_D1804
TRI,W,F0116,医療機関0116,D1805,医師_D1805
TRI,W,F0249,医療機関0249,D1806,医師_D1806
TRI,W,F0112,医療機関0112,D1807,医師_D1807
TRI,W,F0214,医療機関0214,D1808,医師_D1808
TRI,W,F0140,医療機関0140,D1809,医師_D1809
TRI,W,F0008,医療機関0008,D1810,医師_D1810
TRI,W,F0160,医療機関0160,D1811,医師_D1811
TRI,W,F0015,医療機関0015,D1812,医師_D1812
TRI,W,F0280,医療機関0280,D1813,医師_D1813
TRI,W,F0112,医療機関0112,D1815,医師_D1815
TRI,W,F0079,医療機関0079,D1818,医師_D1818
TRI,W,F0126,医療機関0126,D1820,医師_D1820
TRI,W,F0078,医療機関0078,D1821,医師_D1821
TRI,W,F0228,医療機関0228,D1822,医師_D1822
TRI,W,F0248,医療機関0248,D1824,医師_D1824
TRI,W,F0105,医療機関0105,D1825,医師_D1825
TRI,W,F0048,医療機関0048,D1827,医師_D1827
TRI,W,F0227,医療機関0227,D1829,医師_D1829
TRI,W,F0082,医療機関0082,D1830,医師_D1830
TRI,W,F0040,医療機関0040,D1831,医師_D1831
TRI,W,F0157,医療機関0157,D1832,医師_D1832
TRI,W,F0049,医療機関0049,D1833,医師_D1833
TRI,W,F0095,医療機関0095,D1834,医師_D1834
TRI,W,F0170,医療機関0170,D1836,医師_D1836
TRI,W,F0203,医療機関0203,D1838,医師_D1838
TRI,W,F0020,医療機関0020,D1840,医師_D1840
TRI,W,F0109,医療機関0109,D1841,医師_D1841
TRI,W,F0001,医療機関0001,D1842,医師_D1842
TRI,W,F0003,医療機関0003,D1843,医師_D1843
TRI,W,F0180,医療機関0180,D1845,医師_D1845
TRI,W,F0194,医療機関0194,D1848,医師_D1848
TRI,W,F0250,医療機関0250,D1855,医師_D1855
TRI,W,F0143,医療機関0143,D1856,医師_D1856
TRI,W,F0253,医療機関0253,D1857,医師_D1857
TRI,W,F0281,医療機関0281,D1858,医師_D1858
TRI,W,F0143,医療機関0143,D1859,医師_D1859
TRI,W,F0018,医療機関0018,D1860,医師_D1860
TRI,W,F0103,医療機関0103,D1861,医師_D1861
TRI,W,F0065,医療機関0065,D1862,医師_D1862
TRI,W,F0143,医療機関0143,D1863,医師_D1863
TRI,W,F0176,医療機関0176,D1864,医師_D1864
TRI,W,F0059,医療機関0059,D1866,医師_D1866
TRI,W,F0091,医療機関0091,D1867,医師_D1867
TRI,W,F0204,医療機関0204,D1868,医師_D1868
TRI,W,F0009,医療機関0009,D1869,医師_D1869
TRI,W,F0268,医療機関0268,D1871,医師_D1871
TRI,W,F0030,医療機関0030,D1872,医師_D1872
TRI,W,F0125,医療機関0125,D1873,医師_D1873
TRI,W,F0127,医療機関0127,D1876,医師_D1876
TRI,W,F0157,医療機関0157,D1877,医師_D1877
TRI,W,F0024,医療機関0024,D1879,医師_D1879
TRI,W,F0259,医療機関0259,D1882,医師_D1882
TRI,W,F0097,医療機関0097,D1884,医師_D1884
TRI,W,F0104,医療機関0104,D1885,医師_D1885
TRI,W,F0109,医療機関0109,D1886,医師_D1886
TRI,W,F0074,医療機関0074,D1887,医師_D1887
TRI,W,F0017,医療機関0017,D1888,医師_D1888
TRI,W,F0108,医療機関0108,D1890,医師_D1890
TRI,W,F0103,医療機関0103,D1891,医師_D1891
TRI,W,F0080,医療機関0080,D1892,医師_D1892
TRI,W,F0279,医療機関0279,D1893,医師_D1893
TRI,W,F0126,医療機関0126,D1895,医師_D1895
TRI,W,F0062,医療機関0062,D1896,医師_D1896
TRI,W,F0241,医療機関0241,D1897,医師_D1897
TRI,W,F0010,医療機関0010,D1899,医師_D1899
TRI,W,F0279,医療機関0279,D1900,医師_D1900
TRI,W,F0210,医療機関0210,D1901,医師_D1901
TRI,W,F0226,医療機関0226,D1903,医師_D1903
TRI,W,F0033,医療機関0033,D1904,医師_D1904
TRI,W,F0016,医療機関0016,D1905,医師_D1905
TRI,W,F0035,医療機関0035,D1906,医師_D1906
TRI,W,F0123,医療機関0123,D1909,医師_D1909
TRI,W,F0037,医療機関0037,D1910,医師_D1910
TRI,W,F0256,医療機関0256,D1912,医師_D1912
TRI,W,F0289,医療機関0289,D1913,医師_D1913
TRI,W,F0246,医療機関0246,D1916,医師_D1916
TRI,W,F0208,医療機関0208,D1917,医師_D1917
TRI,W,F0158,医療機関0158,D1918,医師_D1918
TRI,W,F0043,医療機関0043,D1919,医師_D1919
TRI,W,F0300,医療機関0300,D1920,医師_D1920
TRI,W,F0133,医療機関0133,D1921,医師_D1921
TRI,W,F0014,医療機関0014,D1922,医師_D1922
TRI,W,F0063,医療機関0063,D1923,医師_D1923
TRI,W,F0121,医療機関0121,D1924,医師_D1924
TRI,W,F0019,医療機関0019,D1925,医師_D1925
TRI,W,F0141,医療機関0141,D1927,医師_D1927
TRI,W,F0285,医療機関0285,D1928,医師_D1928
TRI,W,F0026,医療機関0026,D1929,医師_D1929
TRI,W,F0275,医療機関0275,D1931,医師_D1931
TRI,W,F0242,医療機関0242,D1932,医師_D1932
TRI,W,F0278,医療機関0278,D1933,医師_D1933
TRI,W,F0052,医療機関0052,D1934,医師_D1934
TRI,W,F0294,医療機関0294,D1936,医師_D1936
TRI,W,F0150,医療機関0150,D1938,医師_D1938
TRI,W,F0160,医療機関0160,D1939,医師_D1939
TRI,W,F0149,医療機関0149,D1940,医師_D1940
TRI,W,F0287,医療機関0287,D1943,医師_D1943
TRI,W,F0115,医療機関0115,D1944,医師_D1944
TRI,W,F0242,医療機関0242,D1945,医師_D1945
TRI,W,F0120,医療機関0120,D1946,医師_D1946
TRI,W,F0239,医療機関0239,D1947,医師_D1947
TRI,W,F0176,医療機関0176,D1948,医師_D1948
TRI,W,F0142,医療機関0142,D1949,医師_D1949
TRI,W,F0039,医療機関0039,D1950,医師_D1950
TRI,W,F0197,医療機関0197,D1951,医師_D1951
TRI,W,F0066,医療機関0066,D1953,医師_D1953
TRI,W,F0295,医療機関0295,D1955,医師_D1955
TRI,W,F0031,医療機関0031,D1956,医師_D1956
TRI,W,F0260,医療機関0260,D1958,医師_D1958
TRI,W,F0010,医療機関0010,D1959,医師_D1959
TRI,W,F0177,医療機関0177,D1960,医師_D1960
TRI,W,F0108,医療機関0108,D1962,医師_D1962
TRI,W,F0201,医療機関0201,D1963,医師_D1963
TRI,W,F0132,医療機関0132,D1965,医師_D1965
TRI,W,F0130,医療機関0130,D1966,医師_D1966
TRI,W,F0190,医療機関0190,D1968,医師_D1968
TRI,W,F0114,医療機関0114,D1969,医師_D1969
TRI,W,F0279,医療機関0279,D1970,医師_D1970
TRI,W,F0241,医療機関0241,D1971,医師_D1971
TRI,W,F0280,医療機関0280,D1972,医師_D1972
TRI,W,F0118,医療機関0118,D1974,医師_D1974
TRI,W,F0232,医療機関0232,D1975,医師_D1975
TRI,W,F0099,医療機関0099,D1976,医師_D1976
TRI,W,F0082,医療機関0082,D1977,医師_D1977
TRI,W,F0291,医療機関0291,D1979,医師_D1979
TRI,W,F0116,医療機関0116,D1981,医師_D1981
TRI,W,F0088,医療機関0088,D1983,医師_D1983
TRI,W,F0198,医療機関0198,D1984,医師_D1984
TRI,W,F0106,医療機関0106,D1985,医師_D1985
TRI,W,F0167,医療機関0167,D1986,医師_D1986
TRI,W,F0097,医療機関0097,D1988,医師_D1988
TRI,W,F0292,医療機関0292,D1989,医師_D1989
TRI,W,F0104,医療機関0104,D1990,医師_D1990
TRI,W,F0022,医療機関0022,D1991,医師_D1991
TRI,W,F0160,医療機関0160,D1993,医師_D1993
TRI,W,F0050,医療機関0050,D1996,医師_D1996
TRI,W,F0151,医療機関0151,D1997,医師_D1997
TRI,W,F0217,医療機関0217,D1998,医師_D1998
TRI,W,F0291,医療機関0291,D1999,医師_D1999
TRI,W,F0117,医療機関0117,D2000,医師_D2000
TRI,W,F0259,医療機関0259,D2001,医師_D2001
TRI,W,F0235,医療機関0235,D2003,医師_D2003
TRI,W,F0169,医療機関0169,D2004,医師_D2004
TRI,W,F0227,医療機関0227,D2006,医師_D2006
TRI,W,F0160,医療機関0160,D2007,医師_D2007
TRI,W,F0078,医療機関0078,D2008,医師_D2008
TRI,W,F0158,医療機関0158,D2009,医師_D2009
TRI,W,F0279,医療機関0279,D2012,医師_D2012
TRI,W,F0055,医療機関0055,D2013,医師_D2013
TRI,W,F0180,医療機関0180,D2014,医師_D2014
TRI,W,F0032,医療機関0032,D2015,医師_D2015
TRI,W,F0298,医療機関0298,D2017,医師_D2017
TRI,W,F0197,医療機関0197,D2019,医師_D2019
TRI,W,F0284,医療機関0284,D2020,医師_D2020
TRI,W,F0255,医療機関0255,D2021,医師_D2021
TRI,W,F0118,医療機関0118,D2022,医師_D2022
TRI,W,F0032,医療機関0032,D2023,医師_D2023
TRI,W,F0278,医療機関0278,D2024,医師_D2024
TRI,W,F0277,医療機関0277,D2025,医師_D2025
TRI,W,F0174,医療機関0174,D2026,医師_D2026
TRI,W,F0002,医療機関0002,D2028,医師_D2028
TRI,W,F0185,医療機関0185,D2029,医師_D2029
TRI,W,F0012,医療機関0012,D2030,医師_D2030
TRI,W,F0275,医療機関0275,D2033,医師_D2033
TRI,W,F0025,医療機関0025,D2035,医師_D2035
TRI,W,F0008,医療機関0008,D2036,医師_D2036
TRI,W,F0101,医療機関0101,D2037,医師_D2037
TRI,W,F0224,医療機関0224,D2038,医師_D2038
TRI,W,F0046,医療機関0046,D2039,医師_D2039
TRI,W,F0256,医療機関0256,D2040,医師_D2040
TRI,W,F0061,医療機関0061,D2043,医師_D2043
TRI,W,F0140,医療機関0140,D2044,医師_D2044
TRI,W,F0136,医療機関0136,D2045,医師_D2045
TRI,W,F0171,医療機関0171,D2047,医師_D2047
TRI,W,F0236,医療機関0236,D2048,医師_D2048
TRI,W,F0100,医療機関0100,D2050,医師_D2050
TRI,W,F0265,医療機関0265,D2051,医師_D2051
TRI,W,F0264,医療機関0264,D2052,医師_D2052
TRI,W,F0112,医療機関0112,D2054,医師_D2054
TRI,W,F0256,医療機関0256,D2055,医師_D2055
TRI,W,F0170,医療機関0170,D2056,医師_D2056
TRI,W,F0018,医療機関0018,D2057,医師_D2057
TRI,W,F0082,医療機関0082,D2058,医師_D2058
TRI,W,F0202,医療機関0202,D2059,医師_D2059
TRI,W,F0049,医療機関0049,D2060,医師_D2060
TRI,W,F0045,医療機関0045,D2063,医師_D2063
TRI,W,F0149,医療機関0149,D2064,医師_D2064
TRI,W,F0065,医療機関0065,D2065,医師_D2065
TRI,W,F0161,医療機関0161,D2066,医師_D2066
TRI,W,F0073,医療機関0073,D2067,医師_D2067
TRI,W,F0290,医療機関0290,D2068,医師_D2068
TRI,W,F0024,医療機関0024,D2069,医師_D2069
TRI,W,F0257,医療機関0257,D2072,医師_D2072
TRI,W,F0057,医療機関0057,D2074,医師_D2074
TRI,W,F0280,医療機関0280,D2075,医師_D2075
TRI,W,F0289,医療機関0289,D2077,医師_D2077
TRI,W,F0264,医療機関0264,D2078,医師_D2078
TRI,W,F0174,医療機関0174,D2079,医師_D2079
TRI,W,F0036,医療機関0036,D2081,医師_D2081
TRI,W,F0117,医療機関0117,D2083,医師_D2083
TRI,W,F0244,医療機関0244,D2084,医師_D2084
TRI,W,F0152,医療機関0152,D2085,医師_D2085
TRI,W,F0170,医療機関0170,D2088,医師_D2088
TRI,W,F0295,医療機関0295,D2090,医師_D2090
TRI,W,F0274,医療機関0274,D2093,医師_D2093
TRI,W,F0128,医療機関0128,D2094,医師_D2094
TRI,W,F0281,医療機関0281,D2095,医師_D2095
TRI,W,F0111,医療機関0111,D2096,医師_D2096
TRI,W,F0039,医療機関0039,D2097,医師_D2097
TRI,W,F0126,医療機関0126,D2098,医師_D2098
TRI,W,F0039,医療機関0039,D2099,医師_D2099
TRI,W,F0265,医療機関0265,D2101,医師_D2101
TRI,W,F0239,医療機関0239,D2102,医師_D2102
TRI,W,F0067,医療機関0067,D2103,医師_D2103
TRI,W,F0252,医療機関0252,D2104,医師_D2104
TRI,W,F0021,医療機関0021,D2105,医師_D2105
TRI,W,F0086,医療機関0086,D2106,医師_D2106
TRI,W,F0212,医療機関0212,D2107,医師_D2107
TRI,W,F0092,医療機関0092,D2108,医師_D2108
TRI,W,F0263,医療機関0263,D2110,医師_D2110
TRI,W,F0020,医療機関0020,D2111,医師_D2111
TRI,W,F0008,医療機関0008,D2112,医師_D2112
TRI,W,F0283,医療機関0283,D2113,医師_D2113
TRI,W,F0157,医療機関0157,D2114,医師_D2114
TRI,W,F0152,医療機関0152,D2115,医師_D2115
TRI,W,F0140,医療機関0140,D2116,医師_D2116
TRI,W,F0131,医療機関0131,D2117,医師_D2117
TRI,W,F0208,医療機関0208,D2118,医師_D2118
TRI,W,F0174,医療機関0174,D2119,医師_D2119
TRI,W,F0050,医療機関0050,D2120,医師_D2120
TRI,W,F0201,医療機関0201,D2122,医師_D2122
TRI,W,F0035,医療機関0035,D2123,医師_D2123
TRI,W,F0114,医療機関0114,D2124,医師_D2124
TRI,W,F0238,医療機関0238,D2125,医師_D2125
TRI,W,F0186,医療機関0186,D2126,医師_D2126
TRI,W,F0041,医療機関0041,D2127,医師_D2127
TRI,W,F0013,医療機関0013,D2128,医師_D2128
TRI,W,F0175,医療機関0175,D2129,医師_D2129
TRI,W,F0157,医療機関0157,D2132,医師_D2132
TRI,W,F0065,医療機関0065,D2134,医師_D2134
TRI,W,F0135,医療機関0135,D2135,医師_D2135
TRI,W,F0042,医療機関0042,D2136,医師_D2136
TRI,W,F0057,医療機関0057,D2138,医師_D2138
TRI,W,F0104,医療機関0104,D2140,医師_D2140
TRI,W,F0056,医療機関0056,D2141,医師_D2141
TRI,W,F0030,医療機関0030,D2142,医師_D2142
TRI,W,F0154,医療機関0154,D2143,医師_D2143
TRI,W,F0285,医療機関0285,D2144,医師_D2144
TRI,W,F0060,医療機関0060,D2145,医師_D2145
TRI,W,F0122,医療機関0122,D2146,医師_D2146
TRI,W,F0068,医療機関0068,D2147,医師_D2147
TRI,W,F0243,医療機関0243,D2148,医師_D2148
TRI,W,F0125,医療機関0125,D2149,医師_D2149
TRI,W,F0196,医療機関0196,D2154,医師_D2154
TRI,W,F0108,医療機関0108,D2159,医師_D2159
TRI,W,F0130,医療機関0130,D2162,医師_D2162
TRI,W,F0110,医療機関0110,D2163,医師_D2163
TRI,W,F0011,医療機関0011,D2164,医師_D2164
TRI,W,F0161,医療機関0161,D2166,医師_D2166
TRI,W,F0111,医療機関0111,D2167,医師_D2167
TRI,W,F0299,医療機関0299,D2168,医師_D2168
TRI,W,F0144,医療機関0144,D2169,医師_D2169
TRI,W,F0288,医療機関0288,D2170,医師_D2170
TRI,W,F0199,医療機関0199,D2171,医師_D2171
TRI,W,F0013,医療機関0013,D2172,医師_D2172
TRI,W,F0062,医療機関0062,D2173,医師_D2173
TRI,W,F0212,医療機関0212,D2174,医師_D2174
TRI,W,F0164,医療機関0164,D2175,医師_D2175
TRI,W,F0157,医療機関0157,D2177,医師_D2177
TRI,W,F0271,医療機関0271,D2178,医師_D2178
TRI,W,F0117,医療機関0117,D2179,医師_D2179
TRI,W,F0014,医療機関0014,D2180,医師_D2180
TRI,W,F0094,医療機関0094,D2181,医師_D2181
TRI,W,F0281,医療機関0281,D2182,医師_D2182
TRI,W,F0229,医療機関0229,D2183,医師_D2183
TRI,W,F0252,医療機関0252,D2184,医師_D2184
TRI,W,F0274,医療機関0274,D2185,医師_D2185
TRI,W,F0085,医療機関0085,D2187,医師_D2187
TRI,W,F0002,医療機関0002,D2189,医師_D2189
TRI,W,F0282,医療機関0282,D2191,医師_D2191
TRI,W,F0047,医療機関0047,D2192,医師_D2192
TRI,W,F0217,医療機関0217,D2193,医師_D2193
TRI,W,F0161,医療機関0161,D2194,医師_D2194
TRI,W,F0021,医療機関0021,D2195,医師_D2195
TRI,W,F0275,医療機関0275,D2196,医師_D2196
TRI,W,F0262,医療機関0262,D2197,医師_D2197
TRI,W,F0238,医療機関0238,D2201,医師_D2201
TRI,W,F0297,医療機関0297,D2203,医師_D2203
TRI,W,F0019,医療機関0019,D2204,医師_D2204
TRI,W,F0291,医療機関0291,D2206,医師_D2206
TRI,W,F0057,医療機関0057,D2210,医師_D2210
TRI,W,F0155,医療機関0155,D2211,医師_D2211
TRI,W,F0086,医療機関0086,D2212,医師_D2212
TRI,W,F0060,医療機関0060,D2213,医師_D2213
TRI,W,F0290,医療機関0290,D2214,医師_D2214
TRI,W,F0203,医療機関0203,D2217,医師_D2217
TRI,W,F0039,医療機関0039,D2219,医師_D2219
TRI,W,F0213,医療機関0213,D2220,医師_D2220
TRI,W,F0163,医療機関0163,D2221,医師_D2221
TRI,W,F0250,医療機関0250,D2222,医師_D2222
TRI,W,F0039,医療機関0039,D2223,医師_D2223
TRI,W,F0253,医療機関0253,D2226,医師_D2226
TRI,W,F0284,医療機関0284,D2228,医師_D2228
TRI,W,F0277,医療機関0277,D2231,医師_D2231
TRI,W,F0239,医療機関0239,D2232,医師_D2232
TRI,W,F0091,医療機関0091,D2233,医師_D2233
TRI,W,F0164,医療機関0164,D2234,医師_D2234
TRI,W,F0117,医療機関0117,D2235,医師_D2235
TRI,W,F0164,医療機関0164,D2236,医師_D2236
TRI,W,F0290,医療機関0290,D2237,医師_D2237
TRI,W,F0270,医療機関0270,D2238,医師_D2238
TRI,W,F0065,医療機関0065,D2239,医師_D2239
TRI,W,F0292,医療機関0292,D2240,医師_D2240
TRI,W,F0132,医療機関0132,D2241,医師_D2241
TRI,W,F0212,医療機関0212,D2242,医師_D2242
TRI,W,F0145,医療機関0145,D2244,医師_D2244
TRI,W,F0137,医療機関0137,D2245,医師_D2245
TRI,W,F0137,医療機関0137,D2246,医師_D2246
TRI,W,F0259,医療機関0259,D2247,医師_D2247
TRI,W,F0109,医療機関0109,D2250,医師_D2250
TRI,W,F0059,医療機関0059,D2251,医師_D2251
TRI,W,F0118,医療機関0118,D2252,医師_D2252
TRI,W,F0035,医療機関0035,D2253,医師_D2253
TRI,W,F0218,医療機関0218,D2255,医師_D2255
TRI,W,F0024,医療機関0024,D2256,医師_D2256
TRI,W,F0234,医療機関0234,D2258,医師_D2258
TRI,W,F0218,医療機関0218,D2259,医師_D2259
TRI,W,F0134,医療機関0134,D2260,医師_D2260
TRI,W,F0059,医療機関0059,D2261,医師_D2261
TRI,W,F0280,医療機関0280,D2262,医師_D2262
TRI,W,F0251,医療機関0251,D2263,医師_D2263
TRI,W,F0027,医療機関0027,D2265,医師_D2265
TRI,W,F0095,医療機関0095,D2267,医師_D2267
TRI,W,F0048,医療機関0048,D2268,医師_D2268
TRI,W,F0259,医療機関0259,D2269,医師_D2269
TRI,W,F0062,医療機関0062,D2270,医師_D2270
TRI,W,F0085,医療機関0085,D2271,医師_D2271
TRI,W,F0246,医療機関0246,D2273,医師_D2273
TRI,W,F0155,医療機関0155,D2276,医師_D2276
TRI,W,F0281,医療機関0281,D2278,医師_D2278
TRI,W,F0262,医療機関0262,D2279,医師_D2279
TRI,W,F0294,医療機関0294,D2280,医師_D2280
TRI,W,F0013,医療機関0013,D2281,医師_D2281
TRI,W,F0071,医療機関0071,D2282,医師_D2282
TRI,W,F0169,医療機関0169,D2283,医師_D2283
TRI,W,F0015,医療機関0015,D2284,医師_D2284
TRI,W,F0107,医療機関0107,D2285,医師_D2285
TRI,W,F0047,医療機関0047,D2286,医師_D2286
TRI,W,F0045,医療機関0045,D2291,医師_D2291
TRI,W,F0079,医療機関0079,D2295,医師_D2295
TRI,W,F0162,医療機関0162,D2296,医師_D2296
TRI,W,F0199,医療機関0199,D2297,医師_D2297
TRI,W,F0239,医療機関0239,D2299,医師_D2299
TRI,W,F0153,医療機関0153,D2301,医師_D2301
TRI,W,F0241,医療機関0241,D2302,医師_D2302
TRI,W,F0259,医療機関0259,D2303,医師_D2303
TRI,W,F0196,医療機関0196,D2305,医師_D2305
TRI,W,F0188,医療機関0188,D2307,医師_D2307
TRI,W,F0285,医療機関0285,D2308,医師_D2308
TRI,W,F0039,医療機関0039,D2309,医師_D2309
TRI,W,F0034,医療機関0034,D2311,医師_D2311
TRI,W,F0142,医療機関0142,D2313,医師_D2313
TRI,W,F0068,医療機関0068,D2314,医師_D2314
TRI,W,F0123,医療機関0123,D2315,医師_D2315
TRI,W,F0132,医療機関0132,D2316,医師_D2316
TRI,W,F0187,医療機関0187,D2317,医師_D2317
TRI,W,F0284,医療機関0284,D2318,医師_D2318
TRI,W,F0114,医療機関0114,D2320,医師_D2320
TRI,W,F0098,医療機関0098,D2321,医師_D2321
TRI,W,F0163,医療機関0163,D2324,医師_D2324
TRI,W,F0127,医療機関0127,D2325,医師_D2325
TRI,W,F0055,医療機関0055,D2326,医師_D2326
TRI,W,F0185,医療機関0185,D2327,医師_D2327
TRI,W,F0097,医療機関0097,D2328,医師_D2328
TRI,W,F0056,医療機関0056,D2329,医師_D2329
TRI,W,F0196,医療機関0196,D2330,医師_D2330
TRI,W,F0053,医療機関0053,D2331,医師_D2331
TRI,W,F0202,医療機関0202,D2332,医師_D2332
TRI,W,F0131,医療機関0131,D2334,医師_D2334
TRI,W,F0243,医療機関0243,D2335,医師_D2335
TRI,W,F0069,医療機関0069,D2336,医師_D2336
TRI,W,F0231,医療機関0231,D2337,医師_D2337
TRI,W,F0217,医療機関0217,D2338,医師_D2338
TRI,W,F0271,医療機関0271,D2339,医師_D2339
TRI,W,F0051,医療機関0051,D2340,医師_D2340
TRI,W,F0215,医療機関0215,D2341,医師_D2341
TRI,W,F0282,医療機関0282,D2342,医師_D2342
TRI,W,F0229,医療機関0229,D2343,医師_D2343
TRI,W,F0057,医療機関0057,D2344,医師_D2344
TRI,W,F0033,医療機関0033,D2346,医師_D2346
TRI,W,F0160,医療機関0160,D2349,医師_D2349
TRI,W,F0010,医療機関0010,D2351,医師_D2351
TRI,W,F0153,医療機関0153,D2352,医師_D2352
TRI,W,F0282,医療機関0282,D2353,医師_D2353
TRI,W,F0132,医療機関0132,D2354,医師_D2354
TRI,W,F0084,医療機関0084,D2355,医師_D2355
TRI,W,F0299,医療機関0299,D2356,医師_D2356
TRI,W,F0030,医療機関0030,D2357,医師_D2357
TRI,W,F0146,医療機関0146,D2358,医師_D2358
TRI,W,F0154,医療機関0154,D2359,医師_D2359
TRI,W,F0277,医療機関0277,D2361,医師_D2361
TRI,W,F0127,医療機関0127,D2362,医師_D2362
TRI,W,F0292,医療機関0292,D2363,医師_D2363
TRI,W,F0021,医療機関0021,D2364,医師_D2364
TRI,W,F0221,医療機関0221,D2365,医師_D2365
TRI,W,F0178,医療機関0178,D2366,医師_D2366
TRI,W,F0069,医療機関0069,D2368,医師_D2368
TRI,W,F0216,医療機関0216,D2369,医師_D2369
TRI,W,F0192,医療機関0192,D2370,医師_D2370
TRI,W,F0184,医療機関0184,D2371,医師_D2371
TRI,W,F0016,医療機関0016,D2372,医師_D2372
TRI,W,F0180,医療機関0180,D2373,医師_D2373
TRI,W,F0295,医療機関0295,D2374,医師_D2374
TRI,W,F0006,医療機関0006,D2375,医師_D2375
TRI,W,F0270,医療機関0270,D2378,医師_D2378
TRI,W,F0085,医療機関0085,D2379,医師_D2379
TRI,W,F0241,医療機関0241,D2383,医師_D2383
TRI,W,F0235,医療機関0235,D2388,医師_D2388
TRI,W,F0272,医療機関0272,D2389,医師_D2389
TRI,W,F0129,医療機関0129,D2390,医師_D2390
TRI,W,F0058,医療機関0058,D2393,医師_D2393
TRI,W,F0257,医療機関0257,D2394,医師_D2394
TRI,W,F0105,医療機関0105,D2398,医師_D2398
TRI,W,F0131,医療機関0131,D2399,医師_D2399
TRI,W,F0199,医療機関0199,D2400,医師_D2400
TRI,W,F0234,医療機関0234,D2401,医師_D2401
TRI,W,F0202,医療機関0202,D2402,医師_D2402
TRI,W,F0289,医療機関0289,D2404,医師_D2404
TRI,W,F0212,医療機関0212,D2405,医師_D2405
TRI,W,F0112,医療機関0112,D2406,医師_D2406
TRI,W,F0189,医療機関0189,D2409,医師_D2409
TRI,W,F0244,医療機関0244,D2410,医師_D2410
TRI,W,F0111,医療機関0111,D2411,医師_D2411
TRI,W,F0014,医療機関0014,D2413,医師_D2413
TRI,W,F0221,医療機関0221,D2414,医師_D2414
TRI,W,F0147,医療機関0147,D2415,医師_D2415
TRI,W,F0138,医療機関0138,D2416,医師_D2416
TRI,W,F0160,医療機関0160,D2417,医師_D2417
TRI,W,F0180,医療機関0180,D2419,医師_D2419
TRI,W,F0224,医療機関0224,D2420,医師_D2420
TRI,W,F0105,医療機関0105,D2421,医師_D2421
TRI,W,F0040,医療機関0040,D2422,医師_D2422
TRI,W,F0117,医療機関0117,D2423,医師_D2423
TRI,W,F0060,医療機関0060,D2424,医師_D2424
TRI,W,F0113,医療機関0113,D2425,医師_D2425
TRI,W,F0035,医療機関0035,D2427,医師_D2427
TRI,W,F0225,医療機関0225,D2428,医師_D2428
TRI,W,F0068,医療機関0068,D2429,医師_D2429
TRI,W,F0220,医療機関0220,D2431,医師_D2431
TRI,W,F0082,医療機関0082,D2432,医師_D2432
TRI,W,F0169,医療機関0169,D2433,医師_D2433
TRI,W,F0034,医療機関0034,D2434,医師_D2434
TRI,W,F0287,医療機関0287,D2436,医師_D2436
TRI,W,F0047,医療機関0047,D2438,医師_D2438
TRI,W,F0085,医療機関0085,D2439,医師_D2439
TRI,W,F0060,医療機関0060,D2440,医師_D2440
TRI,W,F0119,医療機関0119,D2441,医師_D2441
TRI,W,F0088,医療機関0088,D2442,医師_D2442
TRI,W,F0159,医療機関0159,D2444,医師_D2444
TRI,W,F0057,医療機関0057,D2445,医師_D2445
TRI,W,F0219,医療機関0219,D2447,医師_D2447
TRI,W,F0229,医療機関0229,D2448,医師_D2448
TRI,W,F0213,医療機関0213,D2450,医師_D2450
TRI,W,F0251,医療機関0251,D2451,医師_D2451
TRI,W,F0053,医療機関0053,D2452,医師_D2452
TRI,W,F0226,医療機関0226,D2453,医師_D2453
TRI,W,F0108,医療機関0108,D2454,医師_D2454
TRI,W,F0237,医療機関0237,D2455,医師_D2455
TRI,W,F0144,医療機関0144,D2456,医師_D2456
TRI,W,F0045,医療機関0045,D2458,医師_D2458
TRI,W,F0083,医療機関0083,D2460,医師_D2460
TRI,W,F0075,医療機関0075,D2461,医師_D2461
TRI,W,F0093,医療機関0093,D2462,医師_D2462
TRI,W,F0039,医療機関0039,D2464,医師_D2464
TRI,W,F0213,医療機関0213,D2465,医師_D2465
TRI,W,F0166,医療機関0166,D2466,医師_D2466
TRI,W,F0249,医療機関0249,D2467,医師_D2467
TRI,W,F0212,医療機関0212,D2468,医師_D2468
TRI,W,F0127,医療機関0127,D2471,医師_D2471
TRI,W,F0145,医療機関0145,D2472,医師_D2472
TRI,W,F0175,医療機関0175,D2475,医師_D2475
TRI,W,F0225,医療機関0225,D2476,医師_D2476
TRI,W,F0033,医療機関0033,D2477,医師_D2477
TRI,W,F0245,医療機関0245,D2478,医師_D2478
TRI,W,F0135,医療機関0135,D2480,医師_D2480
TRI,W,F0132,医療機関0132,D2481,医師_D2481
TRI,W,F0247,医療機関0247,D2482,医師_D2482
TRI,W,F0084,医療機関0084,D2483,医師_D2483
TRI,W,F0109,医療機関0109,D2486,医師_D2486
TRI,W,F0053,医療機関0053,D2488,医師_D2488
TRI,W,F0070,医療機関0070,D2489,医師_D2489
TRI,W,F0141,医療機関0141,D2490,医師_D2490
TRI,W,F0216,医療機関0216,D2493,医師_D2493
TRI,W,F0073,医療機関0073,D2494,医師_D2494
TRI,W,F0273,医療機関0273,D2495,医師_D2495
TRI,W,F0226,医療機関0226,D2496,医師_D2496
TRI,W,F0053,医療機関0053,D2497,医師_D2497
TRI,W,F0095,医療機関0095,D2498,医師_D2498
TRI,W,F0056,医療機関0056,D2499,医師_D2499
TRI,W,F0082,医療機関0082,D2500,医師_D2500
TRI,W,F0040,医療機関0040,D2502,医師_D2502
TRI,W,F0005,医療機関0005,D2503,医師_D2503
TRI,W,F0132,医療機関0132,D2504,医師_D2504
TRI,W,F0211,医療機関0211,D2505,医師_D2505
TRI,W,F0111,医療機関0111,D2508,医師_D2508
TRI,W,F0271,医療機関0271,D2509,医師_D2509
TRI,W,F0071,医療機関0071,D2510,医師_D2510
TRI,W,F0229,医療機関0229,D2512,医師_D2512
TRI,W,F0018,医療機関0018,D2513,医師_D2513
TRI,W,F0110,医療機関0110,D2515,医師_D2515
TRI,W,F0150,医療機関0150,D2516,医師_D2516
TRI,W,F0189,医療機関0189,D2517,医師_D2517
TRI,W,F0193,医療機関0193,D2518,医師_D2518
TRI,W,F0008,医療機関0008,D2519,医師_D2519
TRI,W,F0188,医療機関0188,D2521,医師_D2521
TRI,W,F0300,医療機関0300,D2522,医師_D2522
TRI,W,F0142,医療機関0142,D2523,医師_D2523
TRI,W,F0267,医療機関0267,D2526,医師_D2526
TRI,W,F0250,医療機関0250,D2527,医師_D2527
TRI,W,F0273,医療機関0273,D2528,医師_D2528
TRI,W,F0238,医療機関0238,D2530,医師_D2530
TRI,W,F0108,医療機関0108,D2531,医師_D2531
TRI,W,F0139,医療機関0139,D2532,医師_D2532
TRI,W,F0229,医療機関0229,D2533,医師_D2533
TRI,W,F0025,医療機関0025,D2534,医師_D2534
TRI,W,F0005,医療機関0005,D2536,医師_D2536
TRI,W,F0175,医療機関0175,D2537,医師_D2537
TRI,W,F0144,医療機関0144,D2538,医師_D2538
TRI,W,F0141,医療機関0141,D2539,医師_D2539
TRI,W,F0149,医療機関0149,D2540,医師_D2540
TRI,W,F0148,医療機関0148,D2541,医師_D2541
TRI,W,F0123,医療機関0123,D2542,医師_D2542
TRI,W,F0136,医療機関0136,D2543,医師_D2543
TRI,W,F0171,医療機関0171,D2544,医師_D2544
TRI,W,F0230,医療機関0230,D2545,医師_D2545
TRI,W,F0166,医療機関0166,D2546,医師_D2546
TRI,W,F0193,医療機関0193,D2547,医師_D2547
TRI,W,F0251,医療機関0251,D2548,医師_D2548
TRI,W,F0297,医療機関0297,D2549,医師_D2549
TRI,W,F0033,医療機関0033,D2550,医師_D2550
TRI,W,F0060,医療機関0060,D2553,医師_D2553
TRI,W,F0238,医療機関0238,D2554,医師_D2554
TRI,W,F0021,医療機関0021,D2555,医師_D2555
TRI,W,F0255,医療機関0255,D2556,医師_D2556
TRI,W,F0232,医療機関0232,D2557,医師_D2557
TRI,W,F0299,医療機関0299,D2558,医師_D2558
TRI,W,F0201,医療機関0201,D2559,医師_D2559
TRI,W,F0036,医療機関0036,D2561,医師_D2561
TRI,W,F0267,医療機関0267,D2562,医師_D2562
TRI,W,F0049,医療機関0049,D2563,医師_D2563
TRI,W,F0095,医療機関0095,D2564,医師_D2564
TRI,W,F0039,医療機関0039,D2565,医師_D2565
TRI,W,F0121,医療機関0121,D2566,医師_D2566
TRI,W,F0225,医療機関0225,D2567,医師_D2567
TRI,W,F0081,医療機関0081,D2568,医師_D2568
TRI,W,F0247,医療機関0247,D2569,医師_D2569
TRI,W,F0182,医療機関0182,D2570,医師_D2570
TRI,W,F0282,医療機関0282,D2572,医師_D2572
TRI,W,F0130,医療機関0130,D2573,医師_D2573
TRI,W,F0104,医療機関0104,D2574,医師_D2574
TRI,W,F0299,医療機関0299,D2575,医師_D2575
TRI,W,F0168,医療機関0168,D2576,医師_D2576
TRI,W,F0185,医療機関0185,D2577,医師_D2577
TRI,W,F0089,医療機関0089,D2578,医師_D2578
TRI,W,F0065,医療機関0065,D2579,医師_D2579
TRI,W,F0051,医療機関0051,D2580,医師_D2580
VPR,R,F0277,医療機関0277,D3201,医師_D3201
VPR,R,F0255,医療機関0255,D3206,医師_D3206
VPR,R,F0031,医療機関0031,D3207,医師_D3207
VPR,R,F0069,医療機関0069,D3211,医師_D3211
VPR,R,F0134,医療機関0134,D3212,医師_D3212
VPR,R,F0203,医療機関0203,D3213,医師_D3213
VPR,R,F0133,医療機関0133,D3214,医師_D3214
VPR,R,F0115,医療機関0115,D3215,医師_D3215
VPR,R,F0189,医療機関0189,D3219,医師_D3219
VPR,R,F0091,医療機関0091,D3244,医師_D3244
VPR,R,F0144,医療機関0144,D3246,医師_D3246
VPR,R,F0108,医療機関0108,D3248,医師_D3248
VPR,R,F0221,医療機関0221,D3251,医師_D3251
VPR,R,F0006,医療機関0006,D3258,医師_D3258
VPR,R,F0075,医療機関0075,D3263,医師_D3263
VPR,R,F0067,医療機関0067,D3269,医師_D3269
VPR,R,F0074,医療機関0074,D3278,医師_D3278
VPR,R,F0260,医療機関0260,D3281,医師_D3281
VPR,R,F0042,医療機関0042,D3289,医師_D3289
VPR,R,F0278,医療機関0278,D3292,医師_D3292
VPR,R,F0092,医療機関0092,D3299,医師_D3299
VPR,R,F0262,医療機関0262,D3305,医師_D3305
VPR,R,F0070,医療機関0070,D3311,医師_D3311
VPR,R,F0292,医療機関0292,D3312,医師_D3312
VPR,R,F0282,医療機関0282,D3321,医師_D3321
VPR,R,F0145,医療機関0145,D3323,医師_D3323
VPR,R,F0126,医療機関0126,D3324,医師_D3324
VPR,R,F0222,医療機関0222,D3330,医師_D3330
VPR,R,F0213,医療機関0213,D3331,医師_D3331
VPR,R,F0219,医療機関0219,D3334,医師_D3334
VPR,R,F0221,医療機関0221,D3358,医師_D3358
VPR,R,F0030,医療機関0030,D3359,医師_D3359
VPR,R,F0198,医療機関0198,D3363,医師_D3363
VPR,R,F0060,医療機関0060,D3365,医師_D3365
VPR,R,F0144,医療機関0144,D3371,医師_D3371
VPR,R,F0029,医療機関0029,D3375,医師_D3375
VPR,R,F0203,医療機関0203,D3384,医師_D3384
VPR,R,F0258,医療機関0258,D3385,医師_D3385
VPR,R,F0157,医療機関0157,D3400,医師_D3400
VPR,R,F0196,医療機関0196,D3408,医師_D3408
VPR,R,F0043,医療機関0043,D3416,医師_D3416
VPR,R,F0082,医療機関0082,D3417,医師_D3417
VPR,R,F0015,医療機関0015,D3422,医師_D3422
VPR,R,F0157,医療機関0157,D3432,医師_D3432
VPR,R,F0128,医療機関0128,D3435,医師_D3435
VPR,R,F0092,医療機関0092,D3439,医師_D3439
VPR,R,F0099,医療機関0099,D3441,医師_D3441
VPR,R,F0075,医療機関0075,D3448,医師_D3448
VPR,R,F0101,医療機関0101,D3449,医師_D3449
VPR,R,F0098,医療機関0098,D3451,医師_D3451
VPR,R,F0155,医療機関0155,D3464,医師_D3464
VPR,R,F0127,医療機関0127,D3468,医師_D3468
VPR,R,F0251,医療機関0251,D3473,医師_D3473
VPR,R,F0181,医療機関0181,D3478,医師_D3478
VPR,R,F0272,医療機関0272,D3481,医師_D3481
VPR,R,F0237,医療機関0237,D3484,医師_D3484
VPR,R,F0110,医療機関0110,D3493,医師_D3493
VPR,R,F0165,医療機関0165,D3496,医師_D3496
VPR,R,F0045,医療機関0045,D3498,医師_D3498
VPR,R,F0101,医療機関0101,D3500,医師_D3500
VPR,R,F0297,医療機関0297,D3502,医師_D3502
VPR,R,F0136,医療機関0136,D3506,医師_D3506
VPR,R,F0154,医療機関0154,D3509,医師_D3509
VPR,R,F0098,医療機関0098,D3510,医師_D3510
VPR,R,F0046,医療機関0046,D3513,医師_D3513
VPR,R,F0088,医療機関0088,D3515,医師_D3515
VPR,R,F0143,医療機関0143,D3516,医師_D3516
VPR,R,F0006,医療機関0006,D3517,医師_D3517
VPR,R,F0040,医療機関0040,D3518,医師_D3518
VPR,R,F0284,医療機関0284,D3522,医師_D3522
VPR,R,F0014,医療機関0014,D3527,医師_D3527
VPR,R,F0128,医療機関0128,D3530,医師_D3530
VPR,R,F0151,医療機関0151,D3534,医師_D3534
VPR,R,F0293,医療機関0293,D3537,医師_D3537
VPR,R,F0078,医療機関0078,D3538,医師_D3538
VPR,R,F0049,医療機関0049,D3543,医師_D3543
VPR,R,F0259,医療機関0259,D3549,医師_D3549
VPR,R,F0117,医療機関0117,D3550,医師_D3550
VPR,R,F0293,医療機関0293,D3554,医師_D3554
VPR,R,F0091,医療機関0091,D3558,医師_D3558
VPR,R,F0118,医療機関0118,D3562,医師_D3562
VPR,R,F0153,医療機関0153,D3569,医師_D3569
VPR,R,F0256,医療機関0256,D3584,医師_D3584
VPR,R,F0080,医療機関0080,D3587,医師_D3587
VPR,R,F0103,医療機関0103,D3592,医師_D3592
VPR,R,F0167,医療機関0167,D3597,医師_D3597
VPR,R,F0038,医療機関0038,D3598,医師_D3598
VPR,R,F0286,医療機関0286,D3599,医師_D3599
VPR,R,F0104,医療機関0104,D3603,医師_D3603
VPR,R,F0040,医療機関0040,D3604,医師_D3604
VPR,R,F0182,医療機関0182,D3610,医師_D3610
VPR,R,F0046,医療機関0046,D3611,医師_D3611
VPR,R,F0206,医療機関0206,D3615,医師_D3615
VPR,R,F0298,医療機関0298,D3616,医師_D3616
VPR,R,F0147,医療機関0147,D3617,医師_D3617
VPR,R,F0049,医療機関0049,D3620,医師_D3620
VPR,R,F0160,医療機関0160,D3624,医師_D3624
VPR,R,F0235,医療機関0235,D3625,医師_D3625
VPR,R,F0279,医療機関0279,D3632,医師_D3632
VPR,R,F0078,医療機関0078,D3635,医師_D3635
VPR,R,F0284,医療機関0284,D3637,医師_D3637
VPR,R,F0073,医療機関0073,D3640,医師_D3640
VPR,R,F0101,医療機関0101,D3641,医師_D3641
VPR,R,F0083,医療機関0083,D3642,医師_D3642
VPR,R,F0103,医療機関0103,D3655,医師_D3655
VPR,R,F0099,医療機関0099,D3656,医師_D3656
VPR,R,F0180,医療機関0180,D3665,医師_D3665
VPR,R,F0240,医療機関0240,D3671,医師_D3671
VPR,R,F0231,医療機関0231,D3686,医師_D3686
VPR,R,F0230,医療機関0230,D3689,医師_D3689
VPR,R,F0134,医療機関0134,D3697,医師_D3697
VPR,R,F0222,医療機関0222,D3707,医師_D3707
VPR,R,F0181,医療機関0181,D3710,医師_D3710
VPR,R,F0156,医療機関0156,D3711,医師_D3711
VPR,R,F0258,医療機関0258,D3712,医師_D3712
VPR,R,F0198,医療機関0198,D3721,医師_D3721
VPR,R,F0139,医療機関0139,D3723,医師_D3723
VPR,R,F0256,医療機関0256,D3727,医師_D3727
VPR,R,F0056,医療機関0056,D3731,医師_D3731
VPR,R,F0099,医療機関0099,D3738,医師_D3738
VPR,R,F0151,医療機関0151,D3740,医師_D3740
VPR,R,F0126,医療機関0126,D3742,医師_D3742
VPR,R,F0141,医療機関0141,D3743,医師_D3743
VPR,R,F0046,医療機関0046,D3748,医師_D3748
VPR,R,F0125,医療機関0125,D3754,医師_D3754
VPR,R,F0050,医療機関0050,D3767,医師_D3767
VPR,R,F0043,医療機関0043,D3768,医師_D3768
VPR,R,F0278,医療機関0278,D3769,医師_D3769
VPR,R,F0051,医療機関0051,D3772,医師_D3772
VPR,R,F0091,医療機関0091,D3775,医師_D3775
VPR,R,F0170,医療機関0170,D3784,医師_D3784
VPR,R,F0217,医療機関0217,D3786,医師_D3786
VPR,R,F0180,医療機関0180,D3790,医師_D3790
VPR,R,F0153,医療機関0153,D3795,医師_D3795
VPR,R,F0078,医療機関0078,D3798,医師_D3798
VPR,R,F0114,医療機関0114,D3801,医師_D3801
VPR,R,F0056,医療機関0056,D3808,医師_D3808
VPR,R,F0079,医療機関0079,D3809,医師_D3809
VPR,R,F0097,医療機関0097,D3810,医師_D3810
VPR,R,F0037,医療機関0037,D3811,医師_D3811
VPR,R,F0177,医療機関0177,D3812,医師_D3812
VPR,R,F0101,医療機関0101,D3813,医師_D3813
VPR,R,F0148,医療機関0148,D3815,医師_D3815
VPR,R,F0300,医療機関0300,D3822,医師_D3822
VPR,R,F0095,医療機関0095,D3825,医師_D3825
VPR,R,F0104,医療機関0104,D3839,医師_D3839
VPR,R,F0095,医療機関0095,D3840,医師_D3840
VPR,R,F0270,医療機関0270,D3850,医師_D3850
VPR,R,F0177,医療機関0177,D3863,医師_D3863
VPR,R,F0134,医療機関0134,D3865,医師_D3865
VPR,R,F0263,医療機関0263,D3872,医師_D3872
VPR,R,F0147,医療機関0147,D3873,医師_D3873
VPR,R,F0090,医療機関0090,D3882,医師_D3882
VPR,R,F0019,医療機関0019,D3884,医師_D3884
VPR,R,F0077,医療機関0077,D3888,医師_D3888
VPR,R,F0060,医療機関0060,D3892,医師_D3892
VPR,R,F0209,医療機関0209,D3893,医師_D3893
VPR,R,F0079,医療機関0079,D3894,医師_D3894
VPR,R,F0099,医療機関0099,D3897,医師_D3897
VPR,R,F0300,医療機関0300,D3903,医師_D3903
VPR,R,F0006,医療機関0006,D3905,医師_D3905
VPR,R,F0239,医療機関0239,D3916,医師_D3916
VPR,R,F0006,医療機関0006,D3927,医師_D3927
VPR,R,F0010,医療機関0010,D3931,医師_D3931
VPR,R,F0226,医療機関0226,D3934,医師_D3934
VPR,R,F0153,医療機関0153,D3936,医師_D3936
VPR,R,F0025,医療機関0025,D3937,医師_D3937
VPR,R,F0218,医療機関0218,D3938,医師_D3938
VPR,W,F0175,医療機関0175,D3202,医師_D3202
VPR,W,F0242,医療機関0242,D3203,医師_D3203
VPR,W,F0007,医療機関0007,D3204,医師_D3204
VPR,W,F0007,医療機関0007,D3205,医師_D3205
VPR,W,F0047,医療機関0047,D3208,医師_D3208
VPR,W,F0156,医療機関0156,D3209,医師_D3209
VPR,W,F0182,医療機関0182,D3210,医師_D3210
VPR,W,F0022,医療機関0022,D3216,医師_D3216
VPR,W,F0136,医療機関0136,D3217,医師_D3217
VPR,W,F0241,医療機関0241,D3218,医師_D3218
VPR,W,F0268,医療機関0268,D3220,医師_D3220
VPR,W,F0038,医療機関0038,D3221,医師_D3221
VPR,W,F0004,医療機関0004,D3222,医師_D3222
VPR,W,F0165,医療機関0165,D3223,医師_D3223
VPR,W,F0054,医療機関0054,D3224,医師_D3224
VPR,W,F0179,医療機関0179,D3225,医師_D3225
VPR,W,F0272,医療機関0272,D3226,医師_D3226
VPR,W,F0102,医療機関0102,D3227,医師_D3227
VPR,W,F0165,医療機関0165,D3228,医師_D3228
VPR,W,F0205,医療機関0205,D3229,医師_D3229
VPR,W,F0046,医療機関0046,D3230,医師_D3230
VPR,W,F0270,医療機関0270,D3231,医師_D3231
VPR,W,F0061,医療機関0061,D3232,医師_D3232
VPR,W,F0243,医療機関0243,D3233,医師_D3233
VPR,W,F0198,医療機関0198,D3234,医師_D3234
VPR,W,F0043,医療機関0043,D3235,医師_D3235
VPR,W,F0218,医療機関0218,D3236,医師_D3236
VPR,W,F0059,医療機関0059,D3237,医師_D3237
VPR,W,F0180,医療機関0180,D3238,医師_D3238
VPR,W,F0288,医療機関0288,D3239,医師_D3239
VPR,W,F0286,医療機関0286,D3240,医師_D3240
VPR,W,F0262,医療機関0262,D3241,医師_D3241
VPR,W,F0149,医療機関0149,D3242,医師_D3242
VPR,W,F0168,医療機関0168,D3243,医師_D3243
VPR,W,F0277,医療機関0277,D3245,医師_D3245
VPR,W,F0232,医療機関0232,D3247,医師_D3247
VPR,W,F0223,医療機関0223,D3249,医師_D3249
VPR,W,F0068,医療機関0068,D3250,医師_D3250
VPR,W,F0014,医療機関0014,D3252,医師_D3252
VPR,W,F0032,医療機関0032,D3253,医師_D3253
VPR,W,F0106,医療機関0106,D3254,医師_D3254
VPR,W,F0145,医療機関0145,D3255,医師_D3255
VPR,W,F0214,医療機関0214,D3256,医師_D3256
VPR,W,F0108,医療機関0108,D3257,医師_D3257
VPR,W,F0098,医療機関0098,D3259,医師_D3259
VPR,W,F0132,医療機関0132,D3260,医師_D3260
VPR,W,F0164,医療機関0164,D3261,医師_D3261
VPR,W,F0194,医療機関0194,D3262,医師_D3262
VPR,W,F0184,医療機関0184,D3264,医師_D3264
VPR,W,F0190,医療機関0190,D3265,医師_D3265
VPR,W,F0233,医療機関0233,D3266,医師_D3266
VPR,W,F0157,医療機関0157,D3267,医師_D3267
VPR,W,F0244,医療機関0244,D3268,医師_D3268
VPR,W,F0214,医療機関0214,D3270,医師_D3270
VPR,W,F0014,医療機関0014,D3271,医師_D3271
VPR,W,F0031,医療機関0031,D3272,医師_D3272
VPR,W,F0260,医療機関0260,D3273,医師_D3273
VPR,W,F0143,医療機関0143,D3274,医師_D3274
VPR,W,F0187,医療機関0187,D3275,医師_D3275
VPR,W,F0182,医療機関0182,D3276,医師_D3276
VPR,W,F0209,医療機関0209,D3277,医師_D3277
VPR,W,F0054,医療機関0054,D3279,医師_D3279
VPR,W,F0013,医療機関0013,D3280,医師_D3280
VPR,W,F0068,医療機関0068,D3282,医師_D3282
VPR,W,F0173,医療機関0173,D3283,医師_D3283
VPR,W,F0137,医療機関0137,D3284,医師_D3284
VPR,W,F0049,医療機関0049,D3285,医師_D3285
VPR,W,F0125,医療機関0125,D3286,医師_D3286
VPR,W,F0025,医療機関0025,D3287,医師_D3287
VPR,W,F0054,医療機関0054,D3288,医師_D3288
VPR,W,F0248,医療機関0248,D3290,医師_D3290
VPR,W,F0171,医療機関0171,D3291,医師_D3291
VPR,W,F0131,医療機関0131,D3293,医師_D3293
VPR,W,F0061,医療機関0061,D3294,医師_D3294
VPR,W,F0183,医療機関0183,D3295,医師_D3295
VPR,W,F0279,医療機関0279,D3296,医師_D3296
VPR,W,F0160,医療機関0160,D3297,医師_D3297
VPR,W,F0006,医療機関0006,D3298,医師_D3298
VPR,W,F0278,医療機関0278,D3300,医師_D3300
VPR,W,F0156,医療機関0156,D3301,医師_D3301
VPR,W,F0286,医療機関0286,D3302,医師_D3302
VPR,W,F0153,医療機関0153,D3303,医師_D3303
VPR,W,F0004,医療機関0004,D3304,医師_D3304
VPR,W,F0229,医療機関0229,D3306,医師_D3306
VPR,W,F0215,医療機関0215,D3307,医師_D3307
VPR,W,F0292,医療機関0292,D3308,医師_D3308
VPR,W,F0059,医療機関0059,D3309,医師_D3309
VPR,W,F0272,医療機関0272,D3310,医師_D3310
VPR,W,F0058,医療機関0058,D3313,医師_D3313
VPR,W,F0166,医療機関0166,D3314,医師_D3314
VPR,W,F0237,医療機関0237,D3315,医師_D3315
VPR,W,F0024,医療機関0024,D3316,医師_D3316
VPR,W,F0021,医療機関0021,D3317,医師_D3317
VPR,W,F0255,医療機関0255,D3318,医師_D3318
VPR,W,F0019,医療機関0019,D3319,医師_D3319
VPR,W,F0185,医療機関0185,D3320,医師_D3320
VPR,W,F0185,医療機関0185,D3322,医師_D3322
VPR,W,F0192,医療機関0192,D3325,医師_D3325
VPR,W,F0172,医療機関0172,D3326,医師_D3326
VPR,W,F0151,医療機関0151,D3327,医師_D3327
VPR,W,F0047,医療機関0047,D3328,医師_D3328
VPR,W,F0199,医療機関0199,D3329,医師_D3329
VPR,W,F0023,医療機関0023,D3332,医師_D3332
VPR,W,F0211,医療機関0211,D3333,医師_D3333
VPR,W,F0056,医療機関0056,D3335,医師_D3335
VPR,W,F0255,医療機関0255,D3336,医師_D3336
VPR,W,F0158,医療機関0158,D3337,医師_D3337
VPR,W,F0142,医療機関0142,D3338,医師_D3338
VPR,W,F0217,医療機関0217,D3339,医師_D3339
VPR,W,F0153,医療機関0153,D3340,医師_D3340
VPR,W,F0164,医療機関0164,D3341,医師_D3341
VPR,W,F0094,医療機関0094,D3342,医師_D3342
VPR,W,F0279,医療機関0279,D3343,医師_D3343
VPR,W,F0291,医療機関0291,D3344,医師_D3344
VPR,W,F0040,医療機関0040,D3345,医師_D3345
VPR,W,F0220,医療機関0220,D3346,医師_D3346
VPR,W,F0008,医療機関0008,D3347,医師_D3347
VPR,W,F0111,医療機関0111,D3348,医師_D3348
VPR,W,F0291,医療機関0291,D3349,医師_D3349
VPR,W,F0053,医療機関0053,D3350,医師_D3350
VPR,W,F0114,医療機関0114,D3351,医師_D3351
VPR,W,F0066,医療機関0066,D3352,医師_D3352
VPR,W,F0219,医療機関0219,D3353,医師_D3353
VPR,W,F0140,医療機関0140,D3354,医師_D3354
VPR,W,F0178,医療機関0178,D3355,医師_D3355
VPR,W,F0283,医療機関0283,D3356,医師_D3356
VPR,W,F0157,医療機関0157,D3357,医師_D3357
VPR,W,F0065,医療機関0065,D3360,医師_D3360
VPR,W,F0285,医療機関0285,D3361,医師_D3361
VPR,W,F0258,医療機関0258,D3362,医師_D3362
VPR,W,F0114,医療機関0114,D3364,医師_D3364
VPR,W,F0256,医療機関0256,D3366,医師_D3366
VPR,W,F0236,医療機関0236,D3367,医師_D3367
VPR,W,F0073,医療機関0073,D3368,医師_D3368
VPR,W,F0177,医療機関0177,D3369,医師_D3369
VPR,W,F0186,医療機関0186,D3370,医師_D3370
VPR,W,F0279,医療機関0279,D3372,医師_D3372
VPR,W,F0038,医療機関0038,D3373,医師_D3373
VPR,W,F0078,医療機関0078,D3374,医師_D3374
VPR,W,F0208,医療機関0208,D3376,医師_D3376
VPR,W,F0194,医療機関0194,D3377,医師_D3377
VPR,W,F0297,医療機関0297,D3378,医師_D3378
VPR,W,F0163,医療機関0163,D3379,医師_D3379
VPR,W,F0046,医療機関0046,D3380,医師_D3380
VPR,W,F0136,医療機関0136,D3381,医師_D3381
VPR,W,F0027,医療機関0027,D3382,医師_D3382
VPR,W,F0202,医療機関0202,D3383,医師_D3383
VPR,W,F0102,医療機関0102,D3386,医師_D3386
VPR,W,F0094,医療機関0094,D3387,医師_D3387
VPR,W,F0022,医療機関0022,D3388,医師_D3388
VPR,W,F0125,医療機関0125,D3389,医師_D3389
VPR,W,F0143,医療機関0143,D3390,医師_D3390
VPR,W,F0227,医療機関0227,D3391,医師_D3391
VPR,W,F0227,医療機関0227,D3392,医師_D3392
VPR,W,F0043,医療機関0043,D3393,医師_D3393
VPR,W,F0086,医療機関0086,D3394,医師_D3394
VPR,W,F0154,医療機関0154,D3395,医師_D3395
VPR,W,F0101,医療機関0101,D3396,医師_D3396
VPR,W,F0008,医療機関0008,D3397,医師_D3397
VPR,W,F0254,医療機関0254,D3398,医師_D3398
VPR,W,F0220,医療機関0220,D3399,医師_D3399
VPR,W,F0096,医療機関0096,D3401,医師_D3401
VPR,W,F0253,医療機関0253,D3402,医師_D3402
VPR,W,F0011,医療機関0011,D3403,医師_D3403
VPR,W,F0134,医療機関0134,D3404,医師_D3404
VPR,W,F0241,医療機関0241,D3405,医師_D3405
VPR,W,F0286,医療機関0286,D3406,医師_D3406
VPR,W,F0076,医療機関0076,D3407,医師_D3407
VPR,W,F0057,医療機関0057,D3409,医師_D3409
VPR,W,F0035,医療機関0035,D3410,医師_D3410
VPR,W,F0106,医療機関0106,D3411,医師_D3411
VPR,W,F0266,医療機関0266,D3412,医師_D3412
VPR,W,F0207,医療機関0207,D3413,医師_D3413
VPR,W,F0147,医療機関0147,D3414,医師_D3414
VPR,W,F0085,医療機関0085,D3415,医師_D3415
VPR,W,F0046,医療機関0046,D3418,医師_D3418
VPR,W,F0057,医療機関0057,D3419,医師_D3419
VPR,W,F0207,医療機関0207,D3420,医師_D3420
VPR,W,F0040,医療機関0040,D3421,医師_D3421
VPR,W,F0163,医療機関0163,D3423,医師_D3423
VPR,W,F0086,医療機関0086,D3424,医師_D3424
VPR,W,F0137,医療機関0137,D3425,医師_D3425
VPR,W,F0042,医療機関0042,D3426,医師_D3426
VPR,W,F0063,医療機関0063,D3427,医師_D3427
VPR,W,F0133,医療機関0133,D3428,医師_D3428
VPR,W,F0208,医療機関0208,D3429,医師_D3429
VPR,W,F0125,医療機関0125,D3430,医師_D3430
VPR,W,F0163,医療機関0163,D3431,医師_D3431
VPR,W,F0081,医療機関0081,D3433,医師_D3433
VPR,W,F0084,医療機関0084,D3434,医師_D3434
VPR,W,F0010,医療機関0010,D3436,医師_D3436
VPR,W,F0206,医療機関0206,D3437,医師_D3437
VPR,W,F0185,医療機関0185,D3438,医師_D3438
VPR,W,F0113,医療機関0113,D3440,医師_D3440
VPR,W,F0196,医療機関0196,D3442,医師_D3442
VPR,W,F0228,医療機関0228,D3443,医師_D3443
VPR,W,F0033,医療機関0033,D3444,医師_D3444
VPR,W,F0124,医療機関0124,D3445,医師_D3445
VPR,W,F0005,医療機関0005,D3446,医師_D3446
VPR,W,F0136,医療機関0136,D3447,医師_D3447
VPR,W,F0137,医療機関0137,D3450,医師_D3450
VPR,W,F0119,医療機関0119,D3452,医師_D3452
VPR,W,F0230,医療機関0230,D3453,医師_D3453
VPR,W,F0244,医療機関0244,D3454,医師_D3454
VPR,W,F0002,医療機関0002,D3455,医師_D3455
VPR,W,F0114,医療機関0114,D3456,医師_D3456
VPR,W,F0255,医療機関0255,D3457,医師_D3457
VPR,W,F0160,医療機関0160,D3458,医師_D3458
VPR,W,F0062,医療機関0062,D3459,医師_D3459
VPR,W,F0179,医療機関0179,D3460,医師_D3460
VPR,W,F0044,医療機関0044,D3461,医師_D3461
VPR,W,F0007,医療機関0007,D3462,医師_D3462
VPR,W,F0190,医療機関0190,D3463,医師_D3463
VPR,W,F0227,医療機関0227,D3465,医師_D3465
VPR,W,F0104,医療機関0104,D3466,医師_D3466
VPR,W,F0257,医療機関0257,D3467,医師_D3467
VPR,W,F0222,医療機関0222,D3469,医師_D3469
VPR,W,F0031,医療機関0031,D3470,医師_D3470
VPR,W,F0030,医療機関0030,D3471,医師_D3471
VPR,W,F0235,医療機関0235,D3472,医師_D3472
VPR,W,F0283,医療機関0283,D3474,医師_D3474
VPR,W,F0098,医療機関0098,D3475,医師_D3475
VPR,W,F0007,医療機関0007,D3476,医師_D3476
VPR,W,F0294,医療機関0294,D3477,医師_D3477
VPR,W,F0075,医療機関0075,D3479,医師_D3479
VPR,W,F0230,医療機関0230,D3480,医師_D3480
VPR,W,F0086,医療機関0086,D3482,医師_D3482
VPR,W,F0231,医療機関0231,D3483,医師_D3483
VPR,W,F0151,医療機関0151,D3485,医師_D3485
VPR,W,F0190,医療機関0190,D3486,医師_D3486
VPR,W,F0081,医療機関0081,D3487,医師_D3487
VPR,W,F0279,医療機関0279,D3488,医師_D3488
VPR,W,F0295,医療機関0295,D3489,医師_D3489
VPR,W,F0295,医療機関0295,D3490,医師_D3490
VPR,W,F0222,医療機関0222,D3491,医師_D3491
VPR,W,F0013,医療機関0013,D3492,医師_D3492
VPR,W,F0134,医療機関0134,D3494,医師_D3494
VPR,W,F0288,医療機関0288,D3495,医師_D3495
VPR,W,F0161,医療機関0161,D3497,医師_D3497
VPR,W,F0239,医療機関0239,D3499,医師_D3499
VPR,W,F0028,医療機関0028,D3501,医師_D3501
VPR,W,F0058,医療機関0058,D3503,医師_D3503
VPR,W,F0005,医療機関0005,D3504,医師_D3504
VPR,W,F0024,医療機関0024,D3505,医師_D3505
VPR,W,F0031,医療機関0031,D3507,医師_D3507
VPR,W,F0253,医療機関0253,D3508,医師_D3508
VPR,W,F0001,医療機関0001,D3511,医師_D3511
VPR,W,F0144,医療機関0144,D3512,医師_D3512
VPR,W,F0294,医療機関0294,D3514,医師_D3514
VPR,W,F0063,医療機関0063,D3519,医師_D3519
VPR,W,F0016,医療機関0016,D3520,医師_D3520
VPR,W,F0218,医療機関0218,D3521,医師_D3521
VPR,W,F0296,医療機関0296,D3523,医師_D3523
VPR,W,F0080,医療機関0080,D3524,医師_D3524
VPR,W,F0237,医療機関0237,D3525,医師_D3525
VPR,W,F0152,医療機関0152,D3526,医師_D3526
VPR,W,F0028,医療機関0028,D3528,医師_D3528
VPR,W,F0165,医療機関0165,D3529,医師_D3529
VPR,W,F0003,医療機関0003,D3531,医師_D3531
VPR,W,F0280,医療機関0280,D3532,医師_D3532
VPR,W,F0220,医療機関0220,D3533,医師_D3533
VPR,W,F0297,医療機関0297,D3535,医師_D3535
VPR,W,F0292,医療機関0292,D3536,医師_D3536
VPR,W,F0265,医療機関0265,D3539,医師_D3539
VPR,W,F0152,医療機関0152,D3540,医師_D3540
VPR,W,F0218,医療機関0218,D3541,医師_D3541
VPR,W,F0258,医療機関0258,D3542,医師_D3542
VPR,W,F0135,医療機関0135,D3544,医師_D3544
VPR,W,F0039,医療機関0039,D3545,医師_D3545
VPR,W,F0084,医療機関0084,D3546,医師_D3546
VPR,W,F0125,医療機関0125,D3547,医師_D3547
VPR,W,F0257,医療機関0257,D3548,医師_D3548
VPR,W,F0099,医療機関0099,D3551,医師_D3551
VPR,W,F0160,医療機関0160,D3552,医師_D3552
VPR,W,F0274,医療機関0274,D3553,医師_D3553
VPR,W,F0069,医療機関0069,D3555,医師_D3555
VPR,W,F0056,医療機関0056,D3556,医師_D3556
VPR,W,F0213,医療機関0213,D3557,医師_D3557
VPR,W,F0060,医療機関0060,D3559,医師_D3559
VPR,W,F0010,医療機関0010,D3560,医師_D3560
VPR,W,F0121,医療機関0121,D3561,医師_D3561
VPR,W,F0169,医療機関0169,D3563,医師_D3563
VPR,W,F0061,医療機関0061,D3564,医師_D3564
VPR,W,F0215,医療機関0215,D3565,医師_D3565
VPR,W,F0205,医療機関0205,D3566,医師_D3566
VPR,W,F0139,医療機関0139,D3567,医師_D3567
VPR,W,F0055,医療機関0055,D3568,医師_D3568
VPR,W,F0203,医療機関0203,D3570,医師_D3570
VPR,W,F0112,医療機関0112,D3571,医師_D3571
VPR,W,F0080,医療機関0080,D3572,医師_D3572
VPR,W,F0152,医療機関0152,D3573,医師_D3573
VPR,W,F0107,医療機関0107,D3574,医師_D3574
VPR,W,F0121,医療機関0121,D3575,医師_D3575
VPR,W,F0105,医療機関0105,D3576,医師_D3576
VPR,W,F0092,医療機関0092,D3577,医師_D3577
VPR,W,F0216,医療機関0216,D3578,医師_D3578
VPR,W,F0139,医療機関0139,D3579,医師_D3579
VPR,W,F0140,医療機関0140,D3580,医師_D3580
VPR,W,F0196,医療機関0196,D3581,医師_D3581
VPR,W,F0109,医療機関0109,D3582,医師_D3582
VPR,W,F0031,医療機関0031,D3583,医師_D3583
VPR,W,F0017,医療機関0017,D3585,医師_D3585
VPR,W,F0172,医療機関0172,D3586,医師_D3586
VPR,W,F0065,医療機関0065,D3588,医師_D3588
VPR,W,F0013,医療機関0013,D3589,医師_D3589
VPR,W,F0271,医療機関0271,D3590,医師_D3590
VPR,W,F0129,医療機関0129,D3591,医師_D3591
VPR,W,F0223,医療機関0223,D3593,医師_D3593
VPR,W,F0012,医療機関0012,D3594,医師_D3594
VPR,W,F0170,医療機関0170,D3595,医師_D3595
VPR,W,F0149,医療機関0149,D3596,医師_D3596
VPR,W,F0072,医療機関0072,D3600,医師_D3600
VPR,W,F0204,医療機関0204,D3601,医師_D3601
VPR,W,F0225,医療機関0225,D3602,医師_D3602
VPR,W,F0090,医療機関0090,D3605,医師_D3605
VPR,W,F0243,医療機関0243,D3606,医師_D3606
VPR,W,F0272,医療機関0272,D3607,医師_D3607
VPR,W,F0282,医療機関0282,D3608,医師_D3608
VPR,W,F0068,医療機関0068,D3609,医師_D3609
VPR,W,F0214,医療機関0214,D3612,医師_D3612
VPR,W,F0125,医療機関0125,D3613,医師_D3613
VPR,W,F0215,医療機関0215,D3614,医師_D3614
VPR,W,F0103,医療機関0103,D3618,医師_D3618
VPR,W,F0159,医療機関0159,D3619,医師_D3619
VPR,W,F0034,医療機関0034,D3621,医師_D3621
VPR,W,F0156,医療機関0156,D3622,医師_D3622
VPR,W,F0248,医療機関0248,D3623,医師_D3623
VPR,W,F0054,医療機関0054,D3626,医師_D3626
VPR,W,F0135,医療機関0135,D3627,医師_D3627
VPR,W,F0184,医療機関0184,D3628,医師_D3628
VPR,W,F0105,医療機関0105,D3629,医師_D3629
VPR,W,F0005,医療機関0005,D3630,医師_D3630
VPR,W,F0023,医療機関0023,D3631,医師_D3631
VPR,W,F0182,医療機関0182,D3633,医師_D3633
VPR,W,F0080,医療機関0080,D3634,医師_D3634
VPR,W,F0012,医療機関0012,D3636,医師_D3636
VPR,W,F0033,医療機関0033,D3638,医師_D3638
VPR,W,F0228,医療機関0228,D3639,医師_D3639
VPR,W,F0248,医療機関0248,D3643,医師_D3643
VPR,W,F0010,医療機関0010,D3644,医師_D3644
VPR,W,F0106,医療機関0106,D3645,医師_D3645
VPR,W,F0084,医療機関0084,D3646,医師_D3646
VPR,W,F0082,医療機関0082,D3647,医師_D3647
VPR,W,F0058,医療機関0058,D3648,医師_D3648
VPR,W,F0274,医療機関0274,D3649,医師_D3649
VPR,W,F0114,医療機関0114,D3650,医師_D3650
VPR,W,F0126,医療機関0126,D3651,医師_D3651
VPR,W,F0116,医療機関0116,D3652,医師_D3652
VPR,W,F0295,医療機関0295,D3653,医師_D3653
VPR,W,F0102,医療機関0102,D3654,医師_D3654
VPR,W,F0099,医療機関0099,D3657,医師_D3657
VPR,W,F0027,医療機関0027,D3658,医師_D3658
VPR,W,F0182,医療機関0182,D3659,医師_D3659
VPR,W,F0008,医療機関0008,D3660,医師_D3660
VPR,W,F0068,医療機関0068,D3661,医師_D3661
VPR,W,F0061,医療機関0061,D3662,医師_D3662
VPR,W,F0088,医療機関0088,D3663,医師_D3663
VPR,W,F0227,医療機関0227,D3664,医師_D3664
VPR,W,F0298,医療機関0298,D3666,医師_D3666
VPR,W,F0106,医療機関0106,D3667,医師_D3667
VPR,W,F0279,医療機関0279,D3668,医師_D3668
VPR,W,F0014,医療機関0014,D3669,医師_D3669
VPR,W,F0152,医療機関0152,D3670,医師_D3670
VPR,W,F0160,医療機関0160,D3672,医師_D3672
VPR,W,F0280,医療機関0280,D3673,医師_D3673
VPR,W,F0095,医療機関0095,D3674,医師_D3674
VPR,W,F0010,医療機関0010,D3675,医師_D3675
VPR,W,F0233,医療機関0233,D3676,医師_D3676
VPR,W,F0021,医療機関0021,D3677,医師_D3677
VPR,W,F0230,医療機関0230,D3678,医師_D3678
VPR,W,F0221,医療機関0221,D3679,医師_D3679
VPR,W,F0254,医療機関0254,D3680,医師_D3680
VPR,W,F0144,医療機関0144,D3681,医師_D3681
VPR,W,F0269,医療機関0269,D3682,医師_D3682
VPR,W,F0051,医療機関0051,D3683,医師_D3683
VPR,W,F0131,医療機関0131,D3684,医師_D3684
VPR,W,F0037,医療機関0037,D3685,医師_D3685
VPR,W,F0215,医療機関0215,D3687,医師_D3687
VPR,W,F0242,医療機関0242,D3688,医師_D3688
VPR,W,F0093,医療機関0093,D3690,医師_D3690
VPR,W,F0021,医療機関0021,D3691,医師_D3691
VPR,W,F0279,医療機関0279,D3692,医師_D3692
VPR,W,F0148,医療機関0148,D3693,医師_D3693
VPR,W,F0029,医療機関0029,D3694,医師_D3694
VPR,W,F0279,医療機関0279,D3695,医師_D3695
VPR,W,F0299,医療機関0299,D3696,医師_D3696
VPR,W,F0232,医療機関0232,D3698,医師_D3698
VPR,W,F0011,医療機関0011,D3699,医師_D3699
VPR,W,F0028,医療機関0028,D3700,医師_D3700
VPR,W,F0083,医療機関0083,D3701,医師_D3701
VPR,W,F0197,医療機関0197,D3702,医師_D3702
VPR,W,F0041,医療機関0041,D3703,医師_D3703
VPR,W,F0011,医療機関0011,D3704,医師_D3704
VPR,W,F0201,医療機関0201,D3705,医師_D3705
VPR,W,F0232,医療機関0232,D3706,医師_D3706
VPR,W,F0240,医療機関0240,D3708,医師_D3708
VPR,W,F0241,医療機関0241,D3709,医師_D3709
VPR,W,F0105,医療機関0105,D3713,医師_D3713
VPR,W,F0030,医療機関0030,D3714,医師_D3714
VPR,W,F0226,医療機関0226,D3715,医師_D3715
VPR,W,F0083,医療機関0083,D3716,医師_D3716
VPR,W,F0294,医療機関0294,D3717,医師_D3717
VPR,W,F0125,医療機関0125,D3718,医師_D3718
VPR,W,F0256,医療機関0256,D3719,医師_D3719
VPR,W,F0013,医療機関0013,D3720,医師_D3720
VPR,W,F0135,医療機関0135,D3722,医師_D3722
VPR,W,F0080,医療機関0080,D3724,医師_D3724
VPR,W,F0292,医療機関0292,D3725,医師_D3725
VPR,W,F0118,医療機関0118,D3726,医師_D3726
VPR,W,F0128,医療機関0128,D3728,医師_D3728
VPR,W,F0015,医療機関0015,D3729,医師_D3729
VPR,W,F0264,医療機関0264,D3730,医師_D3730
VPR,W,F0082,医療機関0082,D3732,医師_D3732
VPR,W,F0259,医療機関0259,D3733,医師_D3733
VPR,W,F0269,医療機関0269,D3734,医師_D3734
VPR,W,F0276,医療機関0276,D3735,医師_D3735
VPR,W,F0128,医療機関0128,D3736,医師_D3736
VPR,W,F0228,医療機関0228,D3737,医師_D3737
VPR,W,F0223,医療機関0223,D3739,医師_D3739
VPR,W,F0016,医療機関0016,D3741,医師_D3741
VPR,W,F0078,医療機関0078,D3744,医師_D3744
VPR,W,F0113,医療機関0113,D3745,医師_D3745
VPR,W,F0151,医療機関0151,D3746,医師_D3746
VPR,W,F0015,医療機関0015,D3747,医師_D3747
VPR,W,F0231,医療機関0231,D3749,医師_D3749
VPR,W,F0106,医療機関0106,D3750,医師_D3750
VPR,W,F0183,医療機関0183,D3751,医師_D3751
VPR,W,F0170,医療機関0170,D3752,医師_D3752
VPR,W,F0166,医療機関0166,D3753,医師_D3753
VPR,W,F0145,医療機関0145,D3755,医師_D3755
VPR,W,F0248,医療機関0248,D3756,医師_D3756
VPR,W,F0290,医療機関0290,D3757,医師_D3757
VPR,W,F0078,医療機関0078,D3758,医師_D3758
VPR,W,F0201,医療機関0201,D3759,医師_D3759
VPR,W,F0291,医療機関0291,D3760,医師_D3760
VPR,W,F0003,医療機関0003,D3761,医師_D3761
VPR,W,F0236,医療機関0236,D3762,医師_D3762
VPR,W,F0150,医療機関0150,D3763,医師_D3763
VPR,W,F0291,医療機関0291,D3764,医師_D3764
VPR,W,F0174,医療機関0174,D3765,医師_D3765
VPR,W,F0252,医療機関0252,D3766,医師_D3766
VPR,W,F0158,医療機関0158,D3770,医師_D3770
VPR,W,F0168,医療機関0168,D3771,医師_D3771
VPR,W,F0069,医療機関0069,D3773,医師_D3773
VPR,W,F0246,医療機関0246,D3774,医師_D3774
VPR,W,F0176,医療機関0176,D3776,医師_D3776
VPR,W,F0095,医療機関0095,D3777,医師_D3777
VPR,W,F0080,医療機関0080,D3778,医師_D3778
VPR,W,F0050,医療機関0050,D3779,医師_D3779
VPR,W,F0279,医療機関0279,D3780,医師_D3780
VPR,W,F0283,医療機関0283,D3781,医師_D3781
VPR,W,F0035,医療機関0035,D3782,医師_D3782
VPR,W,F0106,医療機関0106,D3783,医師_D3783
VPR,W,F0115,医療機関0115,D3785,医師_D3785
VPR,W,F0079,医療機関0079,D3787,医師_D3787
VPR,W,F0018,医療機関0018,D3788,医師_D3788
VPR,W,F0102,医療機関0102,D3789,医師_D3789
VPR,W,F0055,医療機関0055,D3791,医師_D3791
VPR,W,F0245,医療機関0245,D3792,医師_D3792
VPR,W,F0004,医療機関0004,D3793,医師_D3793
VPR,W,F0021,医療機関0021,D3794,医師_D3794
VPR,W,F0154,医療機関0154,D3796,医師_D3796
VPR,W,F0089,医療機関0089,D3797,医師_D3797
VPR,W,F0021,医療機関0021,D3799,医師_D3799
VPR,W,F0199,医療機関0199,D3800,医師_D3800
VPR,W,F0036,医療機関0036,D3802,医師_D3802
VPR,W,F0120,医療機関0120,D3803,医師_D3803
VPR,W,F0282,医療機関0282,D3804,医師_D3804
VPR,W,F0079,医療機関0079,D3805,医師_D3805
VPR,W,F0269,医療機関0269,D3806,医師_D3806
VPR,W,F0078,医療機関0078,D3807,医師_D3807
VPR,W,F0216,医療機関0216,D3814,医師_D3814
VPR,W,F0133,医療機関0133,D3816,医師_D3816
VPR,W,F0142,医療機関0142,D3817,医師_D3817
VPR,W,F0047,医療機関0047,D3818,医師_D3818
VPR,W,F0214,医療機関0214,D3819,医師_D3819
VPR,W,F0032,医療機関0032,D3820,医師_D3820
VPR,W,F0217,医療機関0217,D3821,医師_D3821
VPR,W,F0230,医療機関0230,D3823,医師_D3823
VPR,W,F0137,医療機関0137,D3824,医師_D3824
VPR,W,F0262,医療機関0262,D3826,医師_D3826
VPR,W,F0078,医療機関0078,D3827,医師_D3827
VPR,W,F0145,医療機関0145,D3828,医師_D3828
VPR,W,F0232,医療機関0232,D3829,医師_D3829
VPR,W,F0277,医療機関0277,D3830,医師_D3830
VPR,W,F0277,医療機関0277,D3831,医師_D3831
VPR,W,F0027,医療機関0027,D3832,医師_D3832
VPR,W,F0270,医療機関0270,D3833,医師_D3833
VPR,W,F0035,医療機関0035,D3834,医師_D3834
VPR,W,F0176,医療機関0176,D3835,医師_D3835
VPR,W,F0279,医療機関0279,D3836,医師_D3836
VPR,W,F0197,医療機関0197,D3837,医師_D3837
VPR,W,F0285,医療機関0285,D3838,医師_D3838
VPR,W,F0098,医療機関0098,D3841,医師_D3841
VPR,W,F0107,医療機関0107,D3842,医師_D3842
VPR,W,F0205,医療機関0205,D3843,医師_D3843
VPR,W,F0136,医療機関0136,D3844,医師_D3844
VPR,W,F0222,医療機関0222,D3845,医師_D3845
VPR,W,F0125,医療機関0125,D3846,医師_D3846
VPR,W,F0093,医療機関0093,D3847,医師_D3847
VPR,W,F0058,医療機関0058,D3848,医師_D3848
VPR,W,F0166,医療機関0166,D3849,医師_D3849
VPR,W,F0258,医療機関0258,D3851,医師_D3851
VPR,W,F0076,医療機関0076,D3852,医師_D3852
VPR,W,F0144,医療機関0144,D3853,医師_D3853
VPR,W,F0212,医療機関0212,D3854,医師_D3854
VPR,W,F0184,医療機関0184,D3855,医師_D3855
VPR,W,F0021,医療機関0021,D3856,医師_D3856
VPR,W,F0178,医療機関0178,D3857,医師_D3857
VPR,W,F0012,医療機関0012,D3858,医師_D3858
VPR,W,F0035,医療機関0035,D3859,医師_D3859
VPR,W,F0197,医療機関0197,D3860,医師_D3860
VPR,W,F0031,医療機関0031,D3861,医師_D3861
VPR,W,F0102,医療機関0102,D3862,医師_D3862
VPR,W,F0197,医療機関0197,D3864,医師_D3864
VPR,W,F0029,医療機関0029,D3866,医師_D3866
VPR,W,F0240,医療機関0240,D3867,医師_D3867
VPR,W,F0285,医療機関0285,D3868,医師_D3868
VPR,W,F0267,医療機関0267,D3869,医師_D3869
VPR,W,F0225,医療機関0225,D3870,医師_D3870
VPR,W,F0121,医療機関0121,D3871,医師_D3871
VPR,W,F0041,医療機関0041,D3874,医師_D3874
VPR,W,F0256,医療機関0256,D3875,医師_D3875
VPR,W,F0097,医療機関0097,D3876,医師_D3876
VPR,W,F0282,医療機関0282,D3877,医師_D3877
VPR,W,F0111,医療機関0111,D3878,医師_D3878
VPR,W,F0261,医療機関0261,D3879,医師_D3879
VPR,W,F0162,医療機関0162,D3880,医師_D3880
VPR,W,F0141,医療機関0141,D3881,医師_D3881
VPR,W,F0251,医療機関0251,D3883,医師_D3883
VPR,W,F0141,医療機関0141,D3885,医師_D3885
VPR,W,F0111,医療機関0111,D3886,医師_D3886
VPR,W,F0164,医療機関0164,D3887,医師_D3887
VPR,W,F0200,医療機関0200,D3889,医師_D3889
VPR,W,F0116,医療機関0116,D3890,医師_D3890
VPR,W,F0057,医療機関0057,D3891,医師_D3891
VPR,W,F0093,医療機関0093,D3895,医師_D3895
VPR,W,F0189,医療機関0189,D3896,医師_D3896
VPR,W,F0117,医療機関0117,D3898,医師_D3898
VPR,W,F0074,医療機関0074,D3899,医師_D3899
VPR,W,F0104,医療機関0104,D3900,医師_D3900
VPR,W,F0208,医療機関0208,D3901,医師_D3901
VPR,W,F0161,医療機関0161,D3902,医師_D3902
VPR,W,F0232,医療機関0232,D3904,医師_D3904
VPR,W,F0114,医療機関0114,D3906,医師_D3906
VPR,W,F0087,医療機関0087,D3907,医師_D3907
VPR,W,F0177,医療機関0177,D3908,医師_D3908
VPR,W,F0080,医療機関0080,D3909,医師_D3909
VPR,W,F0290,医療機関0290,D3910,医師_D3910
VPR,W,F0090,医療機関0090,D3911,医師_D3911
VPR,W,F0157,医療機関0157,D3912,医師_D3912
VPR,W,F0037,医療機関0037,D3913,医師_D3913
VPR,W,F0273,医療機関0273,D3914,医師_D3914
VPR,W,F0274,医療機関0274,D3915,医師_D3915
VPR,W,F0106,医療機関0106,D3917,医師_D3917
VPR,W,F0018,医療機関0018,D3918,医師_D3918
VPR,W,F0214,医療機関0214,D3919,医師_D3919
VPR,W,F0129,医療機関0129,D3920,医師_D3920
VPR,W,F0298,医療機関0298,D3921,医師_D3921
VPR,W,F0210,医療機関0210,D3922,医師_D3922
VPR,W,F0162,医療機関0162,D3923,医師_D3923
VPR,W,F0297,医療機関0297,D3924,医師_D3924
VPR,W,F0241,医療機関0241,D3925,医師_D3925
VPR,W,F0138,医療機関0138,D3926,医師_D3926
VPR,W,F0028,医療機関0028,D3928,医師_D3928
VPR,W,F0134,医療機関0134,D3929,医師_D3929
VPR,W,F0169,医療機関0169,D3930,医師_D3930
VPR,W,F0038,医療機関0038,D3932,医師_D3932
VPR,W,F0212,医療機関0212,D3933,医師_D3933
VPR,W,F0009,医療機関0009,D3935,医師_D3935
VPR,W,F0251,医療機関0251,D3939,医師_D3939
VPR,W,F0261,医療機関0261,D3940,医師_D3940
VYV,R,F0099,医療機関0099,D3007,医師_D3007
VYV,R,F0209,医療機関0209,D3008,医師_D3008
VYV,R,F0168,医療機関0168,D3011,医師_D3011
VYV,R,F0023,医療機関0023,D3014,医師_D3014
VYV,R,F0135,医療機関0135,D3016,医師_D3016
VYV,R,F0123,医療機関0123,D3018,医師_D3018
VYV,R,F0131,医療機関0131,D3019,医師_D3019
VYV,R,F0027,医療機関0027,D3020,医師_D3020
VYV,R,F0100,医療機関0100,D3023,医師_D3023
VYV,R,F0223,医療機関0223,D3026,医師_D3026
VYV,R,F0249,医療機関0249,D3030,医師_D3030
VYV,R,F0140,医療機関0140,D3031,医師_D3031
VYV,R,F0300,医療機関0300,D3049,医師_D3049
VYV,R,F0022,医療機関0022,D3052,医師_D3052
VYV,R,F0101,医療機関0101,D3059,医師_D3059
VYV,R,F0149,医療機関0149,D3060,医師_D3060
VYV,R,F0168,医療機関0168,D3061,医師_D3061
VYV,R,F0291,医療機関0291,D3063,医師_D3063
VYV,R,F0154,医療機関0154,D3065,医師_D3065
VYV,R,F0177,医療機関0177,D3067,医師_D3067
VYV,R,F0128,医療機関0128,D3069,医師_D3069
VYV,R,F0110,医療機関0110,D3077,医師_D3077
VYV,R,F0231,医療機関0231,D3078,医師_D3078
VYV,R,F0221,医療機関0221,D3080,医師_D3080
VYV,R,F0047,医療機関0047,D3086,医師_D3086
VYV,R,F0032,医療機関0032,D3087,医師_D3087
VYV,R,F0283,医療機関0283,D3088,医師_D3088
VYV,R,F0093,医療機関0093,D3097,医師_D3097
VYV,R,F0075,医療機関0075,D3103,医師_D3103
VYV,R,F0284,医療機関0284,D3105,医師_D3105
VYV,R,F0108,医療機関0108,D3111,医師_D3111
VYV,R,F0300,医療機関0300,D3112,医師_D3112
VYV,R,F0079,医療機関0079,D3120,医師_D3120
VYV,R,F0192,医療機関0192,D3121,医師_D3121
VYV,R,F0226,医療機関0226,D3123,医師_D3123
VYV,R,F0299,医療機関0299,D3124,医師_D3124
VYV,R,F0103,医療機関0103,D3129,医師_D3129
VYV,R,F0217,医療機関0217,D3131,医師_D3131
VYV,R,F0201,医療機関0201,D3139,医師_D3139
VYV,R,F0068,医療機関0068,D3141,医師_D3141
VYV,R,F0282,医療機関0282,D3143,医師_D3143
VYV,R,F0289,医療機関0289,D3153,医師_D3153
VYV,R,F0025,医療機関0025,D3159,医師_D3159
VYV,R,F0152,医療機関0152,D3162,医師_D3162
VYV,R,F0192,医療機関0192,D3164,医師_D3164
VYV,R,F0204,医療機関0204,D3167,医師_D3167
VYV,R,F0225,医療機関0225,D3168,医師_D3168
VYV,R,F0128,医療機関0128,D3171,医師_D3171
VYV,R,F0296,医療機関0296,D3179,医師_D3179
VYV,R,F0134,医療機関0134,D3180,医師_D3180
VYV,R,F0228,医療機関0228,D3184,医師_D3184
VYV,R,F0054,医療機関0054,D3192,医師_D3192
VYV,R,F0197,医療機関0197,D3194,医師_D3194
VYV,R,F0268,医療機関0268,D3195,医師_D3195
VYV,R,F0083,医療機関0083,D3196,医師_D3196
VYV,R,F0277,医療機関0277,D3201,医師_D3201
VYV,R,F0175,医療機関0175,D3202,医師_D3202
VYV,R,F0115,医療機関0115,D3215,医師_D3215
VYV,R,F0189,医療機関0189,D3219,医師_D3219
VYV,R,F0268,医療機関0268,D3220,医師_D3220
VYV,R,F0165,医療機関0165,D3223,医師_D3223
VYV,R,F0054,医療機関0054,D3224,医師_D3224
VYV,R,F0179,医療機関0179,D3225,医師_D3225
VYV,R,F0272,医療機関0272,D3226,医師_D3226
VYV,R,F0043,医療機関0043,D3235,医師_D3235
VYV,R,F0218,医療機関0218,D3236,医師_D3236
VYV,R,F0168,医療機関0168,D3243,医師_D3243
VYV,R,F0144,医療機関0144,D3246,医師_D3246
VYV,R,F0014,医療機関0014,D3252,医師_D3252
VYV,R,F0214,医療機関0214,D3256,医師_D3256
VYV,R,F0132,医療機関0132,D3260,医師_D3260
VYV,R,F0194,医療機関0194,D3262,医師_D3262
VYV,R,F0067,医療機関0067,D3269,医師_D3269
VYV,R,F0187,医療機関0187,D3275,医師_D3275
VYV,R,F0260,医療機関0260,D3281,医師_D3281
VYV,R,F0068,医療機関0068,D3282,医師_D3282
VYV,R,F0173,医療機関0173,D3283,医師_D3283
VYV,R,F0049,医療機関0049,D3285,医師_D3285
VYV,R,F0248,医療機関0248,D3290,医師_D3290
VYV,R,F0131,医療機関0131,D3293,医師_D3293
VYV,R,F0160,医療機関0160,D3297,医師_D3297
VYV,R,F0262,医療機関0262,D3305,医師_D3305
VYV,R,F0292,医療機関0292,D3308,医師_D3308
VYV,R,F0070,医療機関0070,D3311,医師_D3311
VYV,R,F0292,医療機関0292,D3312,医師_D3312
VYV,R,F0237,医療機関0237,D3315,医師_D3315
VYV,R,F0255,医療機関0255,D3318,医師_D3318
VYV,R,F0172,医療機関0172,D3326,医師_D3326
VYV,R,F0199,医療機関0199,D3329,医師_D3329
VYV,R,F0222,医療機関0222,D3330,医師_D3330
VYV,R,F0213,医療機関0213,D3331,医師_D3331
VYV,R,F0023,医療機関0023,D3332,医師_D3332
VYV,R,F0255,医療機関0255,D3336,医師_D3336
VYV,R,F0142,医療機関0142,D3338,医師_D3338
VYV,R,F0164,医療機関0164,D3341,医師_D3341
VYV,R,F0008,医療機関0008,D3347,医師_D3347
VYV,R,F0111,医療機関0111,D3348,医師_D3348
VYV,R,F0291,医療機関0291,D3349,医師_D3349
VYV,R,F0219,医療機関0219,D3353,医師_D3353
VYV,R,F0030,医療機関0030,D3359,医師_D3359
VYV,R,F0256,医療機関0256,D3366,医師_D3366
VYV,R,F0078,医療機関0078,D3374,医師_D3374
VYV,R,F0208,医療機関0208,D3376,医師_D3376
VYV,R,F0194,医療機関0194,D3377,医師_D3377
VYV,R,F0022,医療機関0022,D3388,医師_D3388
VYV,R,F0125,医療機関0125,D3389,医師_D3389
VYV,R,F0143,医療機関0143,D3390,医師_D3390
VYV,R,F0154,医療機関0154,D3395,医師_D3395
VYV,R,F0253,医療機関0253,D3402,医師_D3402
VYV,R,F0011,医療機関0011,D3403,医師_D3403
VYV,R,F0196,医療機関0196,D3408,医師_D3408
VYV,R,F0106,医療機関0106,D3411,医師_D3411
VYV,R,F0147,医療機関0147,D3414,医師_D3414
VYV,R,F0043,医療機関0043,D3416,医師_D3416
VYV,R,F0057,医療機関0057,D3419,医師_D3419
VYV,R,F0015,医療機関0015,D3422,医師_D3422
VYV,R,F0086,医療機関0086,D3424,医師_D3424
VYV,R,F0208,医療機関0208,D3429,医師_D3429
VYV,R,F0163,医療機関0163,D3431,医師_D3431
VYV,R,F0206,医療機関0206,D3437,医師_D3437
VYV,R,F0101,医療機関0101,D3449,医師_D3449
VYV,R,F0002,医療機関0002,D3455,医師_D3455
VYV,R,F0044,医療機関0044,D3461,医師_D3461
VYV,R,F0104,医療機関0104,D3466,医師_D3466
VYV,R,F0031,医療機関0031,D3470,医師_D3470
VYV,R,F0030,医療機関0030,D3471,医師_D3471
VYV,R,F0251,医療機関0251,D3473,医師_D3473
VYV,R,F0230,医療機関0230,D3480,医師_D3480
VYV,R,F0231,医療機関0231,D3483,医師_D3483
VYV,R,F0237,医療機関0237,D3484,医師_D3484
VYV,R,F0222,医療機関0222,D3491,医師_D3491
VYV,R,F0165,医療機関0165,D3496,医師_D3496
VYV,R,F0161,医療機関0161,D3497,医師_D3497
VYV,R,F0101,医療機関0101,D3500,医師_D3500
VYV,R,F0028,医療機関0028,D3501,医師_D3501
VYV,R,F0098,医療機関0098,D3510,医師_D3510
VYV,R,F0006,医療機関0006,D3517,医師_D3517
VYV,R,F0063,医療機関0063,D3519,医師_D3519
VYV,R,F0152,医療機関0152,D3526,医師_D3526
VYV,R,F0128,医療機関0128,D3530,医師_D3530
VYV,R,F0220,医療機関0220,D3533,医師_D3533
VYV,R,F0297,医療機関0297,D3535,医師_D3535
VYV,R,F0152,医療機関0152,D3540,医師_D3540
VYV,R,F0258,医療機関0258,D3542,医師_D3542
VYV,R,F0084,医療機関0084,D3546,医師_D3546
VYV,R,F0099,医療機関0099,D3551,医師_D3551
VYV,R,F0274,医療機関0274,D3553,医師_D3553
VYV,R,F0205,医療機関0205,D3566,医師_D3566
VYV,R,F0055,医療機関0055,D3568,医師_D3568
VYV,R,F0031,医療機関0031,D3583,医師_D3583
VYV,R,F0065,医療機関0065,D3588,医師_D3588
VYV,R,F0103,医療機関0103,D3592,医師_D3592
VYV,R,F0223,医療機関0223,D3593,医師_D3593
VYV,R,F0040,医療機関0040,D3604,医師_D3604
VYV,R,F0243,医療機関0243,D3606,医師_D3606
VYV,R,F0068,医療機関0068,D3609,医師_D3609
VYV,R,F0215,医療機関0215,D3614,医師_D3614
VYV,R,F0103,医療機関0103,D3618,医師_D3618
VYV,R,F0248,医療機関0248,D3623,医師_D3623
VYV,R,F0160,医療機関0160,D3624,医師_D3624
VYV,R,F0135,医療機関0135,D3627,医師_D3627
VYV,R,F0182,医療機関0182,D3633,医師_D3633
VYV,R,F0284,医療機関0284,D3637,医師_D3637
VYV,R,F0033,医療機関0033,D3638,医師_D3638
VYV,R,F0073,医療機関0073,D3640,医師_D3640
VYV,R,F0082,医療機関0082,D3647,医師_D3647
VYV,R,F0274,医療機関0274,D3649,医師_D3649
VYV,R,F0114,医療機関0114,D3650,医師_D3650
VYV,R,F0126,医療機関0126,D3651,医師_D3651
VYV,R,F0295,医療機関0295,D3653,医師_D3653
VYV,R,F0008,医療機関0008,D3660,医師_D3660
VYV,R,F0180,医療機関0180,D3665,医師_D3665
VYV,R,F0106,医療機関0106,D3667,医師_D3667
VYV,R,F0279,医療機関0279,D3668,医師_D3668
VYV,R,F0240,医療機関0240,D3671,医師_D3671
VYV,R,F0010,医療機関0010,D3675,医師_D3675
VYV,R,F0144,医療機関0144,D3681,医師_D3681
VYV,R,F0131,医療機関0131,D3684,医師_D3684
VYV,R,F0232,医療機関0232,D3698,医師_D3698
VYV,R,F0011,医療機関0011,D3699,医師_D3699
VYV,R,F0232,医療機関0232,D3706,医師_D3706
VYV,R,F0226,医療機関0226,D3715,医師_D3715
VYV,R,F0294,医療機関0294,D3717,医師_D3717
VYV,R,F0125,医療機関0125,D3718,医師_D3718
VYV,R,F0264,医療機関0264,D3730,医師_D3730
VYV,R,F0259,医療機関0259,D3733,医師_D3733
VYV,R,F0269,医療機関0269,D3734,医師_D3734
VYV,R,F0128,医療機関0128,D3736,医師_D3736
VYV,R,F0228,医療機関0228,D3737,医師_D3737
VYV,R,F0099,医療機関0099,D3738,医師_D3738
VYV,R,F0141,医療機関0141,D3743,医師_D3743
VYV,R,F0170,医療機関0170,D3752,医師_D3752
VYV,R,F0248,医療機関0248,D3756,医師_D3756
VYV,R,F0290,医療機関0290,D3757,医師_D3757
VYV,R,F0043,医療機関0043,D3768,医師_D3768
VYV,R,F0278,医療機関0278,D3769,医師_D3769
VYV,R,F0176,医療機関0176,D3776,医師_D3776
VYV,R,F0035,医療機関0035,D3782,医師_D3782
VYV,R,F0153,医療機関0153,D3795,医師_D3795
VYV,R,F0154,医療機関0154,D3796,医師_D3796
VYV,W,F0134,医療機関0134,D3001,医師_D3001
VYV,W,F0184,医療機関0184,D3002,医師_D3002
VYV,W,F0047,医療機関0047,D3003,医師_D3003
VYV,W,F0188,医療機関0188,D3004,医師_D3004
VYV,W,F0278,医療機関0278,D3005,医師_D3005
VYV,W,F0041,医療機関0041,D3006,医師_D3006
VYV,W,F0186,医療機関0186,D3009,医師_D3009
VYV,W,F0203,医療機関0203,D3010,医師_D3010
VYV,W,F0205,医療機関0205,D3012,医師_D3012
VYV,W,F0183,医療機関0183,D3013,医師_D3013
VYV,W,F0226,医療機関0226,D3015,医師_D3015
VYV,W,F0016,医療機関0016,D3017,医師_D3017
VYV,W,F0299,医療機関0299,D3021,医師_D3021
VYV,W,F0067,医療機関0067,D3022,医師_D3022
VYV,W,F0133,医療機関0133,D3024,医師_D3024
VYV,W,F0250,医療機関0250,D3025,医師_D3025
VYV,W,F0232,医療機関0232,D3027,医師_D3027
VYV,W,F0072,医療機関0072,D3028,医師_D3028
VYV,W,F0254,医療機関0254,D3029,医師_D3029
VYV,W,F0164,医療機関0164,D3032,医師_D3032
VYV,W,F0012,医療機関0012,D3033,医師_D3033
VYV,W,F0229,医療機関0229,D3034,医師_D3034
VYV,W,F0289,医療機関0289,D3035,医師_D3035
VYV,W,F0142,医療機関0142,D3036,医師_D3036
VYV,W,F0163,医療機関0163,D3037,医師_D3037
VYV,W,F0150,医療機関0150,D3038,医師_D3038
VYV,W,F0025,医療機関0025,D3039,医師_D3039
VYV,W,F0186,医療機関0186,D3040,医師_D3040
VYV,W,F0217,医療機関0217,D3041,医師_D3041
VYV,W,F0279,医療機関0279,D3042,医師_D3042
VYV,W,F0279,医療機関0279,D3043,医師_D3043
VYV,W,F0148,医療機関0148,D3044,医師_D3044
VYV,W,F0288,医療機関0288,D3045,医師_D3045
VYV,W,F0159,医療機関0159,D3046,医師_D3046
VYV,W,F0193,医療機関0193,D3047,医師_D3047
VYV,W,F0181,医療機関0181,D3048,医師_D3048
VYV,W,F0222,医療機関0222,D3050,医師_D3050
VYV,W,F0037,医療機関0037,D3051,医師_D3051
VYV,W,F0123,医療機関0123,D3053,医師_D3053
VYV,W,F0155,医療機関0155,D3054,医師_D3054
VYV,W,F0201,医療機関0201,D3055,医師_D3055
VYV,W,F0145,医療機関0145,D3056,医師_D3056
VYV,W,F0155,医療機関0155,D3057,医師_D3057
VYV,W,F0277,医療機関0277,D3058,医師_D3058
VYV,W,F0141,医療機関0141,D3062,医師_D3062
VYV,W,F0289,医療機関0289,D3064,医師_D3064
VYV,W,F0136,医療機関0136,D3066,医師_D3066
VYV,W,F0055,医療機関0055,D3068,医師_D3068
VYV,W,F0066,医療機関0066,D3070,医師_D3070
VYV,W,F0044,医療機関0044,D3071,医師_D3071
VYV,W,F0029,医療機関0029,D3072,医師_D3072
VYV,W,F0177,医療機関0177,D3073,医師_D3073
VYV,W,F0001,医療機関0001,D3074,医師_D3074
VYV,W,F0194,医療機関0194,D3075,医師_D3075
VYV,W,F0130,医療機関0130,D3076,医師_D3076
VYV,W,F0162,医療機関0162,D3079,医師_D3079
VYV,W,F0213,医療機関0213,D3081,医師_D3081
VYV,W,F0010,医療機関0010,D3082,医師_D3082
VYV,W,F0065,医療機関0065,D3083,医師_D3083
VYV,W,F0171,医療機関0171,D3084,医師_D3084
VYV,W,F0293,医療機関0293,D3085,医師_D3085
VYV,W,F0291,医療機関0291,D3089,医師_D3089
VYV,W,F0051,医療機関0051,D3090,医師_D3090
VYV,W,F0121,医療機関0121,D3091,医師_D3091
VYV,W,F0188,医療機関0188,D3092,医師_D3092
VYV,W,F0059,医療機関0059,D3093,医師_D3093
VYV,W,F0098,医療機関0098,D3094,医師_D3094
VYV,W,F0119,医療機関0119,D3095,医師_D3095
VYV,W,F0193,医療機関0193,D3096,医師_D3096
VYV,W,F0124,医療機関0124,D3098,医師_D3098
VYV,W,F0087,医療機関0087,D3099,医師_D3099
VYV,W,F0228,医療機関0228,D3100,医師_D3100
VYV,W,F0046,医療機関0046,D3101,医師_D3101
VYV,W,F0070,医療機関0070,D3102,医師_D3102
VYV,W,F0272,医療機関0272,D3104,医師_D3104
VYV,W,F0151,医療機関0151,D3106,医師_D3106
VYV,W,F0047,医療機関0047,D3107,医師_D3107
VYV,W,F0227,医療機関0227,D3108,医師_D3108
VYV,W,F0148,医療機関0148,D3109,医師_D3109
VYV,W,F0255,医療機関0255,D3110,医師_D3110
VYV,W,F0243,医療機関0243,D3113,医師_D3113
VYV,W,F0068,医療機関0068,D3114,医師_D3114
VYV,W,F0218,医療機関0218,D3115,医師_D3115
VYV,W,F0087,医療機関0087,D3116,医師_D3116
VYV,W,F0105,医療機関0105,D3117,医師_D3117
VYV,W,F0076,医療機関0076,D3118,医師_D3118
VYV,W,F0205,医療機関0205,D3119,医師_D3119
VYV,W,F0175,医療機関0175,D3122,医師_D3122
VYV,W,F0003,医療機関0003,D3125,医師_D3125
VYV,W,F0298,医療機関0298,D3126,医師_D3126
VYV,W,F0033,医療機関0033,D3127,医師_D3127
VYV,W,F0159,医療機関0159,D3128,医師_D3128
VYV,W,F0192,医療機関0192,D3130,医師_D3130
VYV,W,F0258,医療機関0258,D3132,医師_D3132
VYV,W,F0121,医療機関0121,D3133,医師_D3133
VYV,W,F0280,医療機関0280,D3134,医師_D3134
VYV,W,F0097,医療機関0097,D3135,医師_D3135
VYV,W,F0062,医療機関0062,D3136,医師_D3136
VYV,W,F0114,医療機関0114,D3137,医師_D3137
VYV,W,F0159,医療機関0159,D3138,医師_D3138
VYV,W,F0250,医療機関0250,D3140,医師_D3140
VYV,W,F0091,医療機関0091,D3142,医師_D3142
VYV,W,F0132,医療機関0132,D3144,医師_D3144
VYV,W,F0073,医療機関0073,D3145,医師_D3145
VYV,W,F0296,医療機関0296,D3146,医師_D3146
VYV,W,F0135,医療機関0135,D3147,医師_D3147
VYV,W,F0296,医療機関0296,D3148,医師_D3148
VYV,W,F0276,医療機関0276,D3149,医師_D3149
VYV,W,F0272,医療機関0272,D3150,医師_D3150
VYV,W,F0175,医療機関0175,D3151,医師_D3151
VYV,W,F0240,医療機関0240,D3152,医師_D3152
VYV,W,F0081,医療機関0081,D3154,医師_D3154
VYV,W,F0012,医療機関0012,D3155,医師_D3155
VYV,W,F0097,医療機関0097,D3156,医師_D3156
VYV,W,F0192,医療機関0192,D3157,医師_D3157
VYV,W,F0165,医療機関0165,D3158,医師_D3158
VYV,W,F0169,医療機関0169,D3160,医師_D3160
VYV,W,F0053,医療機関0053,D3161,医師_D3161
VYV,W,F0173,医療機関0173,D3163,医師_D3163
VYV,W,F0124,医療機関0124,D3165,医師_D3165
VYV,W,F0123,医療機関0123,D3166,医師_D3166
VYV,W,F0243,医療機関0243,D3169,医師_D3169
VYV,W,F0101,医療機関0101,D3170,医師_D3170
VYV,W,F0100,医療機関0100,D3172,医師_D3172
VYV,W,F0159,医療機関0159,D3173,医師_D3173
VYV,W,F0039,医療機関0039,D3174,医師_D3174
VYV,W,F0130,医療機関0130,D3175,医師_D3175
VYV,W,F0057,医療機関0057,D3176,医師_D3176
VYV,W,F0160,医療機関0160,D3177,医師_D3177
VYV,W,F0256,医療機関0256,D3178,医師_D3178
VYV,W,F0017,医療機関0017,D3181,医師_D3181
VYV,W,F0069,医療機関0069,D3182,医師_D3182
VYV,W,F0032,医療機関0032,D3183,医師_D3183
VYV,W,F0296,医療機関0296,D3185,医師_D3185
VYV,W,F0167,医療機関0167,D3186,医師_D3186
VYV,W,F0054,医療機関0054,D3187,医師_D3187
VYV,W,F0007,医療機関0007,D3188,医師_D3188
VYV,W,F0293,医療機関0293,D3189,医師_D3189
VYV,W,F0095,医療機関0095,D3190,医師_D3190
VYV,W,F0034,医療機関0034,D3191,医師_D3191
VYV,W,F0077,医療機関0077,D3193,医師_D3193
VYV,W,F0207,医療機関0207,D3197,医師_D3197
VYV,W,F0020,医療機関0020,D3198,医師_D3198
VYV,W,F0004,医療機関0004,D3199,医師_D3199
VYV,W,F0017,医療機関0017,D3200,医師_D3200
VYV,W,F0242,医療機関0242,D3203,医師_D3203
VYV,W,F0007,医療機関0007,D3204,医師_D3204
VYV,W,F0007,医療機関0007,D3205,医師_D3205
VYV,W,F0255,医療機関0255,D3206,医師_D3206
VYV,W,F0031,医療機関0031,D3207,医師_D3207
VYV,W,F0047,医療機関0047,D3208,医師_D3208
VYV,W,F0156,医療機関0156,D3209,医師_D3209
VYV,W,F0182,医療機関0182,D3210,医師_D3210
VYV,W,F0069,医療機関0069,D3211,医師_D3211
VYV,W,F0134,医療機関0134,D3212,医師_D3212
VYV,W,F0203,医療機関0203,D3213,医師_D3213
VYV,W,F0133,医療機関0133,D3214,医師_D3214
VYV,W,F0022,医療機関0022,D3216,医師_D3216
VYV,W,F0136,医療機関0136,D3217,医師_D3217
VYV,W,F0241,医療機関0241,D3218,医師_D3218
VYV,W,F0038,医療機関0038,D3221,医師_D3221
VYV,W,F0004,医療機関0004,D3222,医師_D3222
VYV,W,F0102,医療機関0102,D3227,医師_D3227
VYV,W,F0165,医療機関0165,D3228,医師_D3228
VYV,W,F0205,医療機関0205,D3229,医師_D3229
VYV,W,F0046,医療機関0046,D3230,医師_D3230
VYV,W,F0270,医療機関0270,D3231,医師_D3231
VYV,W,F0061,医療機関0061,D3232,医師_D3232
VYV,W,F0243,医療機関0243,D3233,医師_D3233
VYV,W,F0198,医療機関0198,D3234,医師_D3234
VYV,W,F0059,医療機関0059,D3237,医師_D3237
VYV,W,F0180,医療機関0180,D3238,医師_D3238
VYV,W,F0288,医療機関0288,D3239,医師_D3239
VYV,W,F0286,医療機関0286,D3240,医師_D3240
VYV,W,F0262,医療機関0262,D3241,医師_D3241
VYV,W,F0149,医療機関0149,D3242,医師_D3242
VYV,W,F0091,医療機関0091,D3244,医師_D3244
VYV,W,F0277,医療機関0277,D3245,医師_D3245
VYV,W,F0232,医療機関0232,D3247,医師_D3247
VYV,W,F0108,医療機関0108,D3248,医師_D3248
VYV,W,F0223,医療機関0223,D3249,医師_D3249
VYV,W,F0068,医療機関0068,D3250,医師_D3250
VYV,W,F0221,医療機関0221,D3251,医師_D3251
VYV,W,F0032,医療機関0032,D3253,医師_D3253
VYV,W,F0106,医療機関0106,D3254,医師_D3254
VYV,W,F0145,医療機関0145,D3255,医師_D3255
VYV,W,F0108,医療機関0108,D3257,医師_D3257
VYV,W,F0006,医療機関0006,D3258,医師_D3258
VYV,W,F0098,医療機関0098,D3259,医師_D3259
VYV,W,F0164,医療機関0164,D3261,医師_D3261
VYV,W,F0075,医療機関0075,D3263,医師_D3263
VYV,W,F0184,医療機関0184,D3264,医師_D3264
VYV,W,F0190,医療機関0190,D3265,医師_D3265
VYV,W,F0233,医療機関0233,D3266,医師_D3266
VYV,W,F0157,医療機関0157,D3267,医師_D3267
VYV,W,F0244,医療機関0244,D3268,医師_D3268
VYV,W,F0214,医療機関0214,D3270,医師_D3270
VYV,W,F0014,医療機関0014,D3271,医師_D3271
VYV,W,F0031,医療機関0031,D3272,医師_D3272
VYV,W,F0260,医療機関0260,D3273,医師_D3273
VYV,W,F0143,医療機関0143,D3274,医師_D3274
VYV,W,F0182,医療機関0182,D3276,医師_D3276
VYV,W,F0209,医療機関0209,D3277,医師_D3277
VYV,W,F0074,医療機関0074,D3278,医師_D3278
VYV,W,F0054,医療機関0054,D3279,医師_D3279
VYV,W,F0013,医療機関0013,D3280,医師_D3280
VYV,W,F0137,医療機関0137,D3284,医師_D3284
VYV,W,F0125,医療機関0125,D3286,医師_D3286
VYV,W,F0025,医療機関0025,D3287,医師_D3287
VYV,W,F0054,医療機関0054,D3288,医師_D3288
VYV,W,F0042,医療機関0042,D3289,医師_D3289
VYV,W,F0171,医療機関0171,D3291,医師_D3291
VYV,W,F0278,医療機関0278,D3292,医師_D3292
VYV,W,F0061,医療機関0061,D3294,医師_D3294
VYV,W,F0183,医療機関0183,D3295,医師_D3295
VYV,W,F0279,医療機関0279,D3296,医師_D3296
VYV,W,F0006,医療機関0006,D3298,医師_D3298
VYV,W,F0092,医療機関0092,D3299,医師_D3299
VYV,W,F0278,医療機関0278,D3300,医師_D3300
VYV,W,F0156,医療機関0156,D3301,医師_D3301
VYV,W,F0286,医療機関0286,D3302,医師_D3302
VYV,W,F0153,医療機関0153,D3303,医師_D3303
VYV,W,F0004,医療機関0004,D3304,医師_D3304
VYV,W,F0229,医療機関0229,D3306,医師_D3306
VYV,W,F0215,医療機関0215,D3307,医師_D3307
VYV,W,F0059,医療機関0059,D3309,医師_D3309
VYV,W,F0272,医療機関0272,D3310,医師_D3310
VYV,W,F0058,医療機関0058,D3313,医師_D3313
VYV,W,F0166,医療機関0166,D3314,医師_D3314
VYV,W,F0024,医療機関0024,D3316,医師_D3316
VYV,W,F0021,医療機関0021,D3317,医師_D3317
VYV,W,F0019,医療機関0019,D3319,医師_D3319
VYV,W,F0185,医療機関0185,D3320,医師_D3320
VYV,W,F0282,医療機関0282,D3321,医師_D3321
VYV,W,F0185,医療機関0185,D3322,医師_D3322
VYV,W,F0145,医療機関0145,D3323,医師_D3323
VYV,W,F0126,医療機関0126,D3324,医師_D3324
VYV,W,F0192,医療機関0192,D3325,医師_D3325
VYV,W,F0151,医療機関0151,D3327,医師_D3327
VYV,W,F0047,医療機関0047,D3328,医師_D3328
VYV,W,F0211,医療機関0211,D3333,医師_D3333
VYV,W,F0219,医療機関0219,D3334,医師_D3334
VYV,W,F0056,医療機関0056,D3335,医師_D3335
VYV,W,F0158,医療機関0158,D3337,医師_D3337
VYV,W,F0217,医療機関0217,D3339,医師_D3339
VYV,W,F0153,医療機関0153,D3340,医師_D3340
VYV,W,F0094,医療機関0094,D3342,医師_D3342
VYV,W,F0279,医療機関0279,D3343,医師_D3343
VYV,W,F0291,医療機関0291,D3344,医師_D3344
VYV,W,F0040,医療機関0040,D3345,医師_D3345
VYV,W,F0220,医療機関0220,D3346,医師_D3346
VYV,W,F0053,医療機関0053,D3350,医師_D3350
VYV,W,F0114,医療機関0114,D3351,医師_D3351
VYV,W,F0066,医療機関0066,D3352,医師_D3352
VYV,W,F0140,医療機関0140,D3354,医師_D3354
VYV,W,F0178,医療機関0178,D3355,医師_D3355
VYV,W,F0283,医療機関0283,D3356,医師_D3356
VYV,W,F0157,医療機関0157,D3357,医師_D3357
VYV,W,F0221,医療機関0221,D3358,医師_D3358
VYV,W,F0065,医療機関0065,D3360,医師_D3360
VYV,W,F0285,医療機関0285,D3361,医師_D3361
VYV,W,F0258,医療機関0258,D3362,医師_D3362
VYV,W,F0198,医療機関0198,D3363,医師_D3363
VYV,W,F0114,医療機関0114,D3364,医師_D3364
VYV,W,F0060,医療機関0060,D3365,医師_D3365
VYV,W,F0236,医療機関0236,D3367,医師_D3367
VYV,W,F0073,医療機関0073,D3368,医師_D3368
VYV,W,F0177,医療機関0177,D3369,医師_D3369
VYV,W,F0186,医療機関0186,D3370,医師_D3370
VYV,W,F0144,医療機関0144,D3371,医師_D3371
VYV,W,F0279,医療機関0279,D3372,医師_D3372
VYV,W,F0038,医療機関0038,D3373,医師_D3373
VYV,W,F0029,医療機関0029,D3375,医師_D3375
VYV,W,F0297,医療機関0297,D3378,医師_D3378
VYV,W,F0163,医療機関0163,D3379,医師_D3379
VYV,W,F0046,医療機関0046,D3380,医師_D3380
VYV,W,F0136,医療機関0136,D3381,医師_D3381
VYV,W,F0027,医療機関0027,D3382,医師_D3382
VYV,W,F0202,医療機関0202,D3383,医師_D3383
VYV,W,F0203,医療機関0203,D3384,医師_D3384
VYV,W,F0258,医療機関0258,D3385,医師_D3385
VYV,W,F0102,医療機関0102,D3386,医師_D3386
VYV,W,F0094,医療機関0094,D3387,医師_D3387
VYV,W,F0227,医療機関0227,D3391,医師_D3391
VYV,W,F0227,医療機関0227,D3392,医師_D3392
VYV,W,F0043,医療機関0043,D3393,医師_D3393
VYV,W,F0086,医療機関0086,D3394,医師_D3394
VYV,W,F0101,医療機関0101,D3396,医師_D3396
VYV,W,F0008,医療機関0008,D3397,医師_D3397
VYV,W,F0254,医療機関0254,D3398,医師_D3398
VYV,W,F0220,医療機関0220,D3399,医師_D3399
VYV,W,F0157,医療機関0157,D3400,医師_D3400
VYV,W,F0096,医療機関0096,D3401,医師_D3401
VYV,W,F0134,医療機関0134,D3404,医師_D3404
VYV,W,F0241,医療機関0241,D3405,医師_D3405
VYV,W,F0286,医療機関0286,D3406,医師_D3406
VYV,W,F0076,医療機関0076,D3407,医師_D3407
VYV,W,F0057,医療機関0057,D3409,医師_D3409
VYV,W,F0035,医療機関0035,D3410,医師_D3410
VYV,W,F0266,医療機関0266,D3412,医師_D3412
VYV,W,F0207,医療機関0207,D3413,医師_D3413
VYV,W,F0085,医療機関0085,D3415,医師_D3415
VYV,W,F0082,医療機関0082,D3417,医師_D3417
VYV,W,F0046,医療機関0046,D3418,医師_D3418
VYV,W,F0207,医療機関0207,D3420,医師_D3420
VYV,W,F0040,医療機関0040,D3421,医師_D3421
VYV,W,F0163,医療機関0163,D3423,医師_D3423
VYV,W,F0137,医療機関0137,D3425,医師_D3425
VYV,W,F0042,医療機関0042,D3426,医師_D3426
VYV,W,F0063,医療機関0063,D3427,医師_D3427
VYV,W,F0133,医療機関0133,D3428,医師_D3428
VYV,W,F0125,医療機関0125,D3430,医師_D3430
VYV,W,F0157,医療機関0157,D3432,医師_D3432
VYV,W,F0081,医療機関0081,D3433,医師_D3433
VYV,W,F0084,医療機関0084,D3434,医師_D3434
VYV,W,F0128,医療機関0128,D3435,医師_D3435
VYV,W,F0010,医療機関0010,D3436,医師_D3436
VYV,W,F0185,医療機関0185,D3438,医師_D3438
VYV,W,F0092,医療機関0092,D3439,医師_D3439
VYV,W,F0113,医療機関0113,D3440,医師_D3440
VYV,W,F0099,医療機関0099,D3441,医師_D3441
VYV,W,F0196,医療機関0196,D3442,医師_D3442
VYV,W,F0228,医療機関0228,D3443,医師_D3443
VYV,W,F0033,医療機関0033,D3444,医師_D3444
VYV,W,F0124,医療機関0124,D3445,医師_D3445
VYV,W,F0005,医療機関0005,D3446,医師_D3446
VYV,W,F0136,医療機関0136,D3447,医師_D3447
VYV,W,F0075,医療機関0075,D3448,医師_D3448
VYV,W,F0137,医療機関0137,D3450,医師_D3450
VYV,W,F0098,医療機関0098,D3451,医師_D3451
VYV,W,F0119,医療機関0119,D3452,医師_D3452
VYV,W,F0230,医療機関0230,D3453,医師_D3453
VYV,W,F0244,医療機関0244,D3454,医師_D3454
VYV,W,F0114,医療機関0114,D3456,医師_D3456
VYV,W,F0255,医療機関0255,D3457,医師_D3457
VYV,W,F0160,医療機関0160,D3458,医師_D3458
VYV,W,F0062,医療機関0062,D3459,医師_D3459
VYV,W,F0179,医療機関0179,D3460,医師_D3460
VYV,W,F0007,医療機関0007,D3462,医師_D3462
VYV,W,F0190,医療機関0190,D3463,医師_D3463
VYV,W,F0155,医療機関0155,D3464,医師_D3464
VYV,W,F0227,医療機関0227,D3465,医師_D3465
VYV,W,F0257,医療機関0257,D3467,医師_D3467
VYV,W,F0127,医療機関0127,D3468,医師_D3468
VYV,W,F0222,医療機関0222,D3469,医師_D3469
VYV,W,F0235,医療機関0235,D3472,医師_D3472
VYV,W,F0283,医療機関0283,D3474,医師_D3474
VYV,W,F0098,医療機関0098,D3475,医師_D3475
VYV,W,F0007,医療機関0007,D3476,医師_D3476
VYV,W,F0294,医療機関0294,D3477,医師_D3477
VYV,W,F0181,医療機関0181,D3478,医師_D3478
VYV,W,F0075,医療機関0075,D3479,医師_D3479
VYV,W,F0272,医療機関0272,D3481,医師_D3481
VYV,W,F0086,医療機関0086,D3482,医師_D3482
VYV,W,F0151,医療機関0151,D3485,医師_D3485
VYV,W,F0190,医療機関0190,D3486,医師_D3486
VYV,W,F0081,医療機関0081,D3487,医師_D3487
VYV,W,F0279,医療機関0279,D3488,医師_D3488
VYV,W,F0295,医療機関0295,D3489,医師_D3489
VYV,W,F0295,医療機関0295,D3490,医師_D3490
VYV,W,F0013,医療機関0013,D3492,医師_D3492
VYV,W,F0110,医療機関0110,D3493,医師_D3493
VYV,W,F0134,医療機関0134,D3494,医師_D3494
VYV,W,F0288,医療機関0288,D3495,医師_D3495
VYV,W,F0045,医療機関0045,D3498,医師_D3498
VYV,W,F0239,医療機関0239,D3499,医師_D3499
VYV,W,F0297,医療機関0297,D3502,医師_D3502
VYV,W,F0058,医療機関0058,D3503,医師_D3503
VYV,W,F0005,医療機関0005,D3504,医師_D3504
VYV,W,F0024,医療機関0024,D3505,医師_D3505
VYV,W,F0136,医療機関0136,D3506,医師_D3506
VYV,W,F0031,医療機関0031,D3507,医師_D3507
VYV,W,F0253,医療機関0253,D3508,医師_D3508
VYV,W,F0154,医療機関0154,D3509,医師_D3509
VYV,W,F0001,医療機関0001,D3511,医師_D3511
VYV,W,F0144,医療機関0144,D3512,医師_D3512
VYV,W,F0046,医療機関0046,D3513,医師_D3513
VYV,W,F0294,医療機関0294,D3514,医師_D3514
VYV,W,F0088,医療機関0088,D3515,医師_D3515
VYV,W,F0143,医療機関0143,D3516,医師_D3516
VYV,W,F0040,医療機関0040,D3518,医師_D3518
VYV,W,F0016,医療機関0016,D3520,医師_D3520
VYV,W,F0218,医療機関0218,D3521,医師_D3521
VYV,W,F0284,医療機関0284,D3522,医師_D3522
VYV,W,F0296,医療機関0296,D3523,医師_D3523
VYV,W,F0080,医療機関0080,D3524,医師_D3524
VYV,W,F0237,医療機関0237,D3525,医師_D3525
VYV,W,F0014,医療機関0014,D3527,医師_D3527
VYV,W,F0028,医療機関0028,D3528,医師_D3528
VYV,W,F0165,医療機関0165,D3529,医師_D3529
VYV,W,F0003,医療機関0003,D3531,医師_D3531
VYV,W,F0280,医療機関0280,D3532,医師_D3532
VYV,W,F0151,医療機関0151,D3534,医師_D3534
VYV,W,F0292,医療機関0292,D3536,医師_D3536
VYV,W,F0293,医療機関0293,D3537,医師_D3537
VYV,W,F0078,医療機関0078,D3538,医師_D3538
VYV,W,F0265,医療機関0265,D3539,医師_D3539
VYV,W,F0218,医療機関0218,D3541,医師_D3541
VYV,W,F0049,医療機関0049,D3543,医師_D3543
VYV,W,F0135,医療機関0135,D3544,医師_D3544
VYV,W,F0039,医療機関0039,D3545,医師_D3545
VYV,W,F0125,医療機関0125,D3547,医師_D3547
VYV,W,F0257,医療機関0257,D3548,医師_D3548
VYV,W,F0259,医療機関0259,D3549,医師_D3549
VYV,W,F0117,医療機関0117,D3550,医師_D3550
VYV,W,F0160,医療機関0160,D3552,医師_D3552
VYV,W,F0293,医療機関0293,D3554,医師_D3554
VYV,W,F0069,医療機関0069,D3555,医師_D3555
VYV,W,F0056,医療機関0056,D3556,医師_D3556
VYV,W,F0213,医療機関0213,D3557,医師_D3557
VYV,W,F0091,医療機関0091,D3558,医師_D3558
VYV,W,F0060,医療機関0060,D3559,医師_D3559
VYV,W,F0010,医療機関0010,D3560,医師_D3560
VYV,W,F0121,医療機関0121,D3561,医師_D3561
VYV,W,F0118,医療機関0118,D3562,医師_D3562
VYV,W,F0169,医療機関0169,D3563,医師_D3563
VYV,W,F0061,医療機関0061,D3564,医師_D3564
VYV,W,F0215,医療機関0215,D3565,医師_D3565
VYV,W,F0139,医療機関0139,D3567,医師_D3567
VYV,W,F0153,医療機関0153,D3569,医師_D3569
VYV,W,F0203,医療機関0203,D3570,医師_D3570
VYV,W,F0112,医療機関0112,D3571,医師_D3571
VYV,W,F0080,医療機関0080,D3572,医師_D3572
VYV,W,F0152,医療機関0152,D3573,医師_D3573
VYV,W,F0107,医療機関0107,D3574,医師_D3574
VYV,W,F0121,医療機関0121,D3575,医師_D3575
VYV,W,F0105,医療機関0105,D3576,医師_D3576
VYV,W,F0092,医療機関0092,D3577,医師_D3577
VYV,W,F0216,医療機関0216,D3578,医師_D3578
VYV,W,F0139,医療機関0139,D3579,医師_D3579
VYV,W,F0140,医療機関0140,D3580,医師_D3580
VYV,W,F0196,医療機関0196,D3581,医師_D3581
VYV,W,F0109,医療機関0109,D3582,医師_D3582
VYV,W,F0256,医療機関0256,D3584,医師_D3584
VYV,W,F0017,医療機関0017,D3585,医師_D3585
VYV,W,F0172,医療機関0172,D3586,医師_D3586
VYV,W,F0080,医療機関0080,D3587,医師_D3587
VYV,W,F0013,医療機関0013,D3589,医師_D3589
VYV,W,F0271,医療機関0271,D3590,医師_D3590
VYV,W,F0129,医療機関0129,D3591,医師_D3591
VYV,W,F0012,医療機関0012,D3594,医師_D3594
VYV,W,F0170,医療機関0170,D3595,医師_D3595
VYV,W,F0149,医療機関0149,D3596,医師_D3596
VYV,W,F0167,医療機関0167,D3597,医師_D3597
VYV,W,F0038,医療機関0038,D3598,医師_D3598
VYV,W,F0286,医療機関0286,D3599,医師_D3599
VYV,W,F0072,医療機関0072,D3600,医師_D3600
VYV,W,F0204,医療機関0204,D3601,医師_D3601
VYV,W,F0225,医療機関0225,D3602,医師_D3602
VYV,W,F0104,医療機関0104,D3603,医師_D3603
VYV,W,F0090,医療機関0090,D3605,医師_D3605
VYV,W,F0272,医療機関0272,D3607,医師_D3607
VYV,W,F0282,医療機関0282,D3608,医師_D3608
VYV,W,F0182,医療機関0182,D3610,医師_D3610
VYV,W,F0046,医療機関0046,D3611,医師_D3611
VYV,W,F0214,医療機関0214,D3612,医師_D3612
VYV,W,F0125,医療機関0125,D3613,医師_D3613
VYV,W,F0206,医療機関0206,D3615,医師_D3615
VYV,W,F0298,医療機関0298,D3616,医師_D3616
VYV,W,F0147,医療機関0147,D3617,医師_D3617
VYV,W,F0159,医療機関0159,D3619,医師_D3619
VYV,W,F0049,医療機関0049,D3620,医師_D3620
VYV,W,F0034,医療機関0034,D3621,医師_D3621
VYV,W,F0156,医療機関0156,D3622,医師_D3622
VYV,W,F0235,医療機関0235,D3625,医師_D3625
VYV,W,F0054,医療機関0054,D3626,医師_D3626
VYV,W,F0184,医療機関0184,D3628,医師_D3628
VYV,W,F0105,医療機関0105,D3629,医師_D3629
VYV,W,F0005,医療機関0005,D3630,医師_D3630
VYV,W,F0023,医療機関0023,D3631,医師_D3631
VYV,W,F0279,医療機関0279,D3632,医師_D3632
VYV,W,F0080,医療機関0080,D3634,医師_D3634
VYV,W,F0078,医療機関0078,D3635,医師_D3635
VYV,W,F0012,医療機関0012,D3636,医師_D3636
VYV,W,F0228,医療機関0228,D3639,医師_D3639
VYV,W,F0101,医療機関0101,D3641,医師_D3641
VYV,W,F0083,医療機関0083,D3642,医師_D3642
VYV,W,F0248,医療機関0248,D3643,医師_D3643
VYV,W,F0010,医療機関0010,D3644,医師_D3644
VYV,W,F0106,医療機関0106,D3645,医師_D3645
VYV,W,F0084,医療機関0084,D3646,医師_D3646
VYV,W,F0058,医療機関0058,D3648,医師_D3648
VYV,W,F0116,医療機関0116,D3652,医師_D3652
VYV,W,F0102,医療機関0102,D3654,医師_D3654
VYV,W,F0103,医療機関0103,D3655,医師_D3655
VYV,W,F0099,医療機関0099,D3656,医師_D3656
VYV,W,F0099,医療機関0099,D3657,医師_D3657
VYV,W,F0027,医療機関0027,D3658,医師_D3658
VYV,W,F0182,医療機関0182,D3659,医師_D3659
VYV,W,F0068,医療機関0068,D3661,医師_D3661
VYV,W,F0061,医療機関0061,D3662,医師_D3662
VYV,W,F0088,医療機関0088,D3663,医師_D3663
VYV,W,F0227,医療機関0227,D3664,医師_D3664
VYV,W,F0298,医療機関0298,D3666,医師_D3666
VYV,W,F0014,医療機関0014,D3669,医師_D3669
VYV,W,F0152,医療機関0152,D3670,医師_D3670
VYV,W,F0160,医療機関0160,D3672,医師_D3672
VYV,W,F0280,医療機関0280,D3673,医師_D3673
VYV,W,F0095,医療機関0095,D3674,医師_D3674
VYV,W,F0233,医療機関0233,D3676,医師_D3676
VYV,W,F0021,医療機関0021,D3677,医師_D3677
VYV,W,F0230,医療機関0230,D3678,医師_D3678
VYV,W,F0221,医療機関0221,D3679,医師_D3679
VYV,W,F0254,医療機関0254,D3680,医師_D3680
VYV,W,F0269,医療機関0269,D3682,医師_D3682
VYV,W,F0051,医療機関0051,D3683,医師_D3683
VYV,W,F0037,医療機関0037,D3685,医師_D3685
VYV,W,F0231,医療機関0231,D3686,医師_D3686
VYV,W,F0215,医療機関0215,D3687,医師_D3687
VYV,W,F0242,医療機関0242,D3688,医師_D3688
VYV,W,F0230,医療機関0230,D3689,医師_D3689
VYV,W,F0093,医療機関0093,D3690,医師_D3690
VYV,W,F0021,医療機関0021,D3691,医師_D3691
VYV,W,F0279,医療機関0279,D3692,医師_D3692
VYV,W,F0148,医療機関0148,D3693,医師_D3693
VYV,W,F0029,医療機関0029,D3694,医師_D3694
VYV,W,F0279,医療機関0279,D3695,医師_D3695
VYV,W,F0299,医療機関0299,D3696,医師_D3696
VYV,W,F0134,医療機関0134,D3697,医師_D3697
VYV,W,F0028,医療機関0028,D3700,医師_D3700
VYV,W,F0083,医療機関0083,D3701,医師_D3701
VYV,W,F0197,医療機関0197,D3702,医師_D3702
VYV,W,F0041,医療機関0041,D3703,医師_D3703
VYV,W,F0011,医療機関0011,D3704,医師_D3704
VYV,W,F0201,医療機関0201,D3705,医師_D3705
VYV,W,F0222,医療機関0222,D3707,医師_D3707
VYV,W,F0240,医療機関0240,D3708,医師_D3708
VYV,W,F0241,医療機関0241,D3709,医師_D3709
VYV,W,F0181,医療機関0181,D3710,医師_D3710
VYV,W,F0156,医療機関0156,D3711,医師_D3711
VYV,W,F0258,医療機関0258,D3712,医師_D3712
VYV,W,F0105,医療機関0105,D3713,医師_D3713
VYV,W,F0030,医療機関0030,D3714,医師_D3714
VYV,W,F0083,医療機関0083,D3716,医師_D3716
VYV,W,F0256,医療機関0256,D3719,医師_D3719
VYV,W,F0013,医療機関0013,D3720,医師_D3720
VYV,W,F0198,医療機関0198,D3721,医師_D3721
VYV,W,F0135,医療機関0135,D3722,医師_D3722
VYV,W,F0139,医療機関0139,D3723,医師_D3723
VYV,W,F0080,医療機関0080,D3724,医師_D3724
VYV,W,F0292,医療機関0292,D3725,医師_D3725
VYV,W,F0118,医療機関0118,D3726,医師_D3726
VYV,W,F0256,医療機関0256,D3727,医師_D3727
VYV,W,F0128,医療機関0128,D3728,医師_D3728
VYV,W,F0015,医療機関0015,D3729,医師_D3729
VYV,W,F0056,医療機関0056,D3731,医師_D3731
VYV,W,F0082,医療機関0082,D3732,医師_D3732
VYV,W,F0276,医療機関0276,D3735,医師_D3735
VYV,W,F0223,医療機関0223,D3739,医師_D3739
VYV,W,F0151,医療機関0151,D3740,医師_D3740
VYV,W,F0016,医療機関0016,D3741,医師_D3741
VYV,W,F0126,医療機関0126,D3742,医師_D3742
VYV,W,F0078,医療機関0078,D3744,医師_D3744
VYV,W,F0113,医療機関0113,D3745,医師_D3745
VYV,W,F0151,医療機関0151,D3746,医師_D3746
VYV,W,F0015,医療機関0015,D3747,医師_D3747
VYV,W,F0046,医療機関0046,D3748,医師_D3748
VYV,W,F0231,医療機関0231,D3749,医師_D3749
VYV,W,F0106,医療機関0106,D3750,医師_D3750
VYV,W,F0183,医療機関0183,D3751,医師_D3751
VYV,W,F0166,医療機関0166,D3753,医師_D3753
VYV,W,F0125,医療機関0125,D3754,医師_D3754
VYV,W,F0145,医療機関0145,D3755,医師_D3755
VYV,W,F0078,医療機関0078,D3758,医師_D3758
VYV,W,F0201,医療機関0201,D3759,医師_D3759
VYV,W,F0291,医療機関0291,D3760,医師_D3760
VYV,W,F0003,医療機関0003,D3761,医師_D3761
VYV,W,F0236,医療機関0236,D3762,医師_D3762
VYV,W,F0150,医療機関0150,D3763,医師_D3763
VYV,W,F0291,医療機関0291,D3764,医師_D3764
VYV,W,F0174,医療機関0174,D3765,医師_D3765
VYV,W,F0252,医療機関0252,D3766,医師_D3766
VYV,W,F0050,医療機関0050,D3767,医師_D3767
VYV,W,F0158,医療機関0158,D3770,医師_D3770
VYV,W,F0168,医療機関0168,D3771,医師_D3771
VYV,W,F0051,医療機関0051,D3772,医師_D3772
VYV,W,F0069,医療機関0069,D3773,医師_D3773
VYV,W,F0246,医療機関0246,D3774,医師_D3774
VYV,W,F0091,医療機関0091,D3775,医師_D3775
VYV,W,F0095,医療機関0095,D3777,医師_D3777
VYV,W,F0080,医療機関0080,D3778,医師_D3778
VYV,W,F0050,医療機関0050,D3779,医師_D3779
VYV,W,F0279,医療機関0279,D3780,医師_D3780
VYV,W,F0283,医療機関0283,D3781,医師_D3781
VYV,W,F0106,医療機関0106,D3783,医師_D3783
VYV,W,F0170,医療機関0170,D3784,医師_D3784
VYV,W,F0115,医療機関0115,D3785,医師_D3785
VYV,W,F0217,医療機関0217,D3786,医師_D3786
VYV,W,F0079,医療機関0079,D3787,医師_D3787
VYV,W,F0018,医療機関0018,D3788,医師_D3788
VYV,W,F0102,医療機関0102,D3789,医師_D3789
VYV,W,F0180,医療機関0180,D3790,医師_D3790
VYV,W,F0055,医療機関0055,D3791,医師_D3791
VYV,W,F0245,医療機関0245,D3792,医師_D3792
VYV,W,F0004,医療機関0004,D3793,医師_D3793
VYV,W,F0021,医療機関0021,D3794,医師_D3794
VYV,W,F0089,医療機関0089,D3797,医師_D3797
VYV,W,F0078,医療機関0078,D3798,医師_D3798
VYV,W,F0021,医療機関0021,D3799,医師_D3799
VYV,W,F0199,医療機関0199,D3800,医師_D3800
