product_id,month,area,target_doctors,fc_doctors,sc_doctors,visit_frequency,required_calls,base_fte,required_fte,mr_ratio,digital_ratio,mr_fte,digital_fte,fte_reduction,adjusted_fte,adjusted_mr_fte,adjusted_digital_fte
GLI,2026-04,CS,4200,4200,0,1.386,5821.7,116.4341,103.51,0.889,0.111,103.51,12.92,0.0,63.62,63.62,7.94
GLI,2026-05,CS,4200,4200,0,1.386,5820.4,116.4078,103.72,0.891,0.109,103.72,12.69,0.0,63.62,63.62,7.78
GLI,2026-06,CS,4200,4200,0,1.385,5819.1,116.3815,103.81,0.892,0.108,103.81,12.57,0.0,63.62,63.62,7.7
GLI,2026-07,CS,4200,4200,0,1.385,5817.8,116.3551,97.97,0.842,0.158,97.97,18.38,9.569651251776538,63.62,63.62,11.94
GLI,2026-08,CS,4200,4200,0,1.385,5816.4,116.3288,98.07,0.843,0.157,98.07,18.26,9.539215043183557,63.62,63.62,11.85
GLI,2026-09,CS,4200,4200,0,1.385,5815.1,116.3025,98.16,0.844,0.156,98.16,18.14,9.503706133158412,63.62,63.62,11.76
GLI,2026-10,CS,4200,4200,0,1.384,5813.8,116.2762,98.25,0.845,0.155,98.25,18.02,9.450442768120695,60.55,60.55,11.11
GLI,2026-11,CS,4200,4200,0,1.384,5812.5,116.2499,98.35,0.846,0.154,98.35,17.9,9.4009839291571,60.55,60.55,11.02
GLI,2026-12,CS,4200,4200,0,1.384,5811.2,116.2236,98.79,0.85,0.15,98.79,17.43,9.360402317699792,60.55,60.55,10.69
GLI,2027-01,CS,4200,4200,0,1.383,5809.9,116.1973,99.0,0.852,0.148,99.0,17.2,9.285579971575379,60.55,60.55,10.52
GLI,2027-02,CS,4200,4200,0,1.383,5808.5,116.171,99.09,0.853,0.147,99.09,17.08,9.204416748660764,60.55,60.55,10.43
GLI,2027-03,CS,4200,4200,0,1.383,5807.2,116.1446,99.19,0.854,0.146,99.19,16.96,9.106767246091614,60.55,60.55,10.35
GLI,2027-04,CS,4200,4200,0,1.382,5805.9,116.1183,94.98,0.818,0.182,94.98,21.13,11.120629714660543,55.54,55.54,12.36
GLI,2027-05,CS,4200,4200,0,1.382,5804.6,116.092,95.2,0.82,0.18,95.2,20.9,11.176429430414343,55.54,55.54,12.19
GLI,2027-06,CS,4200,4200,0,1.382,5803.3,116.0657,95.52,0.823,0.177,95.52,20.54,11.225888269377936,55.54,55.54,11.94
GLI,2027-07,CS,4200,4200,0,1.381,5802.0,116.0394,95.85,0.826,0.174,95.85,20.19,11.275347108341531,55.54,55.54,11.7
GLI,2027-08,CS,4200,4200,0,1.381,5800.7,116.0131,96.06,0.828,0.172,96.06,19.95,11.313392369082761,55.54,55.54,11.54
GLI,2027-09,CS,4200,4200,0,1.381,5799.3,115.9868,96.38,0.831,0.169,96.38,19.6,11.334951350169455,55.54,55.54,11.3
GLI,2027-10,CS,4200,4200,0,1.38,5798.0,115.9604,95.78,0.826,0.174,95.78,20.18,11.27407893298349,57.85,57.85,12.19
GLI,2027-11,CS,4200,4200,0,1.38,5796.7,115.9341,96.11,0.829,0.171,96.11,19.82,11.298174264786269,57.85,57.85,11.93
GLI,2027-12,CS,4200,4200,0,1.38,5795.4,115.9078,96.55,0.833,0.167,96.55,19.36,11.317196895156881,57.85,57.85,11.6
GLI,2028-01,CS,4200,4200,0,1.38,5794.1,115.8815,96.88,0.836,0.164,96.88,19.0,11.365387558762437,57.85,57.85,11.35
GLI,2028-02,CS,4200,4200,0,1.379,5792.8,115.8552,97.32,0.84,0.16,97.32,18.54,11.206865639007326,57.85,57.85,11.02
GLI,2028-03,CS,4200,4200,0,1.379,5791.4,115.8289,97.76,0.844,0.156,97.76,18.07,11.059757297474581,57.85,57.85,10.69
GLI,2028-04,CS,4200,4200,0,1.379,5790.1,115.8026,97.62,0.843,0.157,97.62,18.18,11.016639335301193,57.56,57.56,10.72
GLI,2028-05,CS,4200,4200,0,1.378,5788.8,115.7763,97.95,0.846,0.154,97.95,17.83,10.847972012681753,57.56,57.56,10.48
GLI,2028-06,CS,4200,4200,0,1.378,5787.5,115.7499,98.16,0.848,0.152,98.16,17.59,10.84163113589155,57.56,57.56,10.32
GLI,2028-07,CS,4200,4200,0,1.378,5786.2,115.7236,94.31,0.815,0.185,94.31,21.41,10.330556466601072,57.56,57.56,13.07
GLI,2028-08,CS,4200,4200,0,1.377,5784.9,115.6973,94.87,0.82,0.18,94.87,20.83,10.348310921613642,57.56,57.56,12.64
GLI,2028-09,CS,4200,4200,0,1.377,5783.6,115.671,95.43,0.825,0.175,95.43,20.24,10.206275281513065,57.56,57.56,12.21
GLI,2028-10,CS,4200,4200,0,1.377,5782.2,115.6447,95.99,0.83,0.17,95.99,19.66,10.221493385809554,58.24,58.24,11.93
GLI,2028-11,CS,4200,4200,0,1.376,5780.9,115.6184,96.54,0.835,0.165,96.54,19.08,10.196129878648737,58.24,58.24,11.51
GLI,2028-12,CS,4200,4200,0,1.376,5779.6,115.5921,97.1,0.84,0.16,97.1,18.49,10.012244451732808,58.24,58.24,11.09
GLI,2029-01,CS,4200,4200,0,1.376,5778.3,115.5658,96.15,0.832,0.168,96.15,19.42,9.898108669509128,58.24,58.24,11.76
GLI,2029-02,CS,4200,4200,0,1.375,5777.0,115.5394,96.82,0.838,0.162,96.82,18.72,9.88542691592872,58.24,58.24,11.26
GLI,2029-03,CS,4200,4200,0,1.375,5775.7,115.5131,97.49,0.844,0.156,97.49,18.02,9.739586749754016,58.24,58.24,10.76
GLI,2029-04,CS,4200,4200,0,1.375,5774.3,115.4868,96.66,0.837,0.163,96.66,18.82,11.526445829233628,63.3,63.3,12.33
GLI,2029-05,CS,4200,4200,0,1.375,5773.0,115.4605,98.03,0.849,0.151,98.03,17.43,11.6,63.3,63.3,11.26
GLI,2029-06,CS,4200,4200,0,1.374,5771.7,115.4342,98.7,0.855,0.145,98.7,16.74,11.561954739258773,63.3,63.3,10.74
GLI,2029-07,CS,4200,4200,0,1.374,5770.4,115.4079,99.37,0.861,0.139,99.37,16.04,11.418650923800152,63.3,63.3,10.22
GLI,2029-08,CS,4200,4200,0,1.374,5769.1,115.3816,99.81,0.865,0.135,99.81,15.58,11.42752815130644,63.3,63.3,9.88
GLI,2029-09,CS,4200,4200,0,1.373,5767.8,115.3553,100.36,0.87,0.13,100.36,15.0,11.40089646878758,63.3,63.3,9.46
GLI,2029-10,CS,4200,4200,0,1.373,5766.4,115.3289,100.91,0.875,0.125,100.91,14.42,11.409773696293867,72.44,72.44,10.35
GLI,2029-11,CS,4200,4200,0,1.373,5765.1,115.3026,101.58,0.881,0.119,101.58,13.72,11.275347108341531,72.44,72.44,9.78
GLI,2029-12,CS,4200,4200,0,1.372,5763.8,115.2763,102.37,0.888,0.112,102.37,12.91,11.258860828687,72.44,72.44,9.14
GLI,2030-01,CS,4200,4200,0,1.372,5762.5,115.25,103.03,0.894,0.106,103.03,12.22,11.13331146824095,72.44,72.44,8.59
GLI,2030-02,CS,4200,4200,0,1.372,5761.2,115.2237,103.47,0.898,0.102,103.47,11.75,11.000153055646658,72.44,72.44,8.23
GLI,2030-03,CS,4200,4200,0,1.371,5759.9,115.1974,103.68,0.9,0.1,103.68,11.52,11.002689406362743,72.44,72.44,8.05
GLI,2030-04,CS,4200,4200,0,1.371,5758.6,115.1711,102.16,0.887,0.113,102.16,13.01,11.170088553624138,75.98,75.98,9.68
GLI,2030-05,CS,4200,4200,0,1.371,5757.2,115.1448,102.82,0.893,0.107,102.82,12.32,11.01283480922707,75.98,75.98,9.1
GLI,2030-06,CS,4200,4200,0,1.37,5755.9,115.1184,103.49,0.899,0.101,103.49,11.63,11.0014212310047,75.98,75.98,8.54
GLI,2030-07,CS,4200,4200,0,1.37,5754.6,115.0921,103.58,0.9,0.1,103.58,11.51,10.844167486607631,75.98,75.98,8.44
GLI,2030-08,CS,4200,4200,0,1.37,5753.3,115.0658,103.56,0.9,0.1,103.56,11.51,10.643795780037172,75.98,75.98,8.44
GLI,2030-09,CS,4200,4200,0,1.37,5752.0,115.0395,103.54,0.9,0.1,103.54,11.5,10.643795780037172,75.98,75.98,8.44
GLI,2030-10,CS,4200,4200,0,1.369,5750.7,115.0132,103.51,0.9,0.1,103.51,11.5,10.445960424182793,84.54,84.54,9.39
GLI,2030-11,CS,4200,4200,0,1.369,5749.3,114.9869,103.49,0.9,0.1,103.49,11.5,10.21515250901935,84.54,84.54,9.39
GLI,2030-12,CS,4200,4200,0,1.369,5748.0,114.9606,103.46,0.9,0.1,103.46,11.5,10.140330162894939,84.54,84.54,9.39
GLI,2031-01,CS,4200,4200,0,1.368,5746.7,114.9342,103.44,0.9,0.1,103.44,11.49,9.9437629823986,84.54,84.54,9.39
GLI,2031-02,CS,4200,4200,0,1.368,5745.4,114.9079,103.42,0.9,0.1,103.42,11.49,9.725636820815568,84.54,84.54,9.39
GLI,2031-03,CS,4200,4200,0,1.368,5744.1,114.8816,103.39,0.9,0.1,103.39,11.49,9.681250683284137,84.54,84.54,9.39
GLI,2031-04,CS,4200,4200,0,1.367,5742.8,114.8553,103.37,0.9,0.1,103.37,11.49,9.772559309063082,96.31,96.31,10.7
GLI,2031-05,CS,4200,4200,0,1.367,5741.4,114.829,103.35,0.9,0.1,103.35,11.48,9.584869356073028,96.31,96.31,10.7
GLI,2031-06,CS,4200,4200,0,1.367,5740.1,114.8027,103.32,0.9,0.1,103.32,11.48,9.507510659232535,96.31,96.31,10.7
GLI,2031-07,CS,4200,4200,0,1.366,5738.8,114.7764,103.3,0.9,0.1,103.3,11.48,9.629255493604461,96.31,96.31,10.7
GLI,2031-08,CS,4200,4200,0,1.366,5737.5,114.7501,103.28,0.9,0.1,103.28,11.48,9.423811085601837,96.31,96.31,10.7
GLI,2031-09,CS,4200,4200,0,1.366,5736.2,114.7237,103.25,0.9,0.1,103.25,11.47,9.337575161255057,96.31,96.31,10.7
GLI,2031-10,CS,4200,4200,0,1.365,5734.9,114.6974,103.23,0.9,0.1,103.23,11.47,9.139739805400676,107.51,107.51,11.95
GLI,2031-11,CS,4200,4200,0,1.365,5733.6,114.6711,103.2,0.9,0.1,103.2,11.47,8.938099923472178,107.51,107.51,11.95
GLI,2031-12,CS,4200,4200,0,1.365,5732.2,114.6448,103.18,0.9,0.1,103.18,11.46,8.858204875915602,107.51,107.51,11.95
GLI,2032-01,CS,4200,4200,0,1.365,5730.9,114.6185,103.16,0.9,0.1,103.16,11.46,8.660369520061224,107.51,107.51,11.95
GLI,2032-02,CS,4200,4200,0,1.364,5729.6,114.5922,103.13,0.9,0.1,103.13,11.46,8.461265988848803,107.51,107.51,11.95
GLI,2032-03,CS,4200,4200,0,1.364,5728.3,114.5659,103.11,0.9,0.1,103.11,11.46,8.414343500601289,107.51,107.51,11.95
GLI,2032-04,CS,4200,4200,0,1.364,5727.0,114.5396,103.09,0.9,0.1,103.09,11.45,8.192412812944134,116.81,116.81,12.98
GLI,2032-05,CS,4200,4200,0,1.363,5725.7,114.5132,103.06,0.9,0.1,103.06,11.45,8.016136438176451,116.81,116.81,12.98
GLI,2032-06,CS,4200,4200,0,1.363,5724.3,114.4869,103.04,0.9,0.1,103.04,11.45,8.005991035312125,116.81,116.81,12.98
GLI,2032-07,CS,4200,4200,0,1.363,5723.0,114.4606,103.01,0.9,0.1,103.01,11.45,7.8297146605444405,116.81,116.81,12.98
GLI,2032-08,CS,4200,4200,0,1.362,5721.7,114.4343,102.99,0.9,0.1,102.99,11.44,7.631879304690062,116.81,116.81,12.98
GLI,2032-09,CS,4200,4200,0,1.362,5720.4,114.408,102.97,0.9,0.1,102.97,11.44,7.620465726467693,116.81,116.81,12.98
GLI,2032-10,CS,4200,4200,0,1.362,5719.1,114.3817,102.94,0.9,0.1,102.94,11.44,7.789133049087132,138.52,138.52,15.39
GLI,2032-11,CS,4200,4200,0,1.361,5717.8,114.3554,102.92,0.9,0.1,102.92,11.44,7.573543238220181,138.52,138.52,15.39
GLI,2032-12,CS,4200,4200,0,1.361,5716.5,114.3291,102.9,0.9,0.1,102.9,11.43,7.551984257133486,138.52,138.52,15.39
GLI,2033-01,CS,4200,4200,0,1.361,5715.1,114.3027,102.87,0.9,0.1,102.87,11.43,7.337662621624576,138.52,138.52,15.39
GLI,2033-02,CS,4200,4200,0,1.36,5713.8,114.2764,102.85,0.9,0.1,102.85,11.43,7.312299114463759,138.52,138.52,15.39
GLI,2033-03,CS,4200,4200,0,1.36,5712.5,114.2501,102.83,0.9,0.1,102.83,11.43,7.095441128238767,138.52,138.52,15.39
GLI,2033-04,CS,4200,4200,0,1.36,5711.2,114.2238,102.8,0.9,0.1,102.8,11.42,7.463211982070622,154.62,154.62,17.18
GLI,2033-05,CS,4200,4200,0,1.359,5709.9,114.1975,102.78,0.9,0.1,102.78,11.42,7.229867716191102,154.62,154.62,17.18
GLI,2033-06,CS,4200,4200,0,1.359,5708.6,114.1712,102.75,0.9,0.1,102.75,11.42,7.193090630807914,154.62,154.62,17.18
GLI,2033-07,CS,4200,4200,0,1.359,5707.2,114.1449,102.73,0.9,0.1,102.73,11.41,7.193090630807914,154.62,154.62,17.18
GLI,2033-08,CS,4200,4200,0,1.359,5705.9,114.1186,102.71,0.9,0.1,102.71,11.41,7.175336175795342,154.62,154.62,17.18
GLI,2033-09,CS,4200,4200,0,1.358,5704.6,114.0922,102.68,0.9,0.1,102.68,11.41,6.991450748879413,154.62,154.62,17.18
GLI,2033-10,CS,4200,4200,0,1.358,5703.3,114.0659,102.66,0.9,0.1,102.66,11.41,6.982573521373128,159.52,159.52,17.72
GLI,2033-11,CS,4200,4200,0,1.358,5702.0,114.0396,102.64,0.9,0.1,102.64,11.4,6.801224445173281,159.52,159.52,17.72
GLI,2033-12,CS,4200,4200,0,1.357,5700.7,114.0133,102.61,0.9,0.1,102.61,11.4,6.792347217666994,159.52,159.52,17.72
GLI,2034-01,CS,4200,4200,0,1.357,5699.3,113.987,102.59,0.9,0.1,102.59,11.4,6.779665464086586,159.52,159.52,17.72
GLI,2034-02,CS,4200,4200,0,1.357,5698.0,113.9607,102.56,0.9,0.1,102.56,11.4,6.7695200612222575,159.52,159.52,17.72
GLI,2034-03,CS,4200,4200,0,1.356,5696.7,113.9344,102.54,0.9,0.1,102.54,11.39,6.761911009074013,159.52,159.52,17.72
GLI,2034-04,CS,4200,4200,0,1.356,5695.4,113.9081,102.52,0.9,0.1,102.52,11.39,6.747961080135562,160.0,160.0,17.78
GLI,2034-05,CS,4200,4200,0,1.356,5694.1,113.8817,102.49,0.9,0.1,102.49,11.39,6.737815677271235,160.0,160.0,17.78
GLI,2034-06,CS,4200,4200,0,1.355,5692.8,113.8554,102.47,0.9,0.1,102.47,11.39,6.730206625122991,160.0,160.0,17.78
GLI,2034-07,CS,4200,4200,0,1.355,5691.5,113.8291,102.45,0.9,0.1,102.45,11.38,6.7137203454684595,160.0,160.0,17.78
GLI,2034-08,CS,4200,4200,0,1.355,5690.1,113.8028,102.42,0.9,0.1,102.42,11.38,6.704843117962174,160.0,160.0,17.78
GLI,2034-09,CS,4200,4200,0,1.354,5688.8,113.7765,102.4,0.9,0.1,102.4,11.38,6.6972340658139276,160.0,160.0,17.78
GLI,2034-10,CS,4200,4200,0,1.354,5687.5,113.7502,102.38,0.9,0.1,102.38,11.38,6.6870886629496,160.31,160.31,17.81
GLI,2034-11,CS,4200,4200,0,1.354,5686.2,113.7239,102.35,0.9,0.1,102.35,11.37,6.674406909369191,160.31,160.31,17.81
GLI,2034-12,CS,4200,4200,0,1.354,5684.9,113.6975,102.33,0.9,0.1,102.33,11.37,6.665529681862906,160.31,160.31,17.81
GLI,2035-01,CS,4200,4200,0,1.353,5683.6,113.6712,102.3,0.9,0.1,102.3,11.37,6.655384278998579,160.31,160.31,17.81
GLI,2035-02,CS,4200,4200,0,1.353,5682.2,113.6449,102.28,0.9,0.1,102.28,11.36,6.642702525418169,160.31,160.31,17.81
GLI,2035-03,CS,4200,4200,0,1.353,5680.9,113.6186,102.26,0.9,0.1,102.26,11.36,6.631288947195802,160.31,160.31,17.81
GLI,2035-04,CS,4200,4200,0,1.352,5679.6,113.5923,102.23,0.9,0.1,102.23,11.36,6.623679895047557,160.62,160.62,17.85
GLI,2035-05,CS,4200,4200,0,1.352,5678.3,113.566,102.21,0.9,0.1,102.21,11.36,6.609729966109107,160.62,160.62,17.85
GLI,2035-06,CS,4200,4200,0,1.352,5677.0,113.5397,102.19,0.9,0.1,102.19,11.35,6.60085273860282,160.62,160.62,17.85
GLI,2035-07,CS,4200,4200,0,1.351,5675.7,113.5134,102.16,0.9,0.1,102.16,11.35,6.591975511096534,160.62,160.62,17.85
GLI,2035-08,CS,4200,4200,0,1.351,5674.4,113.487,102.14,0.9,0.1,102.14,11.35,6.579293757516124,160.62,160.62,17.85
GLI,2035-09,CS,4200,4200,0,1.351,5673.0,113.4607,102.11,0.9,0.1,102.11,11.35,6.569148354651798,160.62,160.62,17.85
GLI,2035-10,CS,4200,4200,0,1.35,5671.7,113.4344,102.09,0.9,0.1,102.09,11.34,6.560271127145513,160.94,160.94,17.88
GLI,2035-11,CS,4200,4200,0,1.35,5670.4,113.4081,102.07,0.9,0.1,102.07,11.34,6.546321198207063,160.94,160.94,17.88
GLI,2035-12,CS,4200,4200,0,1.35,5669.1,113.3818,102.04,0.9,0.1,102.04,11.34,6.536175795342735,160.94,160.94,17.88
GLI,2036-01,CS,4200,4200,0,1.349,5667.8,113.3555,102.02,0.9,0.1,102.02,11.34,6.528566743194489,160.94,160.94,17.88
GLI,2036-02,CS,4200,4200,0,1.349,5666.5,113.3292,102.0,0.9,0.1,102.0,11.33,6.518421340330163,160.94,160.94,17.88
GLI,2036-03,CS,4200,4200,0,1.349,5665.1,113.3029,101.97,0.9,0.1,101.97,11.33,6.505739586749754,160.94,160.94,17.88
CUV,2026-04,CS,3300,2112,1188,1.29,2877.2,57.5435,38.38,0.667,0.333,38.38,19.16,0.0,23.7,23.7,11.83
CUV,2026-05,CS,3300,2112,1188,1.289,2876.5,57.5301,38.43,0.668,0.332,38.43,19.1,0.0,23.7,23.7,11.78
CUV,2026-06,CS,3300,2112,1188,1.289,2875.8,57.5168,38.42,0.668,0.332,38.42,19.1,0.0,23.7,23.7,11.78
CUV,2026-07,CS,3300,2112,1188,1.289,2875.2,57.5034,37.03,0.644,0.356,37.03,20.47,3.877358696840494,23.7,23.7,13.1
CUV,2026-08,CS,3300,2112,1188,1.289,2874.5,57.49,37.02,0.644,0.356,37.02,20.47,3.865026784738166,23.7,23.7,13.1
CUV,2026-09,CS,3300,2112,1188,1.288,2873.8,57.4767,37.07,0.645,0.355,37.07,20.4,3.8506395539521154,23.7,23.7,13.04
CUV,2026-10,CS,3300,2112,1188,1.288,2873.2,57.4633,37.06,0.645,0.355,37.06,20.4,3.8290587077730405,22.62,22.62,12.45
CUV,2026-11,CS,3300,2112,1188,1.288,2872.5,57.4499,37.11,0.646,0.354,37.11,20.34,3.8090193506067562,22.62,22.62,12.4
CUV,2026-12,CS,3300,2112,1188,1.287,2871.8,57.4366,37.22,0.648,0.352,37.22,20.22,3.792576801136985,22.62,22.62,12.29
CUV,2027-01,CS,3300,2112,1188,1.287,2871.2,57.4232,37.21,0.648,0.352,37.21,20.21,3.7622608505520936,22.62,22.62,12.29
CUV,2027-02,CS,3300,2112,1188,1.287,2870.5,57.4098,37.26,0.649,0.351,37.26,20.15,3.729375751612551,22.62,22.62,12.23
CUV,2027-03,CS,3300,2112,1188,1.286,2869.8,57.3965,37.31,0.65,0.35,37.31,20.09,3.6898108669509133,22.62,22.62,12.18
CUV,2027-04,CS,3300,2112,1188,1.286,2869.2,57.3831,36.27,0.632,0.368,36.27,21.12,4.505772384388324,20.96,20.96,12.2
CUV,2027-05,CS,3300,2112,1188,1.286,2868.5,57.3697,36.32,0.633,0.367,36.32,21.05,4.52838088990926,20.96,20.96,12.15
CUV,2027-06,CS,3300,2112,1188,1.286,2867.8,57.3564,36.36,0.634,0.366,36.36,20.99,4.548420247075543,20.96,20.96,12.1
CUV,2027-07,CS,3300,2112,1188,1.285,2867.2,57.343,36.47,0.636,0.364,36.47,20.87,4.568459604241828,20.96,20.96,12.0
CUV,2027-08,CS,3300,2112,1188,1.285,2866.5,57.3296,36.52,0.637,0.363,36.52,20.81,4.58387449436974,20.96,20.96,11.94
CUV,2027-09,CS,3300,2112,1188,1.285,2865.8,57.3163,36.57,0.638,0.362,36.57,20.75,4.592609598775555,20.96,20.96,11.89
CUV,2027-10,CS,3300,2112,1188,1.284,2865.1,57.3029,36.44,0.636,0.364,36.44,20.86,4.567945774570897,21.72,21.72,12.43
CUV,2027-11,CS,3300,2112,1188,1.284,2864.5,57.2895,36.49,0.637,0.363,36.49,20.8,4.577708538318575,21.72,21.72,12.38
CUV,2027-12,CS,3300,2112,1188,1.284,2863.8,57.2762,36.6,0.639,0.361,36.6,20.68,4.585415983382529,21.72,21.72,12.27
CUV,2028-01,CS,3300,2112,1188,1.283,2863.1,57.2628,36.71,0.641,0.359,36.71,20.56,4.604941510877884,21.72,21.72,12.16
CUV,2028-02,CS,3300,2112,1188,1.283,2862.5,57.2494,36.81,0.643,0.357,36.81,20.44,4.540712802011589,21.72,21.72,12.06
CUV,2028-03,CS,3300,2112,1188,1.283,2861.8,57.2361,36.92,0.645,0.355,36.92,20.32,4.481108560183666,21.72,21.72,11.95
CUV,2028-04,CS,3300,2112,1188,1.283,2861.1,57.2227,36.85,0.644,0.356,36.85,20.37,4.463638351372035,21.64,21.64,11.96
CUV,2028-05,CS,3300,2112,1188,1.282,2860.5,57.2093,36.96,0.646,0.354,36.96,20.25,4.3952990051382965,21.64,21.64,11.86
CUV,2028-06,CS,3300,2112,1188,1.282,2859.8,57.196,37.01,0.647,0.353,37.01,20.19,4.392729856783646,21.64,21.64,11.81
CUV,2028-07,CS,3300,2112,1188,1.282,2859.1,57.1826,36.03,0.63,0.37,36.03,21.16,4.185656499398711,21.64,21.64,12.71
CUV,2028-08,CS,3300,2112,1188,1.281,2858.5,57.1692,36.19,0.633,0.367,36.19,20.98,4.192850114791735,21.64,21.64,12.55
CUV,2028-09,CS,3300,2112,1188,1.281,2857.8,57.1559,36.29,0.635,0.365,36.29,20.86,4.135301191647535,21.64,21.64,12.44
CUV,2028-10,CS,3300,2112,1188,1.281,2857.1,57.1425,36.46,0.638,0.362,36.46,20.69,4.141467147698699,21.88,21.88,12.41
CUV,2028-11,CS,3300,2112,1188,1.28,2856.5,57.1291,36.56,0.64,0.36,36.56,20.57,4.131190554280092,21.88,21.88,12.31
CUV,2028-12,CS,3300,2112,1188,1.28,2855.8,57.1158,36.73,0.643,0.357,36.73,20.39,4.05668525199519,21.88,21.88,12.15
CUV,2029-01,CS,3300,2112,1188,1.28,2855.1,57.1024,36.49,0.639,0.361,36.49,20.61,4.010440581611458,21.88,21.88,12.36
CUV,2029-02,CS,3300,2112,1188,1.28,2854.5,57.089,36.59,0.641,0.359,36.59,20.49,4.005302284902154,21.88,21.88,12.25
CUV,2029-03,CS,3300,2112,1188,1.279,2853.8,57.0757,36.81,0.645,0.355,36.81,20.26,3.9462118727451623,21.88,21.88,12.04
CUV,2029-04,CS,3300,2112,1188,1.279,2853.1,57.0623,36.58,0.641,0.359,36.58,20.49,4.6701978790860394,23.52,23.52,13.17
CUV,2029-05,CS,3300,2112,1188,1.279,2852.4,57.0489,36.91,0.647,0.353,36.91,20.14,4.7,23.52,23.52,12.83
CUV,2029-06,CS,3300,2112,1188,1.278,2851.8,57.0356,37.07,0.65,0.35,37.07,19.96,4.684585109872089,23.52,23.52,12.66
CUV,2029-07,CS,3300,2112,1188,1.278,2851.1,57.0222,37.24,0.653,0.347,37.24,19.79,4.626522357056959,23.52,23.52,12.5
CUV,2029-08,CS,3300,2112,1188,1.278,2850.4,57.0088,37.34,0.655,0.345,37.34,19.67,4.630119164753472,23.52,23.52,12.39
CUV,2029-09,CS,3300,2112,1188,1.277,2849.8,56.9955,37.5,0.658,0.342,37.5,19.49,4.619328741663934,23.52,23.52,12.22
CUV,2029-10,CS,3300,2112,1188,1.277,2849.1,56.9821,37.61,0.66,0.34,37.61,19.37,4.622925549360446,26.53,26.53,13.67
CUV,2029-11,CS,3300,2112,1188,1.277,2848.4,56.9687,37.77,0.663,0.337,37.77,19.2,4.568459604241828,26.53,26.53,13.49
CUV,2029-12,CS,3300,2112,1188,1.277,2847.8,56.9554,37.93,0.666,0.334,37.93,19.02,4.561779818519733,26.53,26.53,13.3
CUV,2030-01,CS,3300,2112,1188,1.276,2847.1,56.942,38.09,0.669,0.331,38.09,18.85,4.510910681097627,26.53,26.53,13.13
CUV,2030-02,CS,3300,2112,1188,1.276,2846.4,56.9286,38.2,0.671,0.329,38.2,18.73,4.4569585656499395,26.53,26.53,13.01
CUV,2030-03,CS,3300,2112,1188,1.276,2845.8,56.9153,38.3,0.673,0.327,38.3,18.61,4.457986224991801,26.53,26.53,12.89
CUV,2030-04,CS,3300,2112,1188,1.275,2845.1,56.9019,37.9,0.666,0.334,37.9,19.01,4.525811741554608,27.89,27.89,13.99
CUV,2030-05,CS,3300,2112,1188,1.275,2844.4,56.8885,38.06,0.669,0.331,38.06,18.83,4.462096862359243,27.89,27.89,13.8
CUV,2030-06,CS,3300,2112,1188,1.275,2843.8,56.8752,38.22,0.672,0.328,38.22,18.66,4.45747239532087,27.89,27.89,13.61
CUV,2030-07,CS,3300,2112,1188,1.274,2843.1,56.8618,38.38,0.675,0.325,38.38,18.48,4.393757516125507,27.89,27.89,13.43
CUV,2030-08,CS,3300,2112,1188,1.274,2842.4,56.8484,38.54,0.678,0.322,38.54,18.31,4.312572428118509,27.89,27.89,13.25
CUV,2030-09,CS,3300,2112,1188,1.274,2841.8,56.8351,38.7,0.681,0.319,38.7,18.13,4.312572428118509,27.89,27.89,13.06
CUV,2030-10,CS,3300,2112,1188,1.274,2841.1,56.8217,38.92,0.685,0.315,38.92,17.9,4.232414999453373,32.01,32.01,14.72
CUV,2030-11,CS,3300,2112,1188,1.273,2840.4,56.8083,39.14,0.689,0.311,39.14,17.67,4.138897999344048,32.01,32.01,14.45
CUV,2030-12,CS,3300,2112,1188,1.273,2839.7,56.795,39.3,0.692,0.308,39.3,17.49,4.108582048759157,32.01,32.01,14.25
CUV,2031-01,CS,3300,2112,1188,1.273,2839.1,56.7816,39.52,0.696,0.304,39.52,17.26,4.02893844976495,32.01,32.01,13.98
CUV,2031-02,CS,3300,2112,1188,1.272,2838.4,56.7682,39.74,0.7,0.3,39.74,17.03,3.9405597463649285,32.01,32.01,13.72
CUV,2031-03,CS,3300,2112,1188,1.272,2837.7,56.7549,39.96,0.704,0.296,39.96,16.8,3.922575707882366,32.01,32.01,13.46
CUV,2031-04,CS,3300,2112,1188,1.272,2837.1,56.7415,40.12,0.707,0.293,40.12,16.63,3.9595714441893524,38.6,38.6,16.0
CUV,2031-05,CS,3300,2112,1188,1.271,2836.4,56.7281,40.33,0.711,0.289,40.33,16.39,3.8835246528916585,38.6,38.6,15.69
CUV,2031-06,CS,3300,2112,1188,1.271,2835.7,56.7148,40.49,0.714,0.286,40.49,16.22,3.8521810429649066,38.6,38.6,15.46
CUV,2031-07,CS,3300,2112,1188,1.271,2835.1,56.7014,42.3,0.746,0.254,42.3,14.4,3.9015086913742216,38.6,38.6,13.14
CUV,2031-08,CS,3300,2112,1188,1.271,2834.4,56.688,42.46,0.749,0.251,42.46,14.23,3.818268284683503,38.6,38.6,12.94
CUV,2031-09,CS,3300,2112,1188,1.27,2833.7,56.6747,42.68,0.753,0.247,42.68,14.0,3.7833278670602386,38.6,38.6,12.66
CUV,2031-10,CS,3300,2112,1188,1.27,2833.1,56.6613,42.89,0.757,0.243,42.89,13.77,3.7031704383951016,45.4,45.4,14.57
CUV,2031-11,CS,3300,2112,1188,1.27,2832.4,56.6479,43.11,0.761,0.239,43.11,13.54,3.6214715207171757,45.4,45.4,14.26
CUV,2031-12,CS,3300,2112,1188,1.269,2831.7,56.6346,43.27,0.764,0.236,43.27,13.37,3.589100251448563,45.4,45.4,14.02
CUV,2032-01,CS,3300,2112,1188,1.269,2831.1,56.6212,43.49,0.768,0.232,43.49,13.14,3.508942822783427,45.4,45.4,13.71
CUV,2032-02,CS,3300,2112,1188,1.269,2830.4,56.6078,43.76,0.773,0.227,43.76,12.85,3.42827156444736,45.4,45.4,13.33
CUV,2032-03,CS,3300,2112,1188,1.268,2829.7,56.5945,43.92,0.776,0.224,43.92,12.68,3.409259866622936,45.4,45.4,13.11
CUV,2032-04,CS,3300,2112,1188,1.268,2829.1,56.5811,44.19,0.781,0.219,44.19,12.39,3.319339674210123,51.02,51.02,14.31
CUV,2032-05,CS,3300,2112,1188,1.268,2828.4,56.5677,44.41,0.785,0.215,44.41,12.16,3.247917349950803,51.02,51.02,13.97
CUV,2032-06,CS,3300,2112,1188,1.268,2827.7,56.5544,44.62,0.789,0.211,44.62,11.93,3.243806712583361,51.02,51.02,13.64
CUV,2032-07,CS,3300,2112,1188,1.267,2827.1,56.541,44.84,0.793,0.207,44.84,11.7,3.172384388324041,51.02,51.02,13.32
CUV,2032-08,CS,3300,2112,1188,1.267,2826.4,56.5276,45.11,0.798,0.202,45.11,11.42,3.092226959658905,51.02,51.02,12.91
CUV,2032-09,CS,3300,2112,1188,1.267,2825.7,56.5143,45.32,0.802,0.198,45.32,11.19,3.0876024926205314,51.02,51.02,12.6
CUV,2032-10,CS,3300,2112,1188,1.266,2825.0,56.5009,48.87,0.865,0.135,48.87,7.63,3.155941838854269,67.41,67.41,10.52
CUV,2032-11,CS,3300,2112,1188,1.266,2824.4,56.4875,49.14,0.87,0.13,49.14,7.34,3.0685907947961084,67.41,67.41,10.07
CUV,2032-12,CS,3300,2112,1188,1.266,2823.7,56.4742,49.3,0.873,0.127,49.3,7.17,3.0598556903902923,67.41,67.41,9.81
CUV,2033-01,CS,3300,2112,1188,1.265,2823.0,56.4608,49.57,0.878,0.122,49.57,6.89,2.973018476003061,67.41,67.41,9.37
CUV,2033-02,CS,3300,2112,1188,1.265,2822.4,56.4474,49.79,0.882,0.118,49.79,6.66,2.9627418825844543,67.41,67.41,9.02
CUV,2033-03,CS,3300,2112,1188,1.265,2821.7,56.4341,50.06,0.887,0.113,50.06,6.38,2.874877008855363,67.41,67.41,8.59
CUV,2033-04,CS,3300,2112,1188,1.265,2821.0,56.4207,50.78,0.9,0.1,50.78,5.64,3.0238876134251664,77.41,77.41,8.6
CUV,2033-05,CS,3300,2112,1188,1.264,2820.4,56.4073,50.77,0.9,0.1,50.77,5.64,2.929342953973981,77.41,77.41,8.6
CUV,2033-06,CS,3300,2112,1188,1.264,2819.7,56.394,50.75,0.9,0.1,50.75,5.64,2.914441893517,77.41,77.41,8.6
CUV,2033-07,CS,3300,2112,1188,1.264,2819.0,56.3806,50.74,0.9,0.1,50.74,5.64,2.914441893517,77.41,77.41,8.6
CUV,2033-08,CS,3300,2112,1188,1.263,2818.4,56.3672,50.73,0.9,0.1,50.73,5.64,2.907248278123975,77.41,77.41,8.6
CUV,2033-09,CS,3300,2112,1188,1.263,2817.7,56.3539,50.72,0.9,0.1,50.72,5.64,2.8327429758390728,77.41,77.41,8.6
CUV,2033-10,CS,3300,2112,1188,1.263,2817.0,56.3405,50.71,0.9,0.1,50.71,5.63,2.829146168142561,79.8,79.8,8.87
CUV,2033-11,CS,3300,2112,1188,1.262,2816.4,56.3271,50.69,0.9,0.1,50.69,5.63,2.755668525199519,79.8,79.8,8.87
CUV,2033-12,CS,3300,2112,1188,1.262,2815.7,56.3138,50.68,0.9,0.1,50.68,5.63,2.7520717175030067,79.8,79.8,8.87
CUV,2034-01,CS,3300,2112,1188,1.262,2815.0,56.3004,50.67,0.9,0.1,50.67,5.63,2.746933420793703,79.8,79.8,8.87
CUV,2034-02,CS,3300,2112,1188,1.262,2814.4,56.287,50.66,0.9,0.1,50.66,5.63,2.7428227834262597,79.8,79.8,8.87
CUV,2034-03,CS,3300,2112,1188,1.261,2813.7,56.2737,50.65,0.9,0.1,50.65,5.63,2.739739805400678,79.8,79.8,8.87
CUV,2034-04,CS,3300,2112,1188,1.261,2813.0,56.2603,50.63,0.9,0.1,50.63,5.63,2.7340876790204436,80.02,80.02,8.89
CUV,2034-05,CS,3300,2112,1188,1.261,2812.3,56.2469,50.62,0.9,0.1,50.62,5.62,2.7299770416530005,80.02,80.02,8.89
CUV,2034-06,CS,3300,2112,1188,1.26,2811.7,56.2336,50.61,0.9,0.1,50.61,5.62,2.7268940636274186,80.02,80.02,8.89
CUV,2034-07,CS,3300,2112,1188,1.26,2811.0,56.2202,50.6,0.9,0.1,50.6,5.62,2.7202142779053244,80.02,80.02,8.89
CUV,2034-08,CS,3300,2112,1188,1.26,2810.3,56.2068,50.59,0.9,0.1,50.59,5.62,2.7166174702088117,80.02,80.02,8.89
CUV,2034-09,CS,3300,2112,1188,1.259,2809.7,56.1935,50.57,0.9,0.1,50.57,5.62,2.7135344921832294,80.02,80.02,8.89
CUV,2034-10,CS,3300,2112,1188,1.259,2809.0,56.1801,50.56,0.9,0.1,50.56,5.62,2.7094238548157863,80.16,80.16,8.91
CUV,2034-11,CS,3300,2112,1188,1.259,2808.3,56.1667,50.55,0.9,0.1,50.55,5.62,2.704285558106483,80.16,80.16,8.91
CUV,2034-12,CS,3300,2112,1188,1.259,2807.7,56.1534,50.54,0.9,0.1,50.54,5.62,2.7006887504099706,80.16,80.16,8.91
CUV,2035-01,CS,3300,2112,1188,1.258,2807.0,56.14,50.53,0.9,0.1,50.53,5.61,2.696578113042528,80.16,80.16,8.91
CUV,2035-02,CS,3300,2112,1188,1.258,2806.3,56.1266,50.51,0.9,0.1,50.51,5.61,2.691439816333224,80.16,80.16,8.91
CUV,2035-03,CS,3300,2112,1188,1.258,2805.7,56.1133,50.5,0.9,0.1,50.5,5.61,2.686815349294851,80.16,80.16,8.91
CUV,2035-04,CS,3300,2112,1188,1.257,2805.0,56.0999,50.49,0.9,0.1,50.49,5.61,2.683732371269269,80.31,80.31,8.92
CUV,2035-05,CS,3300,2112,1188,1.257,2804.3,56.0865,50.48,0.9,0.1,50.48,5.61,2.678080244889035,80.31,80.31,8.92
CUV,2035-06,CS,3300,2112,1188,1.257,2803.7,56.0732,50.47,0.9,0.1,50.47,5.61,2.674483437192522,80.31,80.31,8.92
CUV,2035-07,CS,3300,2112,1188,1.256,2803.0,56.0598,50.45,0.9,0.1,50.45,5.61,2.6708866294960094,80.31,80.31,8.92
CUV,2035-08,CS,3300,2112,1188,1.256,2802.3,56.0464,50.44,0.9,0.1,50.44,5.6,2.6657483327867055,80.31,80.31,8.92
CUV,2035-09,CS,3300,2112,1188,1.256,2801.7,56.0331,50.43,0.9,0.1,50.43,5.6,2.6616376954192633,80.31,80.31,8.92
CUV,2035-10,CS,3300,2112,1188,1.256,2801.0,56.0197,50.42,0.9,0.1,50.42,5.6,2.658040887722751,80.46,80.46,8.94
CUV,2035-11,CS,3300,2112,1188,1.255,2800.3,56.0063,50.41,0.9,0.1,50.41,5.6,2.6523887613425168,80.46,80.46,8.94
CUV,2035-12,CS,3300,2112,1188,1.255,2799.6,55.993,50.39,0.9,0.1,50.39,5.6,2.6482781239750737,80.46,80.46,8.94
CUV,2036-01,CS,3300,2112,1188,1.255,2799.0,55.9796,50.38,0.9,0.1,50.38,5.6,2.6451951459494913,80.46,80.46,8.94
CUV,2036-02,CS,3300,2112,1188,1.254,2798.3,55.9662,50.37,0.9,0.1,50.37,5.6,2.641084508582049,80.46,80.46,8.94
CUV,2036-03,CS,3300,2112,1188,1.254,2797.6,55.9529,50.36,0.9,0.1,50.36,5.6,2.6359462118727452,80.46,80.46,8.94
HYQ,2026-04,CS,2200,1606,594,1.197,1994.3,39.8852,23.93,0.6,0.4,23.93,15.95,0.0,14.74,14.74,9.83
HYQ,2026-05,CS,2200,1606,594,1.197,1993.8,39.8757,23.97,0.601,0.399,23.97,15.91,0.0,14.74,14.74,9.79
HYQ,2026-06,CS,2200,1606,594,1.197,1993.3,39.8663,23.96,0.601,0.399,23.96,15.91,0.0,14.74,14.74,9.79
HYQ,2026-07,CS,2200,1606,594,1.197,1992.8,39.8569,23.28,0.584,0.416,23.28,16.58,2.722400787143325,14.74,14.74,10.5
HYQ,2026-08,CS,2200,1606,594,1.196,1992.4,39.8475,23.31,0.585,0.415,23.31,16.54,2.7137422105608393,14.74,14.74,10.46
HYQ,2026-09,CS,2200,1606,594,1.196,1991.9,39.8381,23.31,0.585,0.415,23.31,16.53,2.703640537881272,14.74,14.74,10.46
HYQ,2026-10,CS,2200,1606,594,1.196,1991.4,39.8286,23.3,0.585,0.415,23.3,16.53,2.6884880288619217,14.02,14.02,9.95
HYQ,2026-11,CS,2200,1606,594,1.195,1991.0,39.8192,23.33,0.586,0.414,23.33,16.49,2.674417841915382,14.02,14.02,9.9
HYQ,2026-12,CS,2200,1606,594,1.195,1990.5,39.8098,23.37,0.587,0.413,23.37,16.44,2.662873073138734,14.02,14.02,9.86
HYQ,2027-01,CS,2200,1606,594,1.195,1990.0,39.8004,23.4,0.588,0.412,23.4,16.4,2.641587405706789,14.02,14.02,9.82
HYQ,2027-02,CS,2200,1606,594,1.195,1989.5,39.7909,23.4,0.588,0.412,23.4,16.39,2.6184978681534927,14.02,14.02,9.82
HYQ,2027-03,CS,2200,1606,594,1.194,1989.1,39.7815,23.39,0.588,0.412,23.39,16.39,2.590718268284683,14.02,14.02,9.82
HYQ,2027-04,CS,2200,1606,594,1.194,1988.6,39.7721,22.91,0.576,0.424,22.91,16.86,3.163627418825844,13.02,13.02,9.58
HYQ,2027-05,CS,2200,1606,594,1.194,1988.1,39.7627,22.94,0.577,0.423,22.94,16.82,3.1795014758937357,13.02,13.02,9.54
HYQ,2027-06,CS,2200,1606,594,1.194,1987.7,39.7533,22.98,0.578,0.422,22.98,16.78,3.193571662840275,13.02,13.02,9.51
HYQ,2027-07,CS,2200,1606,594,1.193,1987.2,39.7438,23.01,0.579,0.421,23.01,16.73,3.207641849786815,13.02,13.02,9.47
HYQ,2027-08,CS,2200,1606,594,1.193,1986.7,39.7344,23.05,0.58,0.42,23.05,16.69,3.218465070514923,13.02,13.02,9.43
HYQ,2027-09,CS,2200,1606,594,1.193,1986.2,39.725,23.08,0.581,0.419,23.08,16.64,3.2245982289275172,13.02,13.02,9.39
HYQ,2027-10,CS,2200,1606,594,1.192,1985.8,39.7156,23.0,0.579,0.421,23.0,16.72,3.2072810757625447,13.46,13.46,9.79
HYQ,2027-11,CS,2200,1606,594,1.192,1985.3,39.7061,23.03,0.58,0.42,23.03,16.68,3.21413578222368,13.46,13.46,9.75
HYQ,2027-12,CS,2200,1606,594,1.192,1984.8,39.6967,23.06,0.581,0.419,23.06,16.63,3.2195473925877334,13.46,13.46,9.71
HYQ,2028-01,CS,2200,1606,594,1.192,1984.4,39.6873,23.1,0.582,0.418,23.1,16.59,3.2332568055100035,13.46,13.46,9.67
HYQ,2028-02,CS,2200,1606,594,1.191,1983.9,39.6779,23.17,0.584,0.416,23.17,16.51,3.188160052476222,13.46,13.46,9.59
HYQ,2028-03,CS,2200,1606,594,1.191,1983.4,39.6685,23.21,0.585,0.415,23.21,16.46,3.146310265660872,13.46,13.46,9.55
HYQ,2028-04,CS,2200,1606,594,1.191,1983.0,39.659,23.2,0.585,0.415,23.2,16.46,3.134043948835684,13.43,13.43,9.53
HYQ,2028-05,CS,2200,1606,594,1.19,1982.5,39.6496,23.23,0.586,0.414,23.23,16.41,3.08606100360774,13.43,13.43,9.49
HYQ,2028-06,CS,2200,1606,594,1.19,1982.0,39.6402,23.23,0.586,0.414,23.23,16.41,3.084257133486389,13.43,13.43,9.49
HYQ,2028-07,CS,2200,1606,594,1.19,1981.5,39.6308,22.79,0.575,0.425,22.79,16.84,2.938865201705477,13.43,13.43,9.93
HYQ,2028-08,CS,2200,1606,594,1.19,1981.1,39.6213,22.86,0.577,0.423,22.86,16.76,2.9439160380452605,13.43,13.43,9.85
HYQ,2028-09,CS,2200,1606,594,1.189,1980.6,39.6119,22.94,0.579,0.421,22.94,16.68,2.9035093473269926,13.43,13.43,9.77
HYQ,2028-10,CS,2200,1606,594,1.189,1980.1,39.6025,22.97,0.58,0.42,22.97,16.63,2.9078386356182353,13.58,13.58,9.83
HYQ,2028-11,CS,2200,1606,594,1.189,1979.7,39.5931,23.04,0.582,0.418,23.04,16.55,2.9006231551328305,13.58,13.58,9.75
HYQ,2028-12,CS,2200,1606,594,1.188,1979.2,39.5836,23.12,0.584,0.416,23.12,16.47,2.8483109216136437,13.58,13.58,9.67
HYQ,2029-01,CS,2200,1606,594,1.188,1978.7,39.5742,22.99,0.581,0.419,22.99,16.58,2.815841259429321,13.58,13.58,9.79
HYQ,2029-02,CS,2200,1606,594,1.188,1978.2,39.5648,23.07,0.583,0.417,23.07,16.5,2.8122335191866186,13.58,13.58,9.71
HYQ,2029-03,CS,2200,1606,594,1.188,1977.8,39.5554,23.14,0.585,0.415,23.14,16.42,2.7707445063955394,13.58,13.58,9.63
HYQ,2029-04,CS,2200,1606,594,1.187,1977.3,39.546,23.02,0.582,0.418,23.02,16.53,3.279075106592325,14.5,14.5,10.41
HYQ,2029-05,CS,2200,1606,594,1.187,1976.8,39.5365,23.21,0.587,0.413,23.21,16.33,3.3,14.5,14.5,10.2
HYQ,2029-06,CS,2200,1606,594,1.187,1976.4,39.5271,23.28,0.589,0.411,23.28,16.25,3.2891767792718922,14.5,14.5,10.12
HYQ,2029-07,CS,2200,1606,594,1.186,1975.9,39.5177,23.35,0.591,0.409,23.35,16.16,3.2484093145293533,14.5,14.5,10.03
HYQ,2029-08,CS,2200,1606,594,1.186,1975.4,39.5083,23.39,0.592,0.408,23.39,16.12,3.2509347326992457,14.5,14.5,9.99
HYQ,2029-09,CS,2200,1606,594,1.186,1974.9,39.4988,23.46,0.594,0.406,23.46,16.04,3.2433584781895703,14.5,14.5,9.91
HYQ,2029-10,CS,2200,1606,594,1.186,1974.5,39.4894,23.5,0.595,0.405,23.5,15.99,3.245883896359462,16.27,16.27,11.07
HYQ,2029-11,CS,2200,1606,594,1.185,1974.0,39.48,23.61,0.598,0.402,23.61,15.87,3.207641849786815,16.27,16.27,10.94
HYQ,2029-12,CS,2200,1606,594,1.185,1973.5,39.4706,23.68,0.6,0.4,23.68,15.79,3.202951787471302,16.27,16.27,10.85
HYQ,2030-01,CS,2200,1606,594,1.185,1973.1,39.4612,23.76,0.602,0.398,23.76,15.71,3.1672351590685466,16.27,16.27,10.76
HYQ,2030-02,CS,2200,1606,594,1.184,1972.6,39.4517,23.79,0.603,0.397,23.79,15.66,3.12935388652017,16.27,16.27,10.71
HYQ,2030-03,CS,2200,1606,594,1.184,1972.1,39.4423,23.82,0.604,0.396,23.82,15.62,3.1300754345687114,16.27,16.27,10.67
HYQ,2030-04,CS,2200,1606,594,1.184,1971.6,39.4329,23.66,0.6,0.4,23.66,15.77,3.177697605772384,17.07,17.07,11.38
HYQ,2030-05,CS,2200,1606,594,1.184,1971.2,39.4235,23.73,0.602,0.398,23.73,15.69,3.132961626762873,17.07,17.07,11.29
HYQ,2030-06,CS,2200,1606,594,1.183,1970.7,39.414,23.81,0.604,0.396,23.81,15.61,3.1297146605444404,17.07,17.07,11.19
HYQ,2030-07,CS,2200,1606,594,1.183,1970.2,39.4046,23.88,0.606,0.394,23.88,15.53,3.08497868153493,17.07,17.07,11.1
HYQ,2030-08,CS,2200,1606,594,1.183,1969.8,39.3952,23.95,0.608,0.392,23.95,15.44,3.0279763857002298,17.07,17.07,11.01
HYQ,2030-09,CS,2200,1606,594,1.182,1969.3,39.3858,24.03,0.61,0.39,24.03,15.36,3.0279763857002298,17.07,17.07,10.91
HYQ,2030-10,CS,2200,1606,594,1.182,1968.8,39.3764,24.14,0.613,0.387,24.14,15.24,2.97169563791407,19.48,19.48,12.3
HYQ,2030-11,CS,2200,1606,594,1.182,1968.3,39.3669,24.21,0.615,0.385,24.21,15.16,2.906034765496884,19.48,19.48,12.19
HYQ,2030-12,CS,2200,1606,594,1.182,1967.9,39.3575,24.32,0.618,0.382,24.32,15.03,2.8847490980649395,19.48,19.48,12.04
HYQ,2031-01,CS,2200,1606,594,1.181,1967.4,39.3481,24.44,0.621,0.379,24.44,14.91,2.82882912430305,19.48,19.48,11.89
HYQ,2031-02,CS,2200,1606,594,1.181,1966.9,39.3387,24.55,0.624,0.376,24.55,14.79,2.766775992128567,19.48,19.48,11.74
HYQ,2031-03,CS,2200,1606,594,1.181,1966.5,39.3292,24.62,0.626,0.374,24.62,14.71,2.754148901279108,19.48,19.48,11.64
HYQ,2031-04,CS,2200,1606,594,1.18,1966.0,39.3198,24.69,0.628,0.372,24.69,14.63,2.780124631026566,23.23,23.23,13.76
HYQ,2031-05,CS,2200,1606,594,1.18,1965.5,39.3104,24.8,0.631,0.369,24.8,14.51,2.7267300754345687,23.23,23.23,13.58
HYQ,2031-06,CS,2200,1606,594,1.18,1965.0,39.301,24.88,0.633,0.367,24.88,14.42,2.704722859954083,23.23,23.23,13.47
HYQ,2031-07,CS,2200,1606,594,1.18,1964.6,39.2916,25.74,0.655,0.345,25.74,13.56,2.7393571662840275,23.23,23.23,12.24
HYQ,2031-08,CS,2200,1606,594,1.179,1964.1,39.2821,25.81,0.657,0.343,25.81,13.47,2.6809117743522464,23.23,23.23,12.13
HYQ,2031-09,CS,2200,1606,594,1.179,1963.6,39.2727,25.92,0.66,0.34,25.92,13.35,2.656379140701869,23.23,23.23,11.97
HYQ,2031-10,CS,2200,1606,594,1.179,1963.2,39.2633,25.99,0.662,0.338,25.99,13.27,2.6000983929157098,27.07,27.07,13.82
HYQ,2031-11,CS,2200,1606,594,1.179,1962.7,39.2539,26.1,0.665,0.335,26.1,13.15,2.54273532305674,27.07,27.07,13.64
HYQ,2031-12,CS,2200,1606,594,1.178,1962.2,39.2444,26.22,0.668,0.332,26.22,13.03,2.520006559527714,27.07,27.07,13.45
HYQ,2032-01,CS,2200,1606,594,1.178,1961.8,39.235,26.33,0.671,0.329,26.33,12.91,2.4637258117415546,27.07,27.07,13.27
HYQ,2032-02,CS,2200,1606,594,1.178,1961.3,39.2256,26.4,0.673,0.327,26.4,12.83,2.407084289931125,27.07,27.07,13.15
HYQ,2032-03,CS,2200,1606,594,1.177,1960.8,39.2162,26.51,0.676,0.324,26.51,12.71,2.393735651033125,27.07,27.07,12.97
HYQ,2032-04,CS,2200,1606,594,1.177,1960.3,39.2068,26.62,0.679,0.321,26.62,12.59,2.330600196785831,30.28,30.28,14.31
HYQ,2032-05,CS,2200,1606,594,1.177,1959.9,39.1973,26.73,0.682,0.318,26.73,12.46,2.280452607412266,30.28,30.28,14.12
HYQ,2032-06,CS,2200,1606,594,1.177,1959.4,39.1879,26.84,0.685,0.315,26.84,12.34,2.277566415218104,30.28,30.28,13.92
HYQ,2032-07,CS,2200,1606,594,1.176,1958.9,39.1785,26.95,0.688,0.312,26.95,12.22,2.227418825844539,30.28,30.28,13.73
HYQ,2032-08,CS,2200,1606,594,1.176,1958.5,39.1691,27.07,0.691,0.309,27.07,12.1,2.1711380780583798,30.28,30.28,13.54
HYQ,2032-09,CS,2200,1606,594,1.176,1958.0,39.1596,27.18,0.694,0.306,27.18,11.98,2.167891111839947,30.28,30.28,13.35
HYQ,2032-10,CS,2200,1606,594,1.175,1957.5,39.1502,28.89,0.738,0.262,28.89,10.26,2.215874057067891,39.24,39.24,13.93
HYQ,2032-11,CS,2200,1606,594,1.175,1957.0,39.1408,29.0,0.741,0.259,29.0,10.14,2.154542472941948,39.24,39.24,13.72
HYQ,2032-12,CS,2200,1606,594,1.175,1956.6,39.1314,29.07,0.743,0.257,29.07,10.06,2.1484093145293537,39.24,39.24,13.57
HYQ,2033-01,CS,2200,1606,594,1.175,1956.1,39.1219,29.22,0.747,0.253,29.22,9.9,2.087438504427681,39.24,39.24,13.29
HYQ,2033-02,CS,2200,1606,594,1.174,1955.6,39.1125,29.3,0.749,0.251,29.3,9.82,2.0802230239422763,39.24,39.24,13.15
HYQ,2033-03,CS,2200,1606,594,1.174,1955.2,39.1031,29.44,0.753,0.247,29.44,9.66,2.018530665792063,39.24,39.24,12.87
HYQ,2033-04,CS,2200,1606,594,1.174,1954.7,39.0937,31.31,0.801,0.199,31.31,7.78,2.1231551328304357,48.49,48.49,12.05
HYQ,2033-05,CS,2200,1606,594,1.173,1954.2,39.0843,31.42,0.804,0.196,31.42,7.66,2.05677271236471,48.49,48.49,11.82
HYQ,2033-06,CS,2200,1606,594,1.173,1953.7,39.0748,31.46,0.805,0.195,31.46,7.62,2.046310265660872,48.49,48.49,11.75
HYQ,2033-07,CS,2200,1606,594,1.173,1953.3,39.0654,32.58,0.834,0.166,32.58,6.48,2.046310265660872,48.49,48.49,9.65
HYQ,2033-08,CS,2200,1606,594,1.173,1952.8,39.056,32.57,0.834,0.166,32.57,6.48,2.0412594293210886,48.49,48.49,9.65
HYQ,2033-09,CS,2200,1606,594,1.172,1952.3,39.0466,32.64,0.836,0.164,32.64,6.4,1.9889471958019018,48.49,48.49,9.51
HYQ,2033-10,CS,2200,1606,594,1.172,1951.9,39.0371,32.64,0.836,0.164,32.64,6.4,1.9864217776320106,51.2,51.2,10.04
HYQ,2033-11,CS,2200,1606,594,1.172,1951.4,39.0277,32.71,0.838,0.162,32.71,6.32,1.9348310921613643,51.2,51.2,9.9
HYQ,2033-12,CS,2200,1606,594,1.171,1950.9,39.0183,32.7,0.838,0.162,32.7,6.32,1.9323056739914726,51.2,51.2,9.9
HYQ,2034-01,CS,2200,1606,594,1.171,1950.4,39.0089,32.69,0.838,0.162,32.69,6.32,1.92869793374877,51.2,51.2,9.9
HYQ,2034-02,CS,2200,1606,594,1.171,1950.0,38.9995,32.68,0.838,0.162,32.68,6.32,1.9258117415546079,51.2,51.2,9.9
HYQ,2034-03,CS,2200,1606,594,1.171,1949.5,38.99,32.67,0.838,0.162,32.67,6.32,1.9236470974089865,51.2,51.2,9.9
HYQ,2034-04,CS,2200,1606,594,1.17,1949.0,38.9806,32.67,0.838,0.162,32.67,6.31,1.9196785831420136,51.4,51.4,9.94
HYQ,2034-05,CS,2200,1606,594,1.17,1948.6,38.9712,32.66,0.838,0.162,32.66,6.31,1.9167923909478513,51.4,51.4,9.94
HYQ,2034-06,CS,2200,1606,594,1.17,1948.1,38.9618,32.65,0.838,0.162,32.65,6.31,1.91462774680223,51.4,51.4,9.94
HYQ,2034-07,CS,2200,1606,594,1.169,1947.6,38.9523,32.68,0.839,0.161,32.68,6.27,1.9099376844867169,51.4,51.4,9.86
HYQ,2034-08,CS,2200,1606,594,1.169,1947.1,38.9429,32.67,0.839,0.161,32.67,6.27,1.9074122663168251,51.4,51.4,9.86
HYQ,2034-09,CS,2200,1606,594,1.169,1946.7,38.9335,32.67,0.839,0.161,32.67,6.27,1.9052476221712036,51.4,51.4,9.86
HYQ,2034-10,CS,2200,1606,594,1.169,1946.2,38.9241,32.66,0.839,0.161,32.66,6.27,1.9023614299770413,51.52,51.52,9.89
HYQ,2034-11,CS,2200,1606,594,1.168,1945.7,38.9147,32.65,0.839,0.161,32.65,6.27,1.8987536897343387,51.52,51.52,9.89
HYQ,2034-12,CS,2200,1606,594,1.168,1945.3,38.9052,32.64,0.839,0.161,32.64,6.26,1.8962282715644474,51.52,51.52,9.89
HYQ,2035-01,CS,2200,1606,594,1.168,1944.8,38.8958,32.63,0.839,0.161,32.63,6.26,1.8933420793702853,51.52,51.52,9.89
HYQ,2035-02,CS,2200,1606,594,1.167,1944.3,38.8864,32.63,0.839,0.161,32.63,6.26,1.8897343391275827,51.52,51.52,9.89
HYQ,2035-03,CS,2200,1606,594,1.167,1943.8,38.877,32.62,0.839,0.161,32.62,6.26,1.8864873729091505,51.52,51.52,9.89
HYQ,2035-04,CS,2200,1606,594,1.167,1943.4,38.8675,32.61,0.839,0.161,32.61,6.26,1.8843227287635291,51.67,51.67,9.92
HYQ,2035-05,CS,2200,1606,594,1.167,1942.9,38.8581,32.64,0.84,0.16,32.64,6.22,1.8803542144965562,51.67,51.67,9.84
HYQ,2035-06,CS,2200,1606,594,1.166,1942.4,38.8487,32.63,0.84,0.16,32.63,6.22,1.8778287963266644,51.67,51.67,9.84
HYQ,2035-07,CS,2200,1606,594,1.166,1942.0,38.8393,32.62,0.84,0.16,32.62,6.21,1.8753033781567723,51.67,51.67,9.84
HYQ,2035-08,CS,2200,1606,594,1.166,1941.5,38.8299,32.62,0.84,0.16,32.62,6.21,1.8716956379140697,51.67,51.67,9.84
HYQ,2035-09,CS,2200,1606,594,1.165,1941.0,38.8204,32.61,0.84,0.16,32.61,6.21,1.868809445719908,51.67,51.67,9.84
HYQ,2035-10,CS,2200,1606,594,1.165,1940.6,38.811,32.6,0.84,0.16,32.6,6.21,1.8662840275500165,51.79,51.79,9.86
HYQ,2035-11,CS,2200,1606,594,1.165,1940.1,38.8016,32.59,0.84,0.16,32.59,6.21,1.8623155132830436,51.79,51.79,9.86
HYQ,2035-12,CS,2200,1606,594,1.165,1939.6,38.7922,32.59,0.84,0.16,32.59,6.21,1.8594293210888815,51.79,51.79,9.86
HYQ,2036-01,CS,2200,1606,594,1.164,1939.1,38.7827,32.58,0.84,0.16,32.58,6.21,1.8572646769432597,51.79,51.79,9.86
HYQ,2036-02,CS,2200,1606,594,1.164,1938.7,38.7733,32.57,0.84,0.16,32.57,6.2,1.854378484749098,51.79,51.79,9.86
HYQ,2036-03,CS,2200,1606,594,1.164,1938.2,38.7639,32.6,0.841,0.159,32.6,6.16,1.8507707445063954,51.79,51.79,9.79
INT,2026-04,CS,5400,0,5400,0.675,364.5,7.2895,3.48,0.477,0.523,3.48,3.81,0.0,1.11,1.11,1.22
INT,2026-05,CS,5400,0,5400,0.656,354.3,7.087,3.38,0.477,0.523,3.38,3.71,0.0,1.11,1.11,1.22
INT,2026-06,CS,5400,0,5400,0.637,344.2,6.8845,3.28,0.476,0.524,3.28,3.61,0.0,1.11,1.11,1.22
INT,2026-07,CS,5400,0,5400,0.619,334.1,6.682,3.15,0.472,0.528,3.15,3.53,9.239663277577346,1.11,1.11,1.24
INT,2026-08,CS,5400,0,5400,0.6,324.0,6.4795,3.06,0.472,0.528,3.06,3.42,9.210276593418607,1.11,1.11,1.24
INT,2026-09,CS,5400,0,5400,0.581,313.9,6.277,2.96,0.471,0.529,2.96,3.32,9.175992128566742,1.11,1.11,1.25
INT,2026-10,CS,5400,0,5400,0.562,303.7,6.0746,2.86,0.471,0.529,2.86,3.21,9.124565431288946,0.0,0.0,0.0
INT,2026-11,CS,5400,0,5400,0.544,293.6,5.8721,2.76,0.47,0.53,2.76,3.11,9.076812069530993,0.0,0.0,0.0
INT,2026-12,CS,5400,0,5400,0.0,0.0,0.0,0.0,0.45,0.55,0.0,0.0,9.037629823986006,0.0,0.0,0.0
INT,2027-01,CS,5400,0,5400,0.0,0.0,0.0,0.0,0.45,0.55,0.0,0.0,8.965387558762435,0.0,0.0,0.0
INT,2027-02,CS,5400,0,5400,0.0,0.0,0.0,0.0,0.45,0.55,0.0,0.0,8.88702306767246,0.0,0.0,0.0
INT,2027-03,CS,5400,0,5400,0.0,0.0,0.0,0.0,0.45,0.55,0.0,0.0,8.792740789329834,0.0,0.0,0.0
INT,2027-04,CS,5400,0,5400,0.0,0.0,0.0,0.0,0.45,0.55,0.0,0.0,10.737159724499834,0.0,0.0,0.0
INT,2027-05,CS,5400,0,5400,0.0,0.0,0.0,0.0,0.45,0.55,0.0,0.0,10.791035312124194,0.0,0.0,0.0
INT,2027-06,CS,5400,0,5400,0.0,0.0,0.0,0.0,0.45,0.55,0.0,0.0,10.838788673882146,0.0,0.0,0.0
INT,2027-07,CS,5400,0,5400,0.0,0.0,0.0,0.0,0.45,0.55,0.0,0.0,10.8865420356401,0.0,0.0,0.0
INT,2027-08,CS,5400,0,5400,0.0,0.0,0.0,0.0,0.45,0.55,0.0,0.0,10.923275390838526,0.0,0.0,0.0
INT,2027-09,CS,5400,0,5400,0.0,0.0,0.0,0.0,0.45,0.55,0.0,0.0,10.944090958784301,0.0,0.0,0.0
INT,2027-10,CS,5400,0,5400,0.0,0.0,0.0,0.0,0.45,0.55,0.0,0.0,10.885317590466817,0.0,0.0,0.0
INT,2027-11,CS,5400,0,5400,0.0,0.0,0.0,0.0,0.45,0.55,0.0,0.0,10.908582048759156,0.0,0.0,0.0
INT,2027-12,CS,5400,0,5400,0.0,0.0,0.0,0.0,0.45,0.55,0.0,0.0,10.926948726358367,0.0,0.0,0.0
INT,2028-01,CS,5400,0,5400,0.0,0.0,0.0,0.0,0.45,0.55,0.0,0.0,10.973477642943042,0.0,0.0,0.0
INT,2028-02,CS,5400,0,5400,0.0,0.0,0.0,0.0,0.45,0.55,0.0,0.0,10.820421996282935,0.0,0.0,0.0
INT,2028-03,CS,5400,0,5400,0.0,0.0,0.0,0.0,0.45,0.55,0.0,0.0,10.678386356182354,0.0,0.0,0.0
INT,2028-04,CS,5400,0,5400,0.0,0.0,0.0,0.0,0.45,0.55,0.0,0.0,10.636755220290805,0.0,0.0,0.0
INT,2028-05,CS,5400,0,5400,0.0,0.0,0.0,0.0,0.45,0.55,0.0,0.0,10.47390401224445,0.0,0.0,0.0
INT,2028-06,CS,5400,0,5400,0.0,0.0,0.0,0.0,0.45,0.55,0.0,0.0,10.467781786378048,0.0,0.0,0.0
INT,2028-07,CS,5400,0,5400,0.0,0.0,0.0,0.0,0.45,0.55,0.0,0.0,9.974330381545862,0.0,0.0,0.0
INT,2028-08,CS,5400,0,5400,0.0,0.0,0.0,0.0,0.45,0.55,0.0,0.0,9.991472613971792,0.0,0.0,0.0
INT,2028-09,CS,5400,0,5400,0.0,0.0,0.0,0.0,0.45,0.55,0.0,0.0,9.854334754564338,0.0,0.0,0.0
INT,2028-10,CS,5400,0,5400,0.0,0.0,0.0,0.0,0.45,0.55,0.0,0.0,9.869028096643708,0.0,0.0,0.0
INT,2028-11,CS,5400,0,5400,0.0,0.0,0.0,0.0,0.45,0.55,0.0,0.0,9.844539193178091,0.0,0.0,0.0
INT,2028-12,CS,5400,0,5400,0.0,0.0,0.0,0.0,0.45,0.55,0.0,0.0,9.666994643052366,0.0,0.0,0.0
INT,2029-01,CS,5400,0,5400,0.0,0.0,0.0,0.0,0.45,0.55,0.0,0.0,9.556794577457088,0.0,0.0,0.0
INT,2029-02,CS,5400,0,5400,0.0,0.0,0.0,0.0,0.45,0.55,0.0,0.0,9.544550125724282,0.0,0.0,0.0
INT,2029-03,CS,5400,0,5400,0.0,0.0,0.0,0.0,0.45,0.55,0.0,0.0,9.403738930796981,0.0,0.0,0.0
INT,2029-04,CS,5400,0,5400,0.0,0.0,0.0,0.0,0.45,0.55,0.0,0.0,11.128982179949709,0.0,0.0,0.0
INT,2029-05,CS,5400,0,5400,0.0,0.0,0.0,0.0,0.45,0.55,0.0,0.0,11.2,0.0,0.0,0.0
INT,2029-06,CS,5400,0,5400,0.0,0.0,0.0,0.0,0.45,0.55,0.0,0.0,11.163266644801574,0.0,0.0,0.0
INT,2029-07,CS,5400,0,5400,0.0,0.0,0.0,0.0,0.45,0.55,0.0,0.0,11.024904340220836,0.0,0.0,0.0
INT,2029-08,CS,5400,0,5400,0.0,0.0,0.0,0.0,0.45,0.55,0.0,0.0,11.033475456433804,0.0,0.0,0.0
INT,2029-09,CS,5400,0,5400,0.0,0.0,0.0,0.0,0.45,0.55,0.0,0.0,11.007762107794905,0.0,0.0,0.0
INT,2029-10,CS,5400,0,5400,0.0,0.0,0.0,0.0,0.45,0.55,0.0,0.0,11.01633322400787,0.0,0.0,0.0
INT,2029-11,CS,5400,0,5400,0.0,0.0,0.0,0.0,0.45,0.55,0.0,0.0,10.8865420356401,0.0,0.0,0.0
INT,2029-12,CS,5400,0,5400,0.0,0.0,0.0,0.0,0.45,0.55,0.0,0.0,10.870624248387449,0.0,0.0,0.0
INT,2030-01,CS,5400,0,5400,0.0,0.0,0.0,0.0,0.45,0.55,0.0,0.0,10.749404176232643,0.0,0.0,0.0
INT,2030-02,CS,5400,0,5400,0.0,0.0,0.0,0.0,0.45,0.55,0.0,0.0,10.620837433038153,0.0,0.0,0.0
INT,2030-03,CS,5400,0,5400,0.0,0.0,0.0,0.0,0.45,0.55,0.0,0.0,10.623286323384717,0.0,0.0,0.0
INT,2030-04,CS,5400,0,5400,0.0,0.0,0.0,0.0,0.45,0.55,0.0,0.0,10.784913086257788,0.0,0.0,0.0
INT,2030-05,CS,5400,0,5400,0.0,0.0,0.0,0.0,0.45,0.55,0.0,0.0,10.633081884770963,0.0,0.0,0.0
INT,2030-06,CS,5400,0,5400,0.0,0.0,0.0,0.0,0.45,0.55,0.0,0.0,10.622061878211435,0.0,0.0,0.0
INT,2030-07,CS,5400,0,5400,0.0,0.0,0.0,0.0,0.45,0.55,0.0,0.0,10.47023067672461,0.0,0.0,0.0
INT,2030-08,CS,5400,0,5400,0.0,0.0,0.0,0.0,0.45,0.55,0.0,0.0,10.276768339346233,0.0,0.0,0.0
INT,2030-09,CS,5400,0,5400,0.0,0.0,0.0,0.0,0.45,0.55,0.0,0.0,10.276768339346233,0.0,0.0,0.0
INT,2030-10,CS,5400,0,5400,0.0,0.0,0.0,0.0,0.45,0.55,0.0,0.0,10.08575489231442,0.0,0.0,0.0
INT,2030-11,CS,5400,0,5400,0.0,0.0,0.0,0.0,0.45,0.55,0.0,0.0,9.862905870777302,0.0,0.0,0.0
INT,2030-12,CS,5400,0,5400,0.0,0.0,0.0,0.0,0.45,0.55,0.0,0.0,9.790663605553734,0.0,0.0,0.0
INT,2031-01,CS,5400,0,5400,0.0,0.0,0.0,0.0,0.45,0.55,0.0,0.0,9.6008746036952,0.0,0.0,0.0
INT,2031-02,CS,5400,0,5400,0.0,0.0,0.0,0.0,0.45,0.55,0.0,0.0,9.390270033890893,0.0,0.0,0.0
INT,2031-03,CS,5400,0,5400,0.0,0.0,0.0,0.0,0.45,0.55,0.0,0.0,9.347414452826063,0.0,0.0,0.0
INT,2031-04,CS,5400,0,5400,0.0,0.0,0.0,0.0,0.45,0.55,0.0,0.0,9.435574505302284,0.0,0.0,0.0
INT,2031-05,CS,5400,0,5400,0.0,0.0,0.0,0.0,0.45,0.55,0.0,0.0,9.254356619656717,0.0,0.0,0.0
INT,2031-06,CS,5400,0,5400,0.0,0.0,0.0,0.0,0.45,0.55,0.0,0.0,9.179665464086584,0.0,0.0,0.0
INT,2031-07,CS,5400,0,5400,0.0,0.0,0.0,0.0,0.45,0.55,0.0,0.0,9.297212200721548,0.0,0.0,0.0
INT,2031-08,CS,5400,0,5400,0.0,0.0,0.0,0.0,0.45,0.55,0.0,0.0,9.09885208265005,0.0,0.0,0.0
INT,2031-09,CS,5400,0,5400,0.0,0.0,0.0,0.0,0.45,0.55,0.0,0.0,9.01558981086695,0.0,0.0,0.0
INT,2031-10,CS,5400,0,5400,0.0,0.0,0.0,0.0,0.45,0.55,0.0,0.0,8.824576363835135,0.0,0.0,0.0
INT,2031-11,CS,5400,0,5400,0.0,0.0,0.0,0.0,0.45,0.55,0.0,0.0,8.629889581283482,0.0,0.0,0.0
INT,2031-12,CS,5400,0,5400,0.0,0.0,0.0,0.0,0.45,0.55,0.0,0.0,8.552749535366788,0.0,0.0,0.0
INT,2032-01,CS,5400,0,5400,0.0,0.0,0.0,0.0,0.45,0.55,0.0,0.0,8.361736088334974,0.0,0.0,0.0
INT,2032-02,CS,5400,0,5400,0.0,0.0,0.0,0.0,0.45,0.55,0.0,0.0,8.16949819612988,0.0,0.0,0.0
INT,2032-03,CS,5400,0,5400,0.0,0.0,0.0,0.0,0.45,0.55,0.0,0.0,8.124193724718486,0.0,0.0,0.0
INT,2032-04,CS,5400,0,5400,0.0,0.0,0.0,0.0,0.45,0.55,0.0,0.0,7.909915819394335,0.0,0.0,0.0
INT,2032-05,CS,5400,0,5400,0.0,0.0,0.0,0.0,0.45,0.55,0.0,0.0,7.739717940308297,0.0,0.0,0.0
INT,2032-06,CS,5400,0,5400,0.0,0.0,0.0,0.0,0.45,0.55,0.0,0.0,7.72992237892205,0.0,0.0,0.0
INT,2032-07,CS,5400,0,5400,0.0,0.0,0.0,0.0,0.45,0.55,0.0,0.0,7.559724499836012,0.0,0.0,0.0
INT,2032-08,CS,5400,0,5400,0.0,0.0,0.0,0.0,0.45,0.55,0.0,0.0,7.368711052804198,0.0,0.0,0.0
INT,2032-09,CS,5400,0,5400,0.0,0.0,0.0,0.0,0.45,0.55,0.0,0.0,7.357691046244669,0.0,0.0,0.0
INT,2032-10,CS,5400,0,5400,0.0,0.0,0.0,0.0,0.45,0.55,0.0,0.0,7.520542254291024,0.0,0.0,0.0
INT,2032-11,CS,5400,0,5400,0.0,0.0,0.0,0.0,0.45,0.55,0.0,0.0,7.312386574833279,0.0,0.0,0.0
INT,2032-12,CS,5400,0,5400,0.0,0.0,0.0,0.0,0.45,0.55,0.0,0.0,7.291571006887504,0.0,0.0,0.0
INT,2033-01,CS,5400,0,5400,0.0,0.0,0.0,0.0,0.45,0.55,0.0,0.0,7.084639772603039,0.0,0.0,0.0
INT,2033-02,CS,5400,0,5400,0.0,0.0,0.0,0.0,0.45,0.55,0.0,0.0,7.060150869137423,0.0,0.0,0.0
INT,2033-03,CS,5400,0,5400,0.0,0.0,0.0,0.0,0.45,0.55,0.0,0.0,6.850770744506396,0.0,0.0,0.0
INT,2033-04,CS,5400,0,5400,0.0,0.0,0.0,0.0,0.45,0.55,0.0,0.0,7.205859844757843,0.0,0.0,0.0
INT,2033-05,CS,5400,0,5400,0.0,0.0,0.0,0.0,0.45,0.55,0.0,0.0,6.980561932874167,0.0,0.0,0.0
INT,2033-06,CS,5400,0,5400,0.0,0.0,0.0,0.0,0.45,0.55,0.0,0.0,6.94505302284902,0.0,0.0,0.0
INT,2033-07,CS,5400,0,5400,0.0,0.0,0.0,0.0,0.45,0.55,0.0,0.0,6.94505302284902,0.0,0.0,0.0
INT,2033-08,CS,5400,0,5400,0.0,0.0,0.0,0.0,0.45,0.55,0.0,0.0,6.9279107904230885,0.0,0.0,0.0
INT,2033-09,CS,5400,0,5400,0.0,0.0,0.0,0.0,0.45,0.55,0.0,0.0,6.750366240297364,0.0,0.0,0.0
INT,2033-10,CS,5400,0,5400,0.0,0.0,0.0,0.0,0.45,0.55,0.0,0.0,6.741795124084399,0.0,0.0,0.0
INT,2033-11,CS,5400,0,5400,0.0,0.0,0.0,0.0,0.45,0.55,0.0,0.0,6.566699464305236,0.0,0.0,0.0
INT,2033-12,CS,5400,0,5400,0.0,0.0,0.0,0.0,0.45,0.55,0.0,0.0,6.5581283480922705,0.0,0.0,0.0
INT,2034-01,CS,5400,0,5400,0.0,0.0,0.0,0.0,0.45,0.55,0.0,0.0,6.545883896359461,0.0,0.0,0.0
INT,2034-02,CS,5400,0,5400,0.0,0.0,0.0,0.0,0.45,0.55,0.0,0.0,6.536088334973214,0.0,0.0,0.0
INT,2034-03,CS,5400,0,5400,0.0,0.0,0.0,0.0,0.45,0.55,0.0,0.0,6.52874166393353,0.0,0.0,0.0
INT,2034-04,CS,5400,0,5400,0.0,0.0,0.0,0.0,0.45,0.55,0.0,0.0,6.515272767027439,0.0,0.0,0.0
INT,2034-05,CS,5400,0,5400,0.0,0.0,0.0,0.0,0.45,0.55,0.0,0.0,6.505477205641192,0.0,0.0,0.0
INT,2034-06,CS,5400,0,5400,0.0,0.0,0.0,0.0,0.45,0.55,0.0,0.0,6.498130534601508,0.0,0.0,0.0
INT,2034-07,CS,5400,0,5400,0.0,0.0,0.0,0.0,0.45,0.55,0.0,0.0,6.482212747348857,0.0,0.0,0.0
INT,2034-08,CS,5400,0,5400,0.0,0.0,0.0,0.0,0.45,0.55,0.0,0.0,6.473641631135892,0.0,0.0,0.0
INT,2034-09,CS,5400,0,5400,0.0,0.0,0.0,0.0,0.45,0.55,0.0,0.0,6.466294960096206,0.0,0.0,0.0
INT,2034-10,CS,5400,0,5400,0.0,0.0,0.0,0.0,0.45,0.55,0.0,0.0,6.456499398709958,0.0,0.0,0.0
INT,2034-11,CS,5400,0,5400,0.0,0.0,0.0,0.0,0.45,0.55,0.0,0.0,6.44425494697715,0.0,0.0,0.0
INT,2034-12,CS,5400,0,5400,0.0,0.0,0.0,0.0,0.45,0.55,0.0,0.0,6.4356838307641855,0.0,0.0,0.0
INT,2035-01,CS,5400,0,5400,0.0,0.0,0.0,0.0,0.45,0.55,0.0,0.0,6.425888269377938,0.0,0.0,0.0
INT,2035-02,CS,5400,0,5400,0.0,0.0,0.0,0.0,0.45,0.55,0.0,0.0,6.413643817645129,0.0,0.0,0.0
INT,2035-03,CS,5400,0,5400,0.0,0.0,0.0,0.0,0.45,0.55,0.0,0.0,6.4026238110856015,0.0,0.0,0.0
INT,2035-04,CS,5400,0,5400,0.0,0.0,0.0,0.0,0.45,0.55,0.0,0.0,6.395277140045917,0.0,0.0,0.0
INT,2035-05,CS,5400,0,5400,0.0,0.0,0.0,0.0,0.45,0.55,0.0,0.0,6.381808243139827,0.0,0.0,0.0
INT,2035-06,CS,5400,0,5400,0.0,0.0,0.0,0.0,0.45,0.55,0.0,0.0,6.3732371269268615,0.0,0.0,0.0
INT,2035-07,CS,5400,0,5400,0.0,0.0,0.0,0.0,0.45,0.55,0.0,0.0,6.364666010713894,0.0,0.0,0.0
INT,2035-08,CS,5400,0,5400,0.0,0.0,0.0,0.0,0.45,0.55,0.0,0.0,6.352421558981085,0.0,0.0,0.0
INT,2035-09,CS,5400,0,5400,0.0,0.0,0.0,0.0,0.45,0.55,0.0,0.0,6.34262599759484,0.0,0.0,0.0
INT,2035-10,CS,5400,0,5400,0.0,0.0,0.0,0.0,0.45,0.55,0.0,0.0,6.334054881381874,0.0,0.0,0.0
INT,2035-11,CS,5400,0,5400,0.0,0.0,0.0,0.0,0.45,0.55,0.0,0.0,6.320585984475785,0.0,0.0,0.0
INT,2035-12,CS,5400,0,5400,0.0,0.0,0.0,0.0,0.45,0.55,0.0,0.0,6.3107904230895375,0.0,0.0,0.0
INT,2036-01,CS,5400,0,5400,0.0,0.0,0.0,0.0,0.45,0.55,0.0,0.0,6.303443752049851,0.0,0.0,0.0
INT,2036-02,CS,5400,0,5400,0.0,0.0,0.0,0.0,0.45,0.55,0.0,0.0,6.293648190663605,0.0,0.0,0.0
INT,2036-03,CS,5400,0,5400,0.0,0.0,0.0,0.0,0.45,0.55,0.0,0.0,6.281403738930797,0.0,0.0,0.0
TRI,2026-04,CS,5000,5000,0,1.441,7204.9,144.0986,129.69,0.9,0.1,129.69,14.41,0.0,81.76,81.76,9.08
TRI,2026-05,CS,5000,5000,0,1.435,7175.3,143.5056,129.16,0.9,0.1,129.16,14.35,0.0,81.76,81.76,9.08
TRI,2026-06,CS,5000,5000,0,1.429,7145.6,142.9126,128.62,0.9,0.1,128.62,14.29,0.0,81.76,81.76,9.08
TRI,2026-07,CS,5000,5000,0,1.423,7116.0,142.3196,128.09,0.9,0.1,128.09,14.23,9.817142232425931,81.76,81.76,9.08
TRI,2026-08,CS,5000,5000,0,1.417,7086.3,141.7266,127.55,0.9,0.1,127.55,14.17,9.785918880507271,81.76,81.76,9.08
TRI,2026-09,CS,5000,5000,0,1.411,7056.7,141.1336,127.02,0.9,0.1,127.02,14.11,9.749491636602164,81.76,81.76,9.08
TRI,2026-10,CS,5000,5000,0,1.405,7027.0,140.5406,126.49,0.9,0.1,126.49,14.05,9.694850770744507,78.24,78.24,8.69
TRI,2026-11,CS,5000,5000,0,1.399,6997.4,139.9476,125.95,0.9,0.1,125.95,13.99,9.64411282387668,78.24,78.24,8.69
TRI,2026-12,CS,5000,5000,0,1.394,6967.7,139.3546,125.42,0.9,0.1,125.42,13.94,9.602481687985133,78.24,78.24,8.69
TRI,2027-01,CS,5000,5000,0,1.388,6938.1,138.7616,124.89,0.9,0.1,124.89,13.88,9.525724281185088,78.24,78.24,8.69
TRI,2027-02,CS,5000,5000,0,1.382,6908.4,138.1686,124.35,0.9,0.1,124.35,13.82,9.442462009401991,78.24,78.24,8.69
TRI,2027-03,CS,5000,5000,0,1.376,6878.8,137.5756,123.82,0.9,0.1,123.82,13.76,9.34228708866295,78.24,78.24,8.69
TRI,2027-04,CS,5000,5000,0,1.37,6849.1,178.0774,160.27,0.9,0.1,160.27,17.81,11.408232207281076,91.66,91.66,10.18
TRI,2027-05,CS,5000,5000,0,1.364,6819.5,173.8967,156.51,0.9,0.1,156.51,17.39,11.465475019131956,91.66,91.66,10.18
TRI,2027-06,CS,5000,5000,0,1.358,6789.8,169.7457,152.77,0.9,0.1,152.77,16.97,11.516212965999781,91.66,91.66,10.18
TRI,2027-07,CS,5000,5000,0,1.352,6760.2,165.6244,149.06,0.9,0.1,149.06,16.56,11.566950912867606,91.66,91.66,10.18
TRI,2027-08,CS,5000,5000,0,1.346,6730.5,161.5327,145.38,0.9,0.1,145.38,16.15,11.605980102765935,91.66,91.66,10.18
TRI,2027-09,CS,5000,5000,0,1.34,6700.9,157.4707,141.72,0.9,0.1,141.72,15.75,11.62809664370832,91.66,91.66,10.18
TRI,2027-10,CS,5000,5000,0,1.334,6671.2,153.4383,138.09,0.9,0.1,138.09,15.34,11.565649939870996,79.53,79.53,8.84
TRI,2027-11,CS,5000,5000,0,1.328,6641.6,149.4355,134.49,0.9,0.1,134.49,14.94,11.590368426806604,79.53,79.53,8.84
TRI,2027-12,CS,5000,5000,0,1.322,6611.9,145.4625,130.92,0.9,0.1,130.92,14.55,11.609883021755767,79.53,79.53,8.84
TRI,2028-01,CS,5000,5000,0,1.316,6582.3,141.519,127.37,0.9,0.1,127.37,14.15,11.659319995626984,79.53,79.53,8.84
TRI,2028-02,CS,5000,5000,0,1.311,6552.6,137.6052,123.84,0.9,0.1,123.84,13.76,11.49669837105062,79.53,79.53,8.84
TRI,2028-03,CS,5000,5000,0,1.305,6523.0,133.7211,120.35,0.9,0.1,120.35,13.37,11.345785503443752,79.53,79.53,8.84
TRI,2028-04,CS,5000,5000,0,1.299,6493.3,129.8666,115.71,0.891,0.109,115.71,14.16,11.301552421558982,67.51,67.51,8.26
TRI,2028-05,CS,5000,5000,0,1.293,6463.7,129.2736,115.31,0.892,0.108,115.31,13.96,11.12852301300973,67.51,67.51,8.17
TRI,2028-06,CS,5000,5000,0,1.287,6434.0,128.6806,114.78,0.892,0.108,114.78,13.9,11.122018148026678,67.51,67.51,8.17
TRI,2028-07,CS,5000,5000,0,1.281,6404.4,128.0876,109.39,0.854,0.146,109.39,18.7,10.59772603039248,67.51,67.51,11.54
TRI,2028-08,CS,5000,5000,0,1.261,6304.3,126.0862,107.55,0.853,0.147,107.55,18.53,10.61593965234503,67.51,67.51,11.63
TRI,2028-09,CS,5000,5000,0,1.241,6204.2,124.0849,105.84,0.853,0.147,105.84,18.24,10.470230676724611,67.51,67.51,11.63
TRI,2028-10,CS,5000,5000,0,1.221,6104.2,122.0835,104.02,0.852,0.148,104.02,18.07,10.48584235268394,69.76,69.76,12.12
TRI,2028-11,CS,5000,5000,0,1.201,6004.1,120.0821,102.07,0.85,0.15,102.07,18.01,10.459822892751722,69.76,69.76,12.31
TRI,2028-12,CS,5000,5000,0,1.181,5904.0,118.0808,100.25,0.849,0.151,100.25,17.83,10.27118180824314,69.76,69.76,12.41
TRI,2029-01,CS,5000,5000,0,1.161,5804.0,145.0993,130.59,0.9,0.1,130.59,14.51,10.154094238548158,69.76,69.76,7.75
TRI,2029-02,CS,5000,5000,0,1.141,5703.9,140.2209,126.2,0.9,0.1,126.2,14.02,10.14108450858205,69.76,69.76,7.75
TRI,2029-03,CS,5000,5000,0,1.121,5603.8,135.426,121.88,0.9,0.1,121.88,13.54,9.991472613971794,69.76,69.76,7.75
TRI,2029-04,CS,5000,5000,0,1.101,5503.8,130.7144,116.07,0.888,0.112,116.07,14.64,11.824543566196567,66.62,66.62,8.4
TRI,2029-05,CS,5000,5000,0,1.081,5403.7,126.0862,111.71,0.886,0.114,111.71,14.37,11.9,66.62,66.62,8.57
TRI,2029-06,CS,5000,5000,0,1.061,5303.6,121.5415,106.47,0.876,0.124,106.47,15.07,11.860970810101673,66.62,66.62,9.43
TRI,2029-07,CS,5000,5000,0,1.041,5203.6,117.0801,101.51,0.867,0.133,101.51,15.57,11.71396086148464,66.62,66.62,10.22
TRI,2029-08,CS,5000,5000,0,1.021,5103.5,112.7021,96.47,0.856,0.144,96.47,16.23,11.723067672460918,66.62,66.62,11.21
TRI,2029-09,CS,5000,5000,0,1.001,5003.4,108.4075,91.6,0.845,0.155,91.6,16.8,11.69574723953209,66.62,66.62,12.22
TRI,2029-10,CS,5000,5000,0,0.981,4903.4,104.1963,86.9,0.834,0.166,86.9,17.3,11.704854050508363,52.1,52.1,10.37
TRI,2029-11,CS,5000,5000,0,0.961,4803.3,100.0684,82.46,0.824,0.176,82.46,17.61,11.566950912867606,52.1,52.1,11.13
TRI,2029-12,CS,5000,5000,0,0.941,4703.2,96.024,78.26,0.815,0.185,78.26,17.76,11.550038263911665,52.1,52.1,11.83
TRI,2030-01,CS,5000,5000,0,0.921,4603.1,92.063,74.11,0.805,0.195,74.11,17.95,11.421241937247183,52.1,52.1,12.62
TRI,2030-02,CS,5000,5000,0,0.901,4503.1,90.0616,72.05,0.8,0.2,72.05,18.01,11.284639772603038,52.1,52.1,13.02
TRI,2030-03,CS,5000,5000,0,0.881,4403.0,88.0602,70.01,0.795,0.205,70.01,18.05,11.287241718596263,52.1,52.1,13.43
TRI,2030-04,CS,5000,5000,0,0.861,4302.9,86.0589,66.87,0.777,0.223,66.87,19.19,11.458970154148902,42.0,42.0,12.05
TRI,2030-05,CS,5000,5000,0,0.841,4202.9,84.0575,65.06,0.774,0.226,65.06,19.0,11.297649502569149,42.0,42.0,12.26
TRI,2030-06,CS,5000,5000,0,0.821,4102.8,82.0561,63.18,0.77,0.23,63.18,18.87,11.28594074559965,42.0,42.0,12.55
TRI,2030-07,CS,5000,5000,0,0.801,4002.7,80.0548,61.32,0.766,0.234,61.32,18.73,11.1246200940199,42.0,42.0,12.83
TRI,2030-08,CS,5000,5000,0,0.781,3902.7,78.0534,59.55,0.763,0.237,59.55,18.5,10.919066360555375,42.0,42.0,13.05
TRI,2030-09,CS,5000,5000,0,0.761,3802.6,76.052,57.72,0.759,0.241,57.72,18.33,10.919066360555375,42.0,42.0,13.34
TRI,2030-10,CS,5000,5000,0,0.741,3702.5,74.0507,55.98,0.756,0.244,55.98,18.07,10.716114573084072,37.3,37.3,12.04
TRI,2030-11,CS,5000,5000,0,0.72,3602.5,72.0493,54.25,0.753,0.247,54.25,17.8,10.479337487700885,37.3,37.3,12.24
TRI,2030-12,CS,5000,5000,0,0.7,3502.4,70.0479,52.47,0.749,0.251,52.47,17.58,10.402580080900844,37.3,37.3,12.5
TRI,2031-01,CS,5000,5000,0,0.68,3402.3,68.0465,50.69,0.745,0.255,50.69,17.35,10.20092926642615,37.3,37.3,12.77
TRI,2031-02,CS,5000,5000,0,0.66,3302.3,66.0452,48.94,0.741,0.259,48.94,17.11,9.977161911009075,37.3,37.3,13.04
TRI,2031-03,CS,5000,5000,0,0.64,3202.2,64.0438,47.2,0.737,0.263,47.2,16.84,9.931627856127694,37.3,37.3,13.31
TRI,2031-04,CS,5000,5000,0,0.62,3102.1,62.0424,45.35,0.731,0.269,45.35,16.69,10.025297911883678,16.45,16.45,6.05
TRI,2031-05,CS,5000,5000,0,0.6,3002.1,60.0411,43.59,0.726,0.274,43.59,16.45,9.832753908385262,16.45,16.45,6.21
TRI,2031-06,CS,5000,5000,0,0.58,2902.0,58.0397,41.79,0.72,0.28,41.79,16.25,9.753394555591997,16.45,16.45,6.4
TRI,2031-07,CS,5000,5000,0,0.0,0.0,0.0,0.0,0.45,0.55,0.0,0.0,9.878287963266645,16.45,16.45,20.11
TRI,2031-08,CS,5000,5000,0,0.0,0.0,0.0,0.0,0.45,0.55,0.0,0.0,9.667530337815677,16.45,16.45,20.11
TRI,2031-09,CS,5000,5000,0,0.0,0.0,0.0,0.0,0.45,0.55,0.0,0.0,9.579064174046135,16.45,16.45,20.11
TRI,2031-10,CS,5000,5000,0,0.0,0.0,0.0,0.0,0.45,0.55,0.0,0.0,9.376112386574832,0.0,0.0,0.0
TRI,2031-11,CS,5000,5000,0,0.0,0.0,0.0,0.0,0.45,0.55,0.0,0.0,9.1692576801137,0.0,0.0,0.0
TRI,2031-12,CS,5000,5000,0,0.0,0.0,0.0,0.0,0.45,0.55,0.0,0.0,9.087296381327212,0.0,0.0,0.0
TRI,2032-01,CS,5000,5000,0,0.0,0.0,0.0,0.0,0.45,0.55,0.0,0.0,8.88434459385591,0.0,0.0,0.0
TRI,2032-02,CS,5000,5000,0,0.0,0.0,0.0,0.0,0.45,0.55,0.0,0.0,8.680091833387998,0.0,0.0,0.0
TRI,2032-03,CS,5000,5000,0,0.0,0.0,0.0,0.0,0.45,0.55,0.0,0.0,8.631955832513391,0.0,0.0,0.0
TRI,2032-04,CS,5000,5000,0,0.0,0.0,0.0,0.0,0.45,0.55,0.0,0.0,8.404285558106482,0.0,0.0,0.0
TRI,2032-05,CS,5000,5000,0,0.0,0.0,0.0,0.0,0.45,0.55,0.0,0.0,8.223450311577565,0.0,0.0,0.0
TRI,2032-06,CS,5000,5000,0,0.0,0.0,0.0,0.0,0.45,0.55,0.0,0.0,8.21304252760468,0.0,0.0,0.0
TRI,2032-07,CS,5000,5000,0,0.0,0.0,0.0,0.0,0.45,0.55,0.0,0.0,8.032207281075763,0.0,0.0,0.0
TRI,2032-08,CS,5000,5000,0,0.0,0.0,0.0,0.0,0.45,0.55,0.0,0.0,7.829255493604461,0.0,0.0,0.0
TRI,2032-09,CS,5000,5000,0,0.0,0.0,0.0,0.0,0.45,0.55,0.0,0.0,7.817546736634962,0.0,0.0,0.0
TRI,2032-10,CS,5000,5000,0,0.0,0.0,0.0,0.0,0.45,0.55,0.0,0.0,7.990576145184214,0.0,0.0,0.0
TRI,2032-11,CS,5000,5000,0,0.0,0.0,0.0,0.0,0.45,0.55,0.0,0.0,7.769410735760359,0.0,0.0,0.0
TRI,2032-12,CS,5000,5000,0,0.0,0.0,0.0,0.0,0.45,0.55,0.0,0.0,7.747294194817973,0.0,0.0,0.0
TRI,2033-01,CS,5000,5000,0,0.0,0.0,0.0,0.0,0.45,0.55,0.0,0.0,7.5274297583907295,0.0,0.0,0.0
TRI,2033-02,CS,5000,5000,0,0.0,0.0,0.0,0.0,0.45,0.55,0.0,0.0,7.501410298458512,0.0,0.0,0.0
TRI,2033-03,CS,5000,5000,0,0.0,0.0,0.0,0.0,0.45,0.55,0.0,0.0,7.278943916038046,0.0,0.0,0.0
TRI,2033-04,CS,5000,5000,0,0.0,0.0,0.0,0.0,0.45,0.55,0.0,0.0,7.656226085055208,0.0,0.0,0.0
TRI,2033-05,CS,5000,5000,0,0.0,0.0,0.0,0.0,0.45,0.55,0.0,0.0,7.4168470536788025,0.0,0.0,0.0
TRI,2033-06,CS,5000,5000,0,0.0,0.0,0.0,0.0,0.45,0.55,0.0,0.0,7.379118836777085,0.0,0.0,0.0
TRI,2033-07,CS,5000,5000,0,0.0,0.0,0.0,0.0,0.45,0.55,0.0,0.0,7.379118836777085,0.0,0.0,0.0
TRI,2033-08,CS,5000,5000,0,0.0,0.0,0.0,0.0,0.45,0.55,0.0,0.0,7.360905214824532,0.0,0.0,0.0
TRI,2033-09,CS,5000,5000,0,0.0,0.0,0.0,0.0,0.45,0.55,0.0,0.0,7.17226413031595,0.0,0.0,0.0
TRI,2033-10,CS,5000,5000,0,0.0,0.0,0.0,0.0,0.45,0.55,0.0,0.0,7.163157319339675,0.0,0.0,0.0
TRI,2033-11,CS,5000,5000,0,0.0,0.0,0.0,0.0,0.45,0.55,0.0,0.0,6.977118180824314,0.0,0.0,0.0
TRI,2033-12,CS,5000,5000,0,0.0,0.0,0.0,0.0,0.45,0.55,0.0,0.0,6.968011369848038,0.0,0.0,0.0
TRI,2034-01,CS,5000,5000,0,0.0,0.0,0.0,0.0,0.45,0.55,0.0,0.0,6.955001639881928,0.0,0.0,0.0
TRI,2034-02,CS,5000,5000,0,0.0,0.0,0.0,0.0,0.45,0.55,0.0,0.0,6.944593855909041,0.0,0.0,0.0
TRI,2034-03,CS,5000,5000,0,0.0,0.0,0.0,0.0,0.45,0.55,0.0,0.0,6.936788017929376,0.0,0.0,0.0
TRI,2034-04,CS,5000,5000,0,0.0,0.0,0.0,0.0,0.45,0.55,0.0,0.0,6.922477314966655,0.0,0.0,0.0
TRI,2034-05,CS,5000,5000,0,0.0,0.0,0.0,0.0,0.45,0.55,0.0,0.0,6.912069530993768,0.0,0.0,0.0
TRI,2034-06,CS,5000,5000,0,0.0,0.0,0.0,0.0,0.45,0.55,0.0,0.0,6.904263693014102,0.0,0.0,0.0
TRI,2034-07,CS,5000,5000,0,0.0,0.0,0.0,0.0,0.45,0.55,0.0,0.0,6.887351044058161,0.0,0.0,0.0
TRI,2034-08,CS,5000,5000,0,0.0,0.0,0.0,0.0,0.45,0.55,0.0,0.0,6.878244233081886,0.0,0.0,0.0
TRI,2034-09,CS,5000,5000,0,0.0,0.0,0.0,0.0,0.45,0.55,0.0,0.0,6.870438395102219,0.0,0.0,0.0
TRI,2034-10,CS,5000,5000,0,0.0,0.0,0.0,0.0,0.45,0.55,0.0,0.0,6.860030611129331,0.0,0.0,0.0
TRI,2034-11,CS,5000,5000,0,0.0,0.0,0.0,0.0,0.45,0.55,0.0,0.0,6.847020881163222,0.0,0.0,0.0
TRI,2034-12,CS,5000,5000,0,0.0,0.0,0.0,0.0,0.45,0.55,0.0,0.0,6.837914070186947,0.0,0.0,0.0
TRI,2035-01,CS,5000,5000,0,0.0,0.0,0.0,0.0,0.45,0.55,0.0,0.0,6.827506286214059,0.0,0.0,0.0
TRI,2035-02,CS,5000,5000,0,0.0,0.0,0.0,0.0,0.45,0.55,0.0,0.0,6.81449655624795,0.0,0.0,0.0
TRI,2035-03,CS,5000,5000,0,0.0,0.0,0.0,0.0,0.45,0.55,0.0,0.0,6.802787799278453,0.0,0.0,0.0
TRI,2035-04,CS,5000,5000,0,0.0,0.0,0.0,0.0,0.45,0.55,0.0,0.0,6.794981961298787,0.0,0.0,0.0
TRI,2035-05,CS,5000,5000,0,0.0,0.0,0.0,0.0,0.45,0.55,0.0,0.0,6.780671258336067,0.0,0.0,0.0
TRI,2035-06,CS,5000,5000,0,0.0,0.0,0.0,0.0,0.45,0.55,0.0,0.0,6.771564447359791,0.0,0.0,0.0
TRI,2035-07,CS,5000,5000,0,0.0,0.0,0.0,0.0,0.45,0.55,0.0,0.0,6.762457636383513,0.0,0.0,0.0
TRI,2035-08,CS,5000,5000,0,0.0,0.0,0.0,0.0,0.45,0.55,0.0,0.0,6.749447906417403,0.0,0.0,0.0
TRI,2035-09,CS,5000,5000,0,0.0,0.0,0.0,0.0,0.45,0.55,0.0,0.0,6.739040122444517,0.0,0.0,0.0
TRI,2035-10,CS,5000,5000,0,0.0,0.0,0.0,0.0,0.45,0.55,0.0,0.0,6.729933311468242,0.0,0.0,0.0
TRI,2035-11,CS,5000,5000,0,0.0,0.0,0.0,0.0,0.45,0.55,0.0,0.0,6.715622608505521,0.0,0.0,0.0
TRI,2035-12,CS,5000,5000,0,0.0,0.0,0.0,0.0,0.45,0.55,0.0,0.0,6.705214824532634,0.0,0.0,0.0
TRI,2036-01,CS,5000,5000,0,0.0,0.0,0.0,0.0,0.45,0.55,0.0,0.0,6.697408986552968,0.0,0.0,0.0
TRI,2036-02,CS,5000,5000,0,0.0,0.0,0.0,0.0,0.45,0.55,0.0,0.0,6.687001202580081,0.0,0.0,0.0
TRI,2036-03,CS,5000,5000,0,0.0,0.0,0.0,0.0,0.45,0.55,0.0,0.0,6.673991472613972,0.0,0.0,0.0
ENT,2026-04,CS,5000,5000,0,1.416,7082.2,141.6439,127.48,0.9,0.1,127.48,14.16,0.0,80.82,80.82,8.98
ENT,2026-05,CS,5000,5000,0,1.413,7065.6,141.3114,127.18,0.9,0.1,127.18,14.13,0.0,80.82,80.82,8.98
ENT,2026-06,CS,5000,5000,0,1.41,7048.9,140.9789,126.88,0.9,0.1,126.88,14.1,0.0,80.82,80.82,8.98
ENT,2026-07,CS,5000,5000,0,1.406,7032.3,140.6464,126.58,0.9,0.1,126.58,14.06,9.404657264676942,80.82,80.82,8.98
ENT,2026-08,CS,5000,5000,0,1.403,7015.7,140.3139,126.28,0.9,0.1,126.28,14.03,9.374745818301083,80.82,80.82,8.98
ENT,2026-09,CS,5000,5000,0,1.4,6999.1,139.9814,125.98,0.9,0.1,125.98,14.0,9.339849130862577,80.82,80.82,8.98
ENT,2026-10,CS,5000,5000,0,1.396,6982.4,139.6489,125.68,0.9,0.1,125.68,13.96,9.28750409970482,78.36,78.36,8.71
ENT,2026-11,CS,5000,5000,0,1.393,6965.8,139.3164,125.38,0.9,0.1,125.38,13.93,9.238897999344047,78.36,78.36,8.71
ENT,2026-12,CS,5000,5000,0,1.39,6949.2,138.9839,125.09,0.9,0.1,125.09,13.9,9.1990160708429,78.36,78.36,8.71
ENT,2027-01,CS,5000,5000,0,1.387,6932.6,138.6514,124.79,0.9,0.1,124.79,13.87,9.125483765168909,78.36,78.36,8.71
ENT,2027-02,CS,5000,5000,0,1.383,6915.9,138.3189,124.49,0.9,0.1,124.49,13.83,9.045719908166612,78.36,78.36,8.71
ENT,2027-03,CS,5000,5000,0,1.38,6899.3,137.9865,124.19,0.9,0.1,124.19,13.8,8.949754017710726,78.36,78.36,8.71
ENT,2027-04,CS,5000,5000,0,1.377,6882.7,137.654,121.96,0.886,0.114,121.96,15.69,10.92889471958019,72.96,72.96,9.39
ENT,2027-05,CS,5000,5000,0,1.373,6866.1,137.3215,121.94,0.888,0.112,121.94,15.38,10.98373237126927,72.96,72.96,9.2
ENT,2027-06,CS,5000,5000,0,1.37,6849.4,136.989,121.92,0.89,0.11,121.92,15.07,11.032338471630043,72.96,72.96,9.02
ENT,2027-07,CS,5000,5000,0,1.367,6832.8,136.6565,121.9,0.892,0.108,121.9,14.76,11.080944571990816,72.96,72.96,8.83
ENT,2027-08,CS,5000,5000,0,1.363,6816.2,136.324,122.01,0.895,0.105,122.01,14.31,11.118333879960645,72.96,72.96,8.56
ENT,2027-09,CS,5000,5000,0,1.36,6799.6,135.9915,121.98,0.897,0.103,121.98,14.01,11.139521154476878,72.96,72.96,8.38
ENT,2027-10,CS,5000,5000,0,1.357,6782.9,135.659,120.74,0.89,0.11,120.74,14.92,11.079698261725156,74.29,74.29,9.18
ENT,2027-11,CS,5000,5000,0,1.353,6766.3,135.3265,120.85,0.893,0.107,120.85,14.48,11.103378156772713,74.29,74.29,8.9
ENT,2027-12,CS,5000,5000,0,1.35,6749.7,134.994,120.95,0.896,0.104,120.95,14.04,11.122072810757626,74.29,74.29,8.62
ENT,2028-01,CS,5000,5000,0,1.347,6733.1,134.6615,121.06,0.899,0.101,121.06,13.6,11.16943260085274,74.29,74.29,8.35
ENT,2028-02,CS,5000,5000,0,1.343,6716.4,134.329,120.9,0.9,0.1,120.9,13.43,11.01364381764513,74.29,74.29,8.25
ENT,2028-03,CS,5000,5000,0,1.34,6699.8,133.9965,120.6,0.9,0.1,120.6,13.4,10.869071826828469,74.29,74.29,8.25
ENT,2028-04,CS,5000,5000,0,1.337,6683.2,133.664,120.3,0.9,0.1,120.3,13.37,10.826697277796,84.06,84.06,9.34
ENT,2028-05,CS,5000,5000,0,1.333,6666.6,133.3315,120.0,0.9,0.1,120.0,13.33,10.660938012463102,84.06,84.06,9.34
ENT,2028-06,CS,5000,5000,0,1.33,6649.9,132.999,119.7,0.9,0.1,119.7,13.3,10.6547064611348,84.06,84.06,9.34
ENT,2028-07,CS,5000,5000,0,1.327,6633.3,172.4664,155.22,0.9,0.1,155.22,17.25,10.152443424073468,84.06,84.06,9.34
ENT,2028-08,CS,5000,5000,0,1.323,6616.7,169.8286,152.85,0.9,0.1,152.85,16.98,10.169891767792718,84.06,84.06,9.34
ENT,2028-09,CS,5000,5000,0,1.32,6600.1,167.2019,150.48,0.9,0.1,150.48,16.72,10.030305018038703,84.06,84.06,9.34
ENT,2028-10,CS,5000,5000,0,1.317,6583.4,164.5862,148.13,0.9,0.1,148.13,16.46,10.045260741226631,89.0,89.0,9.89
ENT,2028-11,CS,5000,5000,0,1.313,6566.8,161.9817,145.78,0.9,0.1,145.78,16.2,10.020334535913415,89.0,89.0,9.89
ENT,2028-12,CS,5000,5000,0,1.31,6550.2,159.3882,143.45,0.9,0.1,143.45,15.94,9.839619547392589,89.0,89.0,9.89
ENT,2029-01,CS,5000,5000,0,1.307,6533.6,156.8058,141.13,0.9,0.1,141.13,15.68,9.727451623483109,89.0,89.0,9.89
ENT,2029-02,CS,5000,5000,0,1.303,6517.0,154.2345,138.81,0.9,0.1,138.81,15.42,9.714988520826502,89.0,89.0,9.89
ENT,2029-03,CS,5000,5000,0,1.3,6500.3,151.6743,136.51,0.9,0.1,136.51,15.17,9.5716628402755,89.0,89.0,9.89
ENT,2029-04,CS,5000,5000,0,1.297,6483.7,149.1251,134.21,0.9,0.1,134.21,14.91,11.32771400459167,84.87,84.87,9.43
ENT,2029-05,CS,5000,5000,0,1.293,6467.1,146.5871,131.93,0.9,0.1,131.93,14.66,11.4,84.87,84.87,9.43
ENT,2029-06,CS,5000,5000,0,1.29,6450.5,144.0601,129.65,0.9,0.1,129.65,14.41,11.362610692030175,84.87,84.87,9.43
ENT,2029-07,CS,5000,5000,0,1.287,6433.8,141.5442,127.39,0.9,0.1,127.39,14.15,11.221777632010495,84.87,84.87,9.43
ENT,2029-08,CS,5000,5000,0,1.283,6417.2,139.0394,125.14,0.9,0.1,125.14,13.9,11.230501803870123,84.87,84.87,9.43
ENT,2029-09,CS,5000,5000,0,1.28,6400.6,136.5456,122.89,0.9,0.1,122.89,13.65,11.204329288291245,84.87,84.87,9.43
ENT,2029-10,CS,5000,5000,0,1.277,6384.0,134.063,120.66,0.9,0.1,120.66,13.41,11.213053460150869,80.26,80.26,8.92
ENT,2029-11,CS,5000,5000,0,1.257,6284.2,129.8735,116.89,0.9,0.1,116.89,12.99,11.080944571990816,80.26,80.26,8.92
ENT,2029-12,CS,5000,5000,0,1.237,6184.5,125.7505,113.18,0.9,0.1,113.18,12.58,11.064742538537226,80.26,80.26,8.92
ENT,2030-01,CS,5000,5000,0,1.217,6084.7,121.6941,109.52,0.9,0.1,109.52,12.17,10.941357822236798,80.26,80.26,8.92
ENT,2030-02,CS,5000,5000,0,1.197,5985.0,119.6991,107.73,0.9,0.1,107.73,11.97,10.810495244342407,80.26,80.26,8.92
ENT,2030-03,CS,5000,5000,0,1.177,5885.2,117.7041,105.93,0.9,0.1,105.93,11.77,10.812987864873731,80.26,80.26,8.92
ENT,2030-04,CS,5000,5000,0,1.157,5785.5,138.8509,124.97,0.9,0.1,124.97,13.89,10.977500819940964,86.13,86.13,9.57
ENT,2030-05,CS,5000,5000,0,1.137,5685.7,134.5617,121.11,0.9,0.1,121.11,13.46,10.822958346999016,86.13,86.13,9.57
ENT,2030-06,CS,5000,5000,0,1.117,5586.0,130.339,117.31,0.9,0.1,117.31,13.03,10.811741554608068,86.13,86.13,9.57
ENT,2030-07,CS,5000,5000,0,1.097,5486.2,126.1828,113.56,0.9,0.1,113.56,12.62,10.657199081666121,86.13,86.13,9.57
ENT,2030-08,CS,5000,5000,0,1.077,5386.5,122.0931,109.88,0.9,0.1,109.88,12.21,10.460282059691703,86.13,86.13,9.57
ENT,2030-09,CS,5000,5000,0,1.057,5286.7,118.0699,106.26,0.9,0.1,106.26,11.81,10.460282059691703,86.13,86.13,9.57
ENT,2030-10,CS,5000,5000,0,1.037,5187.0,114.1131,102.7,0.9,0.1,102.7,11.41,10.265857658248606,75.5,75.5,8.39
ENT,2030-11,CS,5000,5000,0,1.017,5087.2,110.2229,99.2,0.9,0.1,99.2,11.02,10.039029189898327,75.5,75.5,8.39
ENT,2030-12,CS,5000,5000,0,0.997,4987.5,106.3992,95.76,0.9,0.1,95.76,10.64,9.965496884224338,75.5,75.5,8.39
ENT,2031-01,CS,5000,5000,0,0.978,4887.7,102.642,91.86,0.895,0.105,91.86,10.78,9.772318793046901,75.5,75.5,8.86
ENT,2031-02,CS,5000,5000,0,0.958,4788.0,98.9512,87.77,0.887,0.113,87.77,11.18,9.557953427353231,75.5,75.5,9.62
ENT,2031-03,CS,5000,5000,0,0.938,4688.2,95.327,83.6,0.877,0.123,83.6,11.73,9.514332568055101,75.5,75.5,10.59
ENT,2031-04,CS,5000,5000,0,0.918,4588.5,91.7693,79.47,0.866,0.134,79.47,12.3,9.604066907182684,68.44,68.44,10.59
ENT,2031-05,CS,5000,5000,0,0.898,4488.7,89.7743,77.39,0.862,0.138,77.39,12.39,9.419612987864873,68.44,68.44,10.96
ENT,2031-06,CS,5000,5000,0,0.878,4389.0,87.7793,75.4,0.859,0.141,75.4,12.38,9.34358806165956,68.44,68.44,11.23
ENT,2031-07,CS,5000,5000,0,0.858,4289.2,85.7843,76.95,0.897,0.103,76.95,8.84,9.463233847163005,68.44,68.44,7.86
ENT,2031-08,CS,5000,5000,0,0.838,4189.5,83.7894,74.82,0.893,0.107,74.82,8.97,9.261331584125944,68.44,68.44,8.2
ENT,2031-09,CS,5000,5000,0,0.818,4089.7,81.7944,72.55,0.887,0.113,72.55,9.24,9.176582486061005,68.44,68.44,8.72
ENT,2031-10,CS,5000,5000,0,0.798,3990.0,79.7994,70.38,0.882,0.118,70.38,9.42,8.982158084617906,64.06,64.06,8.57
ENT,2031-11,CS,5000,5000,0,0.778,3890.2,77.8044,68.23,0.877,0.123,68.23,9.57,8.783994752377831,64.06,64.06,8.98
ENT,2031-12,CS,5000,5000,0,0.758,3790.5,75.8094,65.95,0.87,0.13,65.95,9.86,8.705477205641195,64.06,64.06,9.57
ENT,2032-01,CS,5000,5000,0,0.738,3690.7,73.8144,63.85,0.865,0.135,63.85,9.96,8.5110528041981,64.06,64.06,10.0
ENT,2032-02,CS,5000,5000,0,0.718,3591.0,71.8195,61.69,0.859,0.141,61.69,10.13,8.315382092489342,64.06,64.06,10.52
ENT,2032-03,CS,5000,5000,0,0.698,3491.2,69.8245,59.49,0.852,0.148,59.49,10.33,8.269268612659888,64.06,64.06,11.13
ENT,2032-04,CS,5000,5000,0,0.678,3391.5,67.8295,57.45,0.847,0.153,57.45,10.38,8.051164316169235,54.42,54.42,9.83
ENT,2032-05,CS,5000,5000,0,0.658,3291.7,65.8345,55.3,0.84,0.16,55.3,10.53,7.877927189242374,54.42,54.42,10.37
ENT,2032-06,CS,5000,5000,0,0.638,3192.0,63.8395,53.11,0.832,0.168,53.11,10.73,7.867956707117088,54.42,54.42,10.99
ENT,2032-07,CS,5000,5000,0,0.618,3092.2,61.8445,51.08,0.826,0.174,51.08,10.76,7.694719580190227,54.42,54.42,11.46
ENT,2032-08,CS,5000,5000,0,0.598,2992.5,59.8495,49.02,0.819,0.181,49.02,10.83,7.500295178747131,54.42,54.42,12.03
ENT,2032-09,CS,5000,5000,0,0.579,2892.7,57.8546,46.92,0.811,0.189,46.92,10.93,7.489078386356182,54.42,54.42,12.68
ENT,2032-10,CS,5000,5000,0,0.0,0.0,0.0,0.0,0.45,0.55,0.0,0.0,7.654837651689078,0.0,0.0,0.0
ENT,2032-11,CS,5000,5000,0,0.0,0.0,0.0,0.0,0.45,0.55,0.0,0.0,7.442964906526731,0.0,0.0,0.0
ENT,2032-12,CS,5000,5000,0,0.0,0.0,0.0,0.0,0.45,0.55,0.0,0.0,7.421777632010496,0.0,0.0,0.0
ENT,2033-01,CS,5000,5000,0,0.0,0.0,0.0,0.0,0.45,0.55,0.0,0.0,7.211151197113808,0.0,0.0,0.0
ENT,2033-02,CS,5000,5000,0,0.0,0.0,0.0,0.0,0.45,0.55,0.0,0.0,7.186224991800591,0.0,0.0,0.0
ENT,2033-03,CS,5000,5000,0,0.0,0.0,0.0,0.0,0.45,0.55,0.0,0.0,6.973105936372582,0.0,0.0,0.0
ENT,2033-04,CS,5000,5000,0,0.0,0.0,0.0,0.0,0.45,0.55,0.0,0.0,7.334535913414233,0.0,0.0,0.0
ENT,2033-05,CS,5000,5000,0,0.0,0.0,0.0,0.0,0.45,0.55,0.0,0.0,7.105214824532634,0.0,0.0,0.0
ENT,2033-06,CS,5000,5000,0,0.0,0.0,0.0,0.0,0.45,0.55,0.0,0.0,7.069071826828468,0.0,0.0,0.0
ENT,2033-07,CS,5000,5000,0,0.0,0.0,0.0,0.0,0.45,0.55,0.0,0.0,7.069071826828468,0.0,0.0,0.0
ENT,2033-08,CS,5000,5000,0,0.0,0.0,0.0,0.0,0.45,0.55,0.0,0.0,7.051623483109216,0.0,0.0,0.0
ENT,2033-09,CS,5000,5000,0,0.0,0.0,0.0,0.0,0.45,0.55,0.0,0.0,6.870908494588389,0.0,0.0,0.0
ENT,2033-10,CS,5000,5000,0,0.0,0.0,0.0,0.0,0.45,0.55,0.0,0.0,6.862184322728765,0.0,0.0,0.0
ENT,2033-11,CS,5000,5000,0,0.0,0.0,0.0,0.0,0.45,0.55,0.0,0.0,6.683961954739259,0.0,0.0,0.0
ENT,2033-12,CS,5000,5000,0,0.0,0.0,0.0,0.0,0.45,0.55,0.0,0.0,6.675237782879633,0.0,0.0,0.0
ENT,2034-01,CS,5000,5000,0,0.0,0.0,0.0,0.0,0.45,0.55,0.0,0.0,6.662774680223024,0.0,0.0,0.0
ENT,2034-02,CS,5000,5000,0,0.0,0.0,0.0,0.0,0.45,0.55,0.0,0.0,6.652804198097736,0.0,0.0,0.0
ENT,2034-03,CS,5000,5000,0,0.0,0.0,0.0,0.0,0.45,0.55,0.0,0.0,6.645326336503772,0.0,0.0,0.0
ENT,2034-04,CS,5000,5000,0,0.0,0.0,0.0,0.0,0.45,0.55,0.0,0.0,6.631616923581501,0.0,0.0,0.0
ENT,2034-05,CS,5000,5000,0,0.0,0.0,0.0,0.0,0.45,0.55,0.0,0.0,6.621646441456214,0.0,0.0,0.0
ENT,2034-06,CS,5000,5000,0,0.0,0.0,0.0,0.0,0.45,0.55,0.0,0.0,6.61416857986225,0.0,0.0,0.0
ENT,2034-07,CS,5000,5000,0,0.0,0.0,0.0,0.0,0.45,0.55,0.0,0.0,6.597966546408659,0.0,0.0,0.0
ENT,2034-08,CS,5000,5000,0,0.0,0.0,0.0,0.0,0.45,0.55,0.0,0.0,6.589242374549033,0.0,0.0,0.0
ENT,2034-09,CS,5000,5000,0,0.0,0.0,0.0,0.0,0.45,0.55,0.0,0.0,6.5817645129550675,0.0,0.0,0.0
ENT,2034-10,CS,5000,5000,0,0.0,0.0,0.0,0.0,0.45,0.55,0.0,0.0,6.57179403082978,0.0,0.0,0.0
ENT,2034-11,CS,5000,5000,0,0.0,0.0,0.0,0.0,0.45,0.55,0.0,0.0,6.559330928173171,0.0,0.0,0.0
ENT,2034-12,CS,5000,5000,0,0.0,0.0,0.0,0.0,0.45,0.55,0.0,0.0,6.550606756313546,0.0,0.0,0.0
ENT,2035-01,CS,5000,5000,0,0.0,0.0,0.0,0.0,0.45,0.55,0.0,0.0,6.540636274188259,0.0,0.0,0.0
ENT,2035-02,CS,5000,5000,0,0.0,0.0,0.0,0.0,0.45,0.55,0.0,0.0,6.52817317153165,0.0,0.0,0.0
ENT,2035-03,CS,5000,5000,0,0.0,0.0,0.0,0.0,0.45,0.55,0.0,0.0,6.516956379140702,0.0,0.0,0.0
ENT,2035-04,CS,5000,5000,0,0.0,0.0,0.0,0.0,0.45,0.55,0.0,0.0,6.509478517546738,0.0,0.0,0.0
ENT,2035-05,CS,5000,5000,0,0.0,0.0,0.0,0.0,0.45,0.55,0.0,0.0,6.495769104624467,0.0,0.0,0.0
ENT,2035-06,CS,5000,5000,0,0.0,0.0,0.0,0.0,0.45,0.55,0.0,0.0,6.487044932764841,0.0,0.0,0.0
ENT,2035-07,CS,5000,5000,0,0.0,0.0,0.0,0.0,0.45,0.55,0.0,0.0,6.4783207609052145,0.0,0.0,0.0
ENT,2035-08,CS,5000,5000,0,0.0,0.0,0.0,0.0,0.45,0.55,0.0,0.0,6.465857658248606,0.0,0.0,0.0
ENT,2035-09,CS,5000,5000,0,0.0,0.0,0.0,0.0,0.45,0.55,0.0,0.0,6.455887176123319,0.0,0.0,0.0
ENT,2035-10,CS,5000,5000,0,0.0,0.0,0.0,0.0,0.45,0.55,0.0,0.0,6.447163004263694,0.0,0.0,0.0
ENT,2035-11,CS,5000,5000,0,0.0,0.0,0.0,0.0,0.45,0.55,0.0,0.0,6.433453591341424,0.0,0.0,0.0
ENT,2035-12,CS,5000,5000,0,0.0,0.0,0.0,0.0,0.45,0.55,0.0,0.0,6.423483109216137,0.0,0.0,0.0
ENT,2036-01,CS,5000,5000,0,0.0,0.0,0.0,0.0,0.45,0.55,0.0,0.0,6.416005247622171,0.0,0.0,0.0
ENT,2036-02,CS,5000,5000,0,0.0,0.0,0.0,0.0,0.45,0.55,0.0,0.0,6.4060347654968846,0.0,0.0,0.0
ENT,2036-03,CS,5000,5000,0,0.0,0.0,0.0,0.0,0.45,0.55,0.0,0.0,6.393571662840276,0.0,0.0,0.0
OVE,2026-04,CS,0,0,0,1.063,0.0,0.0,0.0,0.45,0.55,0.0,0.0,0.0,25.18,25.18,30.78
OVE,2026-05,CS,0,0,0,1.082,0.0,0.0,0.0,0.45,0.55,0.0,0.0,0.0,25.18,25.18,30.78
OVE,2026-06,CS,0,0,0,1.102,0.0,0.0,0.0,0.45,0.55,0.0,0.0,0.0,25.18,25.18,30.78
OVE,2026-07,CS,4330,4330,0,1.121,4855.6,97.1128,75.46,0.777,0.223,75.46,21.66,0.0,25.18,25.18,7.23
OVE,2026-08,CS,4243,4243,0,1.141,4840.7,96.8136,75.22,0.777,0.223,75.22,21.59,0.0,25.18,25.18,7.23
OVE,2026-09,CS,4156,4156,0,1.16,4822.3,96.4468,74.94,0.777,0.223,74.94,21.51,0.0,25.18,25.18,7.23
OVE,2026-10,CS,4070,4070,0,1.18,4801.8,96.0358,74.52,0.776,0.224,74.52,21.51,0.0,49.63,49.63,14.33
OVE,2026-11,CS,3983,3983,0,1.199,4776.7,95.5338,74.13,0.776,0.224,74.13,21.4,0.0,49.63,49.63,14.33
OVE,2026-12,CS,3897,3897,0,1.219,4749.4,94.9884,73.81,0.777,0.223,73.81,21.18,0.0,49.63,49.63,14.24
OVE,2027-01,CS,3810,3810,0,1.238,4717.6,94.3513,73.22,0.776,0.224,73.22,21.13,0.0,49.63,49.63,14.33
OVE,2027-02,CS,3723,3723,0,1.258,4682.3,93.6465,72.58,0.775,0.225,72.58,21.07,0.0,49.63,49.63,14.41
OVE,2027-03,CS,3637,3637,0,1.277,4645.0,92.8994,71.81,0.773,0.227,71.81,21.09,0.0,49.63,49.63,14.57
OVE,2027-04,CS,3593,3593,0,1.297,4658.7,93.1746,69.42,0.745,0.255,69.42,23.76,0.0,46.39,46.39,15.88
OVE,2027-05,CS,3550,3550,0,1.316,4672.1,93.4418,69.89,0.748,0.252,69.89,23.55,0.0,46.39,46.39,15.63
OVE,2027-06,CS,3507,3507,0,1.336,4683.8,93.6755,70.35,0.751,0.249,70.35,23.33,0.0,46.39,46.39,15.38
OVE,2027-07,CS,3464,3464,0,1.355,4693.8,93.8757,70.78,0.754,0.246,70.78,23.09,0.0,46.39,46.39,15.14
OVE,2027-08,CS,3420,3420,0,1.374,4700.7,94.0149,71.17,0.757,0.243,71.17,22.85,0.0,46.39,46.39,14.89
OVE,2027-09,CS,3377,3377,0,1.394,4707.4,94.1478,71.46,0.759,0.241,71.46,22.69,0.0,46.39,46.39,14.73
OVE,2027-10,CS,3334,3334,0,1.413,4712.4,94.2471,71.16,0.755,0.245,71.16,23.09,0.0,48.1,48.1,15.61
OVE,2027-11,CS,3290,3290,0,1.433,4714.2,94.2844,71.47,0.758,0.242,71.47,22.82,0.0,48.1,48.1,15.36
OVE,2027-12,CS,3247,3247,0,1.452,4715.8,94.3164,71.77,0.761,0.239,71.77,22.54,0.0,48.1,48.1,15.11
OVE,2028-01,CS,3204,3204,0,1.472,4715.7,94.3149,72.06,0.764,0.236,72.06,22.26,0.0,48.1,48.1,14.86
OVE,2028-02,CS,3160,3160,0,1.468,4638.7,92.7736,70.69,0.762,0.238,70.69,22.08,0.0,48.1,48.1,15.02
OVE,2028-03,CS,3117,3117,0,1.464,4563.4,91.2684,69.46,0.761,0.239,69.46,21.81,0.0,48.1,48.1,15.11
OVE,2028-04,CS,3117,3117,0,1.46,4551.3,91.0257,69.09,0.759,0.241,69.09,21.94,0.0,44.18,44.18,14.03
OVE,2028-05,CS,3074,3074,0,1.456,4476.5,89.5306,67.69,0.756,0.244,67.69,21.85,0.0,44.18,44.18,14.26
OVE,2028-06,CS,3074,3074,0,1.452,4464.6,89.2912,67.59,0.757,0.243,67.59,21.7,0.0,44.18,44.18,14.18
OVE,2028-07,CS,3031,3031,0,1.448,4390.3,87.8061,63.84,0.727,0.273,63.84,23.97,0.0,44.18,44.18,16.59
OVE,2028-08,CS,3031,3031,0,1.445,4378.5,87.5701,63.93,0.73,0.27,63.93,23.64,0.0,44.18,44.18,16.34
OVE,2028-09,CS,2987,2987,0,1.441,4303.3,86.0662,62.74,0.729,0.271,62.74,23.32,0.0,44.18,44.18,16.42
OVE,2028-10,CS,2987,2987,0,1.437,4291.7,85.8336,62.83,0.732,0.268,62.83,23.0,0.0,41.4,41.4,15.16
OVE,2028-11,CS,2987,2987,0,1.433,4280.1,85.601,62.92,0.735,0.265,62.92,22.68,0.0,41.4,41.4,14.93
OVE,2028-12,CS,2944,2944,0,1.429,4207.0,84.1395,61.76,0.734,0.266,61.76,22.38,0.0,41.4,41.4,15.0
OVE,2029-01,CS,2944,2944,0,1.425,4195.5,83.9102,61.0,0.727,0.273,61.0,22.91,0.0,41.4,41.4,15.55
OVE,2029-02,CS,2944,2944,0,1.421,4184.0,83.681,61.17,0.731,0.269,61.17,22.51,0.0,41.4,41.4,15.23
OVE,2029-03,CS,2901,2901,0,1.417,4111.6,82.2328,60.03,0.73,0.27,60.03,22.2,0.0,41.4,41.4,15.31
OVE,2029-04,CS,2901,2901,0,1.413,4100.3,82.0069,59.45,0.725,0.275,59.45,22.55,0.0,43.05,43.05,16.33
OVE,2029-05,CS,2901,2901,0,1.41,4089.0,81.781,59.95,0.733,0.267,59.95,21.84,0.0,43.05,43.05,15.68
OVE,2029-06,CS,2901,2901,0,1.406,4077.8,81.5551,60.02,0.736,0.264,60.02,21.53,0.0,43.05,43.05,15.44
OVE,2029-07,CS,2857,2857,0,1.402,4004.8,80.0956,58.87,0.735,0.265,58.87,21.23,0.0,43.05,43.05,15.52
OVE,2029-08,CS,2857,2857,0,1.4,4000.0,80.0003,59.04,0.738,0.262,59.04,20.96,0.0,43.05,43.05,15.28
OVE,2029-09,CS,2857,2857,0,1.398,3995.2,79.9049,59.21,0.741,0.259,59.21,20.7,0.0,43.05,43.05,15.05
OVE,2029-10,CS,2857,2857,0,1.397,3990.5,79.8095,59.38,0.744,0.256,59.38,20.43,0.0,45.85,45.85,15.78
OVE,2029-11,CS,2814,2814,0,1.395,3925.7,78.5144,58.41,0.744,0.256,58.41,20.1,0.0,45.85,45.85,15.78
OVE,2029-12,CS,2814,2814,0,1.393,3921.0,78.4205,58.66,0.748,0.252,58.66,19.76,0.0,45.85,45.85,15.45
OVE,2030-01,CS,2771,2771,0,1.392,3856.5,77.1297,57.62,0.747,0.253,57.62,19.51,0.0,45.85,45.85,15.53
OVE,2030-02,CS,2727,2727,0,1.39,3790.7,75.814,56.48,0.745,0.255,56.48,19.33,0.0,45.85,45.85,15.69
OVE,2030-03,CS,2727,2727,0,1.388,3786.1,75.723,56.49,0.746,0.254,56.49,19.23,0.0,45.85,45.85,15.61
OVE,2030-04,CS,2684,2684,0,1.387,3722.0,74.4394,54.56,0.733,0.267,54.56,19.88,0.0,43.6,43.6,15.88
OVE,2030-05,CS,2641,2641,0,1.385,3657.9,73.1586,53.55,0.732,0.268,53.55,19.61,0.0,43.6,43.6,15.96
OVE,2030-06,CS,2641,2641,0,1.383,3653.5,73.0705,53.71,0.735,0.265,53.71,19.36,0.0,43.6,43.6,15.72
OVE,2030-07,CS,2598,2598,0,1.382,3589.7,71.7941,52.7,0.734,0.266,52.7,19.1,0.0,43.6,43.6,15.8
OVE,2030-08,CS,2554,2554,0,1.38,3524.6,70.4929,51.67,0.733,0.267,51.67,18.82,0.0,43.6,43.6,15.88
OVE,2030-09,CS,2554,2554,0,1.378,3520.4,70.4077,51.89,0.737,0.263,51.89,18.52,0.0,43.6,43.6,15.56
OVE,2030-10,CS,2511,2511,0,1.377,3456.9,69.1385,50.89,0.736,0.264,50.89,18.25,0.0,44.68,44.68,16.03
OVE,2030-11,CS,2468,2468,0,1.375,3393.6,67.8721,49.89,0.735,0.265,49.89,17.99,0.0,44.68,44.68,16.11
OVE,2030-12,CS,2468,2468,0,1.373,3389.5,67.7898,50.1,0.739,0.261,50.1,17.69,0.0,44.68,44.68,15.78
OVE,2031-01,CS,2424,2424,0,1.372,3325.0,66.5003,49.08,0.738,0.262,49.08,17.42,0.0,44.68,44.68,15.86
OVE,2031-02,CS,2381,2381,0,1.37,3262.1,65.2412,48.15,0.738,0.262,48.15,17.09,0.0,44.68,44.68,15.86
OVE,2031-03,CS,2381,2381,0,1.368,3258.1,65.1617,48.35,0.742,0.258,48.35,16.81,0.0,44.68,44.68,15.54
OVE,2031-04,CS,2338,2338,0,1.367,3195.3,63.9069,47.23,0.739,0.261,47.23,16.68,0.0,47.79,47.79,16.88
OVE,2031-05,CS,2294,2294,0,1.365,3131.4,62.6276,46.22,0.738,0.262,46.22,16.41,0.0,47.79,47.79,16.97
OVE,2031-06,CS,2294,2294,0,1.363,3127.6,62.5511,46.35,0.741,0.259,46.35,16.2,0.0,47.79,47.79,16.7
OVE,2031-07,CS,2251,2251,0,1.362,3065.2,61.3034,47.2,0.77,0.23,47.2,14.1,0.0,47.79,47.79,14.27
OVE,2031-08,CS,2208,2208,0,1.36,3002.9,60.0587,46.07,0.767,0.233,46.07,13.99,0.0,47.79,47.79,14.52
OVE,2031-09,CS,2208,2208,0,1.358,2999.2,59.985,46.19,0.77,0.23,46.19,13.8,0.0,47.79,47.79,14.27
OVE,2031-10,CS,2165,2165,0,1.357,2937.2,58.7446,45.12,0.768,0.232,45.12,13.63,0.0,49.34,49.34,14.9
OVE,2031-11,CS,2121,2121,0,1.355,2874.0,57.4799,43.97,0.765,0.235,43.97,13.51,0.0,49.34,49.34,15.16
OVE,2031-12,CS,2121,2121,0,1.353,2870.5,57.4091,44.09,0.768,0.232,44.09,13.32,0.0,49.34,49.34,14.9
OVE,2032-01,CS,2078,2078,0,1.352,2808.8,56.1759,43.03,0.766,0.234,43.03,13.15,0.0,49.34,49.34,15.07
OVE,2032-02,CS,2035,2035,0,1.35,2747.3,54.9455,41.92,0.763,0.237,41.92,13.02,0.0,49.34,49.34,15.33
OVE,2032-03,CS,2035,2035,0,1.348,2743.9,54.8776,42.04,0.766,0.234,42.04,12.84,0.0,49.34,49.34,15.07
OVE,2032-04,CS,1991,1991,0,1.347,2681.2,53.6246,40.97,0.764,0.236,40.97,12.66,0.0,48.12,48.12,14.86
OVE,2032-05,CS,1948,1948,0,1.345,2620.1,52.4014,39.83,0.76,0.24,39.83,12.58,0.0,48.12,48.12,15.2
OVE,2032-06,CS,1948,1948,0,1.343,2616.8,52.3364,39.99,0.764,0.236,39.99,12.35,0.0,48.12,48.12,14.86
OVE,2032-07,CS,1905,1905,0,1.342,2555.9,51.1176,38.85,0.76,0.24,38.85,12.27,0.0,48.12,48.12,15.2
OVE,2032-08,CS,1861,1861,0,1.34,2493.7,49.8748,37.76,0.757,0.243,37.76,12.12,0.0,48.12,48.12,15.45
OVE,2032-09,CS,1861,1861,0,1.338,2490.6,49.8127,37.91,0.761,0.239,37.91,11.91,0.0,48.12,48.12,15.11
OVE,2032-10,CS,1818,1818,0,1.337,2430.1,48.601,39.22,0.807,0.193,39.22,9.38,0.0,54.38,54.38,13.01
OVE,2032-11,CS,1775,1775,0,1.335,2369.6,47.3923,38.01,0.802,0.198,38.01,9.38,0.0,54.38,54.38,13.43
OVE,2032-12,CS,1775,1775,0,1.333,2366.7,47.333,38.1,0.805,0.195,38.1,9.23,0.0,54.38,54.38,13.17
OVE,2033-01,CS,1732,1732,0,1.332,2306.4,46.1286,36.9,0.8,0.2,36.9,9.23,0.0,54.38,54.38,13.6
OVE,2033-02,CS,1732,1732,0,1.33,2303.5,46.0708,36.95,0.802,0.198,36.95,9.12,0.0,54.38,54.38,13.43
OVE,2033-03,CS,1688,1688,0,1.328,2242.2,44.844,35.74,0.797,0.203,35.74,9.1,0.0,54.38,54.38,13.85
OVE,2033-04,CS,1688,1688,0,1.327,2239.4,44.7877,38.16,0.852,0.148,38.16,6.63,0.0,59.41,59.41,10.32
OVE,2033-05,CS,1645,1645,0,1.325,2179.6,43.5919,36.84,0.845,0.155,36.84,6.76,0.0,59.41,59.41,10.9
OVE,2033-06,CS,1645,1645,0,1.323,2176.8,43.537,36.83,0.846,0.154,36.83,6.7,0.0,59.41,59.41,10.81
OVE,2033-07,CS,1602,1602,0,1.322,2117.3,42.3455,36.71,0.867,0.133,36.71,5.63,0.0,59.41,59.41,9.11
OVE,2033-08,CS,1602,1602,0,1.32,2114.6,42.292,36.62,0.866,0.134,36.62,5.67,0.0,59.41,59.41,9.19
OVE,2033-09,CS,1558,1558,0,1.318,2053.9,41.0784,35.16,0.856,0.144,35.16,5.92,0.0,59.41,59.41,9.99
OVE,2033-10,CS,1558,1558,0,1.317,2051.3,41.0264,35.12,0.856,0.144,35.12,5.91,0.0,56.37,56.37,9.48
OVE,2033-11,CS,1515,1515,0,1.315,1992.2,39.8435,33.71,0.846,0.154,33.71,6.14,0.0,56.37,56.37,10.26
OVE,2033-12,CS,1515,1515,0,1.313,1989.6,39.793,33.66,0.846,0.154,33.66,6.13,0.0,56.37,56.37,10.26
OVE,2034-01,CS,1515,1515,0,1.312,1987.1,39.7424,33.58,0.845,0.155,33.58,6.16,0.0,56.37,56.37,10.34
OVE,2034-02,CS,1515,1515,0,1.31,1984.6,39.6919,33.54,0.845,0.155,33.54,6.15,0.0,56.37,56.37,10.34
OVE,2034-03,CS,1515,1515,0,1.308,1982.1,39.6413,33.5,0.845,0.155,33.5,6.14,0.0,56.37,56.37,10.34
OVE,2034-04,CS,1515,1515,0,1.307,1979.5,39.5907,33.41,0.844,0.156,33.41,6.18,0.0,55.63,55.63,10.28
OVE,2034-05,CS,1515,1515,0,1.305,1977.0,39.5402,33.37,0.844,0.156,33.37,6.17,0.0,55.63,55.63,10.28
OVE,2034-06,CS,1515,1515,0,1.303,1974.5,39.4896,33.33,0.844,0.156,33.33,6.16,0.0,55.63,55.63,10.28
OVE,2034-07,CS,1515,1515,0,1.302,1972.0,39.439,33.25,0.843,0.157,33.25,6.19,0.0,55.63,55.63,10.36
OVE,2034-08,CS,1515,1515,0,1.3,1969.4,39.3885,33.2,0.843,0.157,33.2,6.18,0.0,55.63,55.63,10.36
OVE,2034-09,CS,1515,1515,0,1.298,1966.9,39.3379,33.16,0.843,0.157,33.16,6.18,0.0,55.63,55.63,10.36
OVE,2034-10,CS,1515,1515,0,1.297,1964.4,39.2874,33.12,0.843,0.157,33.12,6.17,0.0,55.25,55.25,10.29
OVE,2034-11,CS,1515,1515,0,1.295,1961.8,39.2368,33.04,0.842,0.158,33.04,6.2,0.0,55.25,55.25,10.37
OVE,2034-12,CS,1515,1515,0,1.293,1959.3,39.1862,32.99,0.842,0.158,32.99,6.19,0.0,55.25,55.25,10.37
OVE,2035-01,CS,1515,1515,0,1.292,1956.8,39.1357,32.95,0.842,0.158,32.95,6.18,0.0,55.25,55.25,10.37
OVE,2035-02,CS,1515,1515,0,1.29,1954.3,39.0851,32.87,0.841,0.159,32.87,6.21,0.0,55.25,55.25,10.45
OVE,2035-03,CS,1515,1515,0,1.288,1951.7,39.0345,32.83,0.841,0.159,32.83,6.21,0.0,55.25,55.25,10.45
OVE,2035-04,CS,1515,1515,0,1.287,1949.2,38.984,32.79,0.841,0.159,32.79,6.2,0.0,54.84,54.84,10.37
OVE,2035-05,CS,1515,1515,0,1.285,1946.7,38.9334,32.7,0.84,0.16,32.7,6.23,0.0,54.84,54.84,10.45
OVE,2035-06,CS,1515,1515,0,1.283,1944.1,38.8829,32.66,0.84,0.16,32.66,6.22,0.0,54.84,54.84,10.45
OVE,2035-07,CS,1515,1515,0,1.282,1941.6,38.8323,32.62,0.84,0.16,32.62,6.21,0.0,54.84,54.84,10.45
OVE,2035-08,CS,1515,1515,0,1.28,1939.1,38.7817,32.54,0.839,0.161,32.54,6.24,0.0,54.84,54.84,10.52
OVE,2035-09,CS,1515,1515,0,1.278,1936.6,38.7312,32.5,0.839,0.161,32.5,6.24,0.0,54.84,54.84,10.52
OVE,2035-10,CS,1515,1515,0,1.277,1934.0,38.6806,32.45,0.839,0.161,32.45,6.23,0.0,54.45,54.45,10.45
OVE,2035-11,CS,1515,1515,0,1.275,1931.5,38.63,32.37,0.838,0.162,32.37,6.26,0.0,54.45,54.45,10.53
OVE,2035-12,CS,1515,1515,0,1.273,1929.0,38.5795,32.33,0.838,0.162,32.33,6.25,0.0,54.45,54.45,10.53
OVE,2036-01,CS,1515,1515,0,1.272,1926.4,38.5289,32.29,0.838,0.162,32.29,6.24,0.0,54.45,54.45,10.53
OVE,2036-02,CS,1515,1515,0,1.27,1923.9,38.4783,32.24,0.838,0.162,32.24,6.23,0.0,54.45,54.45,10.53
OVE,2036-03,CS,1515,1515,0,1.268,1921.4,38.4278,32.16,0.837,0.163,32.16,6.26,0.0,54.45,54.45,10.6
LIV,2026-04,CS,3000,3000,0,1.08,3241.0,64.8201,44.99,0.694,0.306,44.99,19.83,0.0,26.12,26.12,11.52
LIV,2026-05,CS,3000,3000,0,1.078,3233.5,64.6701,44.95,0.695,0.305,44.95,19.72,0.0,26.12,26.12,11.46
LIV,2026-06,CS,3000,3000,0,1.075,3226.0,64.52,44.84,0.695,0.305,44.84,19.68,0.0,26.12,26.12,11.46
LIV,2026-07,CS,3000,3000,0,1.073,3218.5,64.37,42.93,0.667,0.333,42.93,21.44,8.827178309828357,26.12,26.12,13.04
LIV,2026-08,CS,3000,3000,0,1.07,3211.0,64.2199,42.83,0.667,0.333,42.83,21.39,8.799103531212419,26.12,26.12,13.04
LIV,2026-09,CS,3000,3000,0,1.068,3203.5,64.0699,42.73,0.667,0.333,42.73,21.34,8.766349622827155,26.12,26.12,13.04
LIV,2026-10,CS,3000,3000,0,1.065,3196.0,63.9198,42.63,0.667,0.333,42.63,21.29,8.717218760249262,22.95,22.95,11.46
LIV,2026-11,CS,3000,3000,0,1.063,3188.5,63.7698,42.53,0.667,0.333,42.53,21.24,8.67159724499836,22.95,22.95,11.46
LIV,2026-12,CS,3000,3000,0,1.06,3181.0,63.6198,42.56,0.669,0.331,42.56,21.06,8.634164206843774,22.95,22.95,11.35
LIV,2027-01,CS,3000,3000,0,1.058,3173.5,63.4697,42.46,0.669,0.331,42.46,21.01,8.565147042746254,22.95,22.95,11.35
LIV,2027-02,CS,3000,3000,0,1.055,3166.0,63.3197,42.42,0.67,0.33,42.42,20.9,8.490280966437084,22.95,22.95,11.3
LIV,2027-03,CS,3000,3000,0,1.053,3158.5,63.1696,42.32,0.67,0.33,42.32,20.85,8.40020771837761,22.95,22.95,11.3
LIV,2027-04,CS,3000,3000,0,1.05,3151.0,63.0196,40.96,0.65,0.35,40.96,22.06,10.25782223679895,20.07,20.07,10.81
LIV,2027-05,CS,3000,3000,0,1.048,3143.5,62.8695,40.93,0.651,0.349,40.93,21.94,10.309292664261505,20.07,20.07,10.76
LIV,2027-06,CS,3000,3000,0,1.045,3136.0,62.7195,40.89,0.652,0.348,40.89,21.83,10.354914179512408,20.07,20.07,10.71
LIV,2027-07,CS,3000,3000,0,1.043,3128.5,62.5694,40.86,0.653,0.347,40.86,21.71,10.40053569476331,20.07,20.07,10.67
LIV,2027-08,CS,3000,3000,0,1.04,3121.0,62.4194,40.82,0.654,0.346,40.82,21.6,10.435629168033236,20.07,20.07,10.62
LIV,2027-09,CS,3000,3000,0,1.038,3113.5,62.2693,40.79,0.655,0.345,40.79,21.48,10.455515469552859,20.07,20.07,10.57
LIV,2027-10,CS,3000,3000,0,1.035,3106.0,77.6491,54.51,0.702,0.298,54.51,23.14,10.399365912320977,27.77,27.77,11.79
LIV,2027-11,CS,3000,3000,0,1.033,3098.5,76.1705,53.24,0.699,0.301,53.24,22.93,10.421591778725265,27.77,27.77,11.96
LIV,2027-12,CS,3000,3000,0,1.03,3091.0,74.6982,52.06,0.697,0.303,52.06,22.63,10.439138515360225,27.77,27.77,12.07
LIV,2028-01,CS,3000,3000,0,1.028,3083.5,73.2321,50.82,0.694,0.306,50.82,22.41,10.483590248168799,27.77,27.77,12.24
LIV,2028-02,CS,3000,3000,0,1.025,3076.0,71.7723,49.67,0.692,0.308,49.67,22.11,10.337367442877447,27.77,27.77,12.36
LIV,2028-03,CS,3000,3000,0,1.023,3068.5,70.3187,48.45,0.689,0.311,48.45,21.87,10.20167267956707,27.77,27.77,12.53
LIV,2028-04,CS,3000,3000,0,1.02,3061.0,68.8714,47.11,0.684,0.316,47.11,21.76,10.161900076527823,22.68,22.68,10.48
LIV,2028-05,CS,3000,3000,0,1.018,3053.4,67.4303,45.85,0.68,0.32,45.85,21.58,10.006319011697823,22.68,22.68,10.67
LIV,2028-06,CS,3000,3000,0,1.015,3045.9,65.9955,44.68,0.677,0.323,44.68,21.32,10.00047009948617,22.68,22.68,10.82
LIV,2028-07,CS,3000,3000,0,1.013,3038.4,64.5669,42.23,0.654,0.346,42.23,22.34,9.52904777522685,22.68,22.68,12.0
LIV,2028-08,CS,3000,3000,0,1.01,3030.9,63.1446,41.17,0.652,0.348,41.17,21.97,9.54542472941948,22.68,22.68,12.11
LIV,2028-09,CS,3000,3000,0,1.008,3023.4,61.7285,40.12,0.65,0.35,40.12,21.6,9.41440909587843,22.68,22.68,12.21
LIV,2028-10,CS,3000,3000,0,1.005,3015.9,60.3187,39.09,0.648,0.352,39.09,21.23,9.428446485186399,20.0,20.0,10.86
LIV,2028-11,CS,3000,3000,0,1.003,3008.4,60.1687,39.11,0.65,0.35,39.11,21.06,9.405050836339784,20.0,20.0,10.77
LIV,2028-12,CS,3000,3000,0,1.0,3000.9,60.0186,39.19,0.653,0.347,39.19,20.83,9.235432382201815,20.0,20.0,10.63
LIV,2029-01,CS,3000,3000,0,0.998,2993.4,59.8686,38.79,0.648,0.352,38.79,21.07,9.13015196239204,20.0,20.0,10.86
LIV,2029-02,CS,3000,3000,0,0.995,2985.9,59.7185,38.82,0.65,0.35,38.82,20.9,9.118454137968733,20.0,20.0,10.77
LIV,2029-03,CS,3000,3000,0,0.993,2978.4,59.5685,38.9,0.653,0.347,38.9,20.67,8.983929157100688,20.0,20.0,10.63
LIV,2029-04,CS,3000,3000,0,0.99,2970.9,59.4184,38.56,0.649,0.351,38.56,20.86,10.632152618344811,20.47,20.47,11.07
LIV,2029-05,CS,3000,3000,0,0.988,2963.4,59.2684,38.82,0.655,0.345,38.82,20.45,10.7,20.47,20.47,10.78
LIV,2029-06,CS,3000,3000,0,0.985,2955.9,59.1184,38.84,0.657,0.343,38.84,20.28,10.664906526730075,20.47,20.47,10.69
LIV,2029-07,CS,3000,3000,0,0.983,2948.4,58.9683,38.92,0.66,0.34,38.92,20.05,10.532721110746692,20.47,20.47,10.55
LIV,2029-08,CS,3000,3000,0,0.98,2940.9,58.8183,38.94,0.662,0.338,38.94,19.88,10.540909587843009,20.47,20.47,10.45
LIV,2029-09,CS,3000,3000,0,0.978,2933.4,58.6682,38.96,0.664,0.336,38.96,19.71,10.516344156554062,20.47,20.47,10.36
LIV,2029-10,CS,3000,3000,0,0.975,2925.9,58.5182,38.97,0.666,0.334,38.97,19.55,10.524532633650376,22.79,22.79,11.43
LIV,2029-11,CS,3000,3000,0,0.973,2918.4,58.3681,38.99,0.668,0.332,38.99,19.38,10.40053569476331,22.79,22.79,11.33
LIV,2029-12,CS,3000,3000,0,0.97,2910.9,58.2181,39.06,0.671,0.329,39.06,19.15,10.385328523013008,22.79,22.79,11.17
LIV,2030-01,CS,3000,3000,0,0.968,2903.4,58.068,39.14,0.674,0.326,39.14,18.93,10.269520061222257,22.79,22.79,11.02
LIV,2030-02,CS,3000,3000,0,0.965,2895.9,57.918,39.09,0.675,0.325,39.09,18.82,10.14669290477752,22.79,22.79,10.97
LIV,2030-03,CS,3000,3000,0,0.963,2888.4,57.7679,39.05,0.676,0.324,39.05,18.72,10.149032469662185,22.79,22.79,10.92
LIV,2030-04,CS,3000,3000,0,0.96,2880.9,57.6179,38.55,0.669,0.331,38.55,19.07,10.303443752049851,22.13,22.13,10.95
LIV,2030-05,CS,3000,3000,0,0.945,2835.9,56.7176,37.89,0.668,0.332,37.89,18.83,10.15839072920083,22.13,22.13,11.0
LIV,2030-06,CS,3000,3000,0,0.93,2790.9,55.8173,37.29,0.668,0.332,37.29,18.53,10.147862687219853,22.13,22.13,11.0
LIV,2030-07,CS,3000,3000,0,0.915,2745.9,54.9171,36.63,0.667,0.333,36.63,18.29,10.002809664370833,22.13,22.13,11.05
LIV,2030-08,CS,3000,3000,0,0.9,2700.8,54.0168,36.03,0.667,0.333,36.03,17.99,9.817984038482562,22.13,22.13,11.05
LIV,2030-09,CS,3000,3000,0,0.885,2655.8,53.1165,35.38,0.666,0.334,35.38,17.74,9.817984038482562,22.13,22.13,11.1
LIV,2030-10,CS,3000,3000,0,0.87,2610.8,52.2162,34.78,0.666,0.334,34.78,17.44,9.635497977478956,21.68,21.68,10.87
LIV,2030-11,CS,3000,3000,0,0.855,2565.8,51.3159,34.18,0.666,0.334,34.18,17.14,9.422597572974745,21.68,21.68,10.87
LIV,2030-12,CS,3000,3000,0,0.84,2520.8,50.4157,33.53,0.665,0.335,33.53,16.89,9.353580408877228,21.68,21.68,10.92
LIV,2031-01,CS,3000,3000,0,0.825,2475.8,49.5154,32.93,0.665,0.335,32.93,16.59,9.17226413031595,21.68,21.68,10.92
LIV,2031-02,CS,3000,3000,0,0.81,2430.8,48.6151,32.33,0.665,0.335,32.33,16.29,8.97106155023505,21.68,21.68,10.92
LIV,2031-03,CS,3000,3000,0,0.795,2385.7,47.7148,31.68,0.664,0.336,31.68,16.03,8.93011916475347,21.68,21.68,10.97
LIV,2031-04,CS,3000,3000,0,0.78,2340.7,46.8145,30.99,0.662,0.338,30.99,15.82,9.01434350060129,21.56,21.56,11.01
LIV,2031-05,CS,3000,3000,0,0.765,2295.7,45.9143,30.35,0.661,0.339,30.35,15.56,8.841215699136328,21.56,21.56,11.06
LIV,2031-06,CS,3000,3000,0,0.75,2250.7,45.014,29.71,0.66,0.34,29.71,15.3,8.769858970154148,21.56,21.56,11.11
LIV,2031-07,CS,3000,3000,0,0.735,2205.7,44.1137,30.0,0.68,0.32,30.0,14.12,8.882158084617908,21.56,21.56,10.15
LIV,2031-08,CS,3000,3000,0,0.72,2160.7,43.2134,29.3,0.678,0.322,29.3,13.91,8.692653328960315,21.56,21.56,10.24
LIV,2031-09,CS,3000,3000,0,0.705,2115.7,42.3131,28.6,0.676,0.324,28.6,13.71,8.613108122881819,21.56,21.56,10.33
LIV,2031-10,CS,3000,3000,0,0.69,2070.6,41.4129,27.91,0.674,0.326,27.91,13.5,8.430622061878209,20.61,20.61,9.97
LIV,2031-11,CS,3000,3000,0,0.675,2025.6,40.5126,27.22,0.672,0.328,27.22,13.29,8.244626653547611,20.61,20.61,10.06
LIV,2031-12,CS,3000,3000,0,0.66,1980.6,39.6123,26.54,0.67,0.33,26.54,13.07,8.17093035968077,20.61,20.61,10.15
LIV,2032-01,CS,3000,3000,0,0.645,1935.6,38.712,25.86,0.668,0.332,25.86,12.85,7.988444298677162,20.61,20.61,10.24
LIV,2032-02,CS,3000,3000,0,0.63,1890.6,37.8117,25.14,0.665,0.335,25.14,12.67,7.804788455231224,20.61,20.61,10.38
LIV,2032-03,CS,3000,3000,0,0.615,1845.6,36.9115,24.47,0.663,0.337,24.47,12.44,7.761506504864982,20.61,20.61,10.48
LIV,2032-04,CS,3000,3000,0,0.6,1800.6,36.0112,23.8,0.661,0.339,23.8,12.21,7.556794577457088,18.15,18.15,9.31
LIV,2032-05,CS,3000,3000,0,0.585,1755.5,35.1109,23.1,0.658,0.342,23.1,12.01,7.394194817973105,18.15,18.15,9.43
LIV,2032-06,CS,3000,3000,0,0.57,1710.5,34.2106,22.41,0.655,0.345,22.41,11.8,7.384836558434459,18.15,18.15,9.56
LIV,2032-07,CS,3000,3000,0,0.555,1665.5,33.3103,21.72,0.652,0.348,21.72,11.59,7.222236798950475,18.15,18.15,9.69
LIV,2032-08,CS,3000,3000,0,0.54,1620.5,32.4101,21.07,0.65,0.35,21.07,11.34,7.039750737946868,18.15,18.15,9.77
LIV,2032-09,CS,3000,3000,0,0.525,1575.5,31.5098,20.36,0.646,0.354,20.36,11.15,7.029222695965889,18.15,18.15,9.95
LIV,2032-10,CS,3000,3000,0,0.51,1530.5,30.6095,20.66,0.675,0.325,20.66,9.95,7.184803760795889,17.35,17.35,8.35
LIV,2032-11,CS,3000,3000,0,0.495,1485.5,29.7092,19.93,0.671,0.329,19.93,9.77,6.98594074559965,17.35,17.35,8.51
LIV,2032-12,CS,3000,3000,0,0.48,1440.4,28.8089,19.19,0.666,0.334,19.19,9.62,6.966054444080026,17.35,17.35,8.7
LIV,2033-01,CS,3000,3000,0,0.465,1395.4,27.9087,18.48,0.662,0.338,18.48,9.43,6.768361211326117,17.35,17.35,8.86
LIV,2033-02,CS,3000,3000,0,0.45,1350.4,27.0084,17.72,0.656,0.344,17.72,9.29,6.744965562479502,17.35,17.35,9.1
LIV,2033-03,CS,3000,3000,0,0.435,1305.4,26.1081,17.02,0.652,0.348,17.02,9.09,6.544932764840931,17.35,17.35,9.26
LIV,2033-04,CS,3000,3000,0,0.0,0.0,0.0,0.0,0.45,0.55,0.0,0.0,6.884169673116867,0.0,0.0,0.0
LIV,2033-05,CS,3000,3000,0,0.0,0.0,0.0,0.0,0.45,0.55,0.0,0.0,6.668929703727999,0.0,0.0,0.0
LIV,2033-06,CS,3000,3000,0,0.0,0.0,0.0,0.0,0.45,0.55,0.0,0.0,6.635006012900403,0.0,0.0,0.0
LIV,2033-07,CS,3000,3000,0,0.0,0.0,0.0,0.0,0.45,0.55,0.0,0.0,6.635006012900403,0.0,0.0,0.0
LIV,2033-08,CS,3000,3000,0,0.0,0.0,0.0,0.0,0.45,0.55,0.0,0.0,6.618629058707772,0.0,0.0,0.0
LIV,2033-09,CS,3000,3000,0,0.0,0.0,0.0,0.0,0.45,0.55,0.0,0.0,6.4490106045698035,0.0,0.0,0.0
LIV,2033-10,CS,3000,3000,0,0.0,0.0,0.0,0.0,0.45,0.55,0.0,0.0,6.4408221274734885,0.0,0.0,0.0
LIV,2033-11,CS,3000,3000,0,0.0,0.0,0.0,0.0,0.45,0.55,0.0,0.0,6.273543238220181,0.0,0.0,0.0
LIV,2033-12,CS,3000,3000,0,0.0,0.0,0.0,0.0,0.45,0.55,0.0,0.0,6.265354761123866,0.0,0.0,0.0
LIV,2034-01,CS,3000,3000,0,0.0,0.0,0.0,0.0,0.45,0.55,0.0,0.0,6.253656936700557,0.0,0.0,0.0
LIV,2034-02,CS,3000,3000,0,0.0,0.0,0.0,0.0,0.45,0.55,0.0,0.0,6.24429867716191,0.0,0.0,0.0
LIV,2034-03,CS,3000,3000,0,0.0,0.0,0.0,0.0,0.45,0.55,0.0,0.0,6.237279982507926,0.0,0.0,0.0
LIV,2034-04,CS,3000,3000,0,0.0,0.0,0.0,0.0,0.45,0.55,0.0,0.0,6.224412375642286,0.0,0.0,0.0
LIV,2034-05,CS,3000,3000,0,0.0,0.0,0.0,0.0,0.45,0.55,0.0,0.0,6.215054116103639,0.0,0.0,0.0
LIV,2034-06,CS,3000,3000,0,0.0,0.0,0.0,0.0,0.45,0.55,0.0,0.0,6.2080354214496545,0.0,0.0,0.0
LIV,2034-07,CS,3000,3000,0,0.0,0.0,0.0,0.0,0.45,0.55,0.0,0.0,6.192828249699355,0.0,0.0,0.0
LIV,2034-08,CS,3000,3000,0,0.0,0.0,0.0,0.0,0.45,0.55,0.0,0.0,6.184639772603039,0.0,0.0,0.0
LIV,2034-09,CS,3000,3000,0,0.0,0.0,0.0,0.0,0.45,0.55,0.0,0.0,6.177621077949054,0.0,0.0,0.0
LIV,2034-10,CS,3000,3000,0,0.0,0.0,0.0,0.0,0.45,0.55,0.0,0.0,6.1682628184104065,0.0,0.0,0.0
LIV,2034-11,CS,3000,3000,0,0.0,0.0,0.0,0.0,0.45,0.55,0.0,0.0,6.156564993987098,0.0,0.0,0.0
LIV,2034-12,CS,3000,3000,0,0.0,0.0,0.0,0.0,0.45,0.55,0.0,0.0,6.148376516890784,0.0,0.0,0.0
LIV,2035-01,CS,3000,3000,0,0.0,0.0,0.0,0.0,0.45,0.55,0.0,0.0,6.139018257352137,0.0,0.0,0.0
LIV,2035-02,CS,3000,3000,0,0.0,0.0,0.0,0.0,0.45,0.55,0.0,0.0,6.127320432928829,0.0,0.0,0.0
LIV,2035-03,CS,3000,3000,0,0.0,0.0,0.0,0.0,0.45,0.55,0.0,0.0,6.116792390947851,0.0,0.0,0.0
LIV,2035-04,CS,3000,3000,0,0.0,0.0,0.0,0.0,0.45,0.55,0.0,0.0,6.109773696293868,0.0,0.0,0.0
LIV,2035-05,CS,3000,3000,0,0.0,0.0,0.0,0.0,0.45,0.55,0.0,0.0,6.096906089428227,0.0,0.0,0.0
LIV,2035-06,CS,3000,3000,0,0.0,0.0,0.0,0.0,0.45,0.55,0.0,0.0,6.088717612331912,0.0,0.0,0.0
LIV,2035-07,CS,3000,3000,0,0.0,0.0,0.0,0.0,0.45,0.55,0.0,0.0,6.0805291352355955,0.0,0.0,0.0
LIV,2035-08,CS,3000,3000,0,0.0,0.0,0.0,0.0,0.45,0.55,0.0,0.0,6.068831310812286,0.0,0.0,0.0
LIV,2035-09,CS,3000,3000,0,0.0,0.0,0.0,0.0,0.45,0.55,0.0,0.0,6.059473051273641,0.0,0.0,0.0
LIV,2035-10,CS,3000,3000,0,0.0,0.0,0.0,0.0,0.45,0.55,0.0,0.0,6.051284574177327,0.0,0.0,0.0
LIV,2035-11,CS,3000,3000,0,0.0,0.0,0.0,0.0,0.45,0.55,0.0,0.0,6.0384169673116865,0.0,0.0,0.0
LIV,2035-12,CS,3000,3000,0,0.0,0.0,0.0,0.0,0.45,0.55,0.0,0.0,6.02905870777304,0.0,0.0,0.0
LIV,2036-01,CS,3000,3000,0,0.0,0.0,0.0,0.0,0.45,0.55,0.0,0.0,6.022040013119055,0.0,0.0,0.0
LIV,2036-02,CS,3000,3000,0,0.0,0.0,0.0,0.0,0.45,0.55,0.0,0.0,6.0126817535804085,0.0,0.0,0.0
LIV,2036-03,CS,3000,3000,0,0.0,0.0,0.0,0.0,0.45,0.55,0.0,0.0,6.0009839291571,0.0,0.0,0.0
REV,2026-04,CS,2700,2700,0,1.039,2806.5,56.1307,37.1,0.661,0.339,37.1,19.03,0.0,21.74,21.74,11.15
REV,2026-05,CS,2700,2700,0,1.036,2798.3,55.9651,37.05,0.662,0.338,37.05,18.92,0.0,21.74,21.74,11.1
REV,2026-06,CS,2700,2700,0,1.033,2790.0,55.7995,36.94,0.662,0.338,36.94,18.86,0.0,21.74,21.74,11.1
REV,2026-07,CS,2700,2700,0,1.03,2781.7,55.6339,35.44,0.637,0.363,35.44,20.2,6.682256477533616,21.74,21.74,12.39
REV,2026-08,CS,2700,2700,0,1.027,2773.4,55.4684,35.33,0.637,0.363,35.33,20.14,6.661003607740242,21.74,21.74,12.39
REV,2026-09,CS,2700,2700,0,1.024,2765.1,55.3028,35.23,0.637,0.363,35.23,20.07,6.636208592981305,21.74,21.74,12.39
REV,2026-10,CS,2700,2700,0,1.021,2756.9,55.1372,35.12,0.637,0.363,35.12,20.01,6.599016070842899,19.24,19.24,10.96
REV,2026-11,CS,2700,2700,0,1.018,2748.6,54.9716,35.02,0.637,0.363,35.02,19.95,6.564480157428664,19.24,19.24,10.96
REV,2026-12,CS,2700,2700,0,1.015,2740.3,54.806,35.02,0.639,0.361,35.02,19.78,6.536142997704165,19.24,19.24,10.87
REV,2027-01,CS,2700,2700,0,1.012,2732.0,54.6405,34.92,0.639,0.361,34.92,19.73,6.483896359462118,19.24,19.24,10.87
REV,2027-02,CS,2700,2700,0,1.009,2723.7,54.4749,34.81,0.639,0.361,34.81,19.67,6.427222040013119,19.24,19.24,10.87
REV,2027-03,CS,2700,2700,0,1.006,2715.5,54.3093,34.7,0.639,0.361,34.7,19.61,6.359035749426041,19.24,19.24,10.87
REV,2027-04,CS,2700,2700,0,1.003,2707.2,54.1437,33.68,0.622,0.378,33.68,20.47,7.765267300754346,16.87,16.87,10.25
REV,2027-05,CS,2700,2700,0,1.0,2698.9,53.9782,33.57,0.622,0.378,33.57,20.4,7.804230895375532,16.87,16.87,10.25
REV,2027-06,CS,2700,2700,0,0.997,2690.6,53.8126,33.53,0.623,0.377,33.53,20.29,7.838766808789766,16.87,16.87,10.21
REV,2027-07,CS,2700,2700,0,0.993,2682.4,53.647,33.48,0.624,0.376,33.48,20.17,7.873302722204,16.87,16.87,10.17
REV,2027-08,CS,2700,2700,0,0.99,2674.1,53.4814,33.37,0.624,0.376,33.37,20.11,7.899868809445721,16.87,16.87,10.17
REV,2027-09,CS,2700,2700,0,0.987,2665.8,53.3159,33.32,0.625,0.375,33.32,19.99,7.9149229255493605,16.87,16.87,10.12
REV,2027-10,CS,2700,2700,0,0.984,2657.5,53.1503,33.06,0.622,0.378,33.06,20.09,7.872417185962609,16.98,16.98,10.32
REV,2027-11,CS,2700,2700,0,0.981,2649.2,52.9847,33.01,0.623,0.377,33.01,19.98,7.889242374549032,16.98,16.98,10.28
REV,2027-12,CS,2700,2700,0,0.978,2641.0,52.8191,32.96,0.624,0.376,32.96,19.86,7.9025254181698905,16.98,16.98,10.23
REV,2028-01,CS,2700,2700,0,0.975,2632.7,52.6535,32.91,0.625,0.375,32.91,19.75,7.936175795342736,16.98,16.98,10.19
REV,2028-02,CS,2700,2700,0,0.972,2624.4,52.488,32.91,0.627,0.373,32.91,19.58,7.825483765168909,16.98,16.98,10.1
REV,2028-03,CS,2700,2700,0,0.969,2616.1,52.3224,32.86,0.628,0.372,32.86,19.46,7.722761561167595,16.98,16.98,10.06
REV,2028-04,CS,2700,2700,0,0.966,2607.8,62.5882,41.43,0.662,0.338,41.43,21.15,7.692653328960315,21.14,21.14,10.79
REV,2028-05,CS,2700,2700,0,0.963,2599.6,61.523,40.61,0.66,0.34,40.61,20.92,7.574877008855362,21.14,21.14,10.89
REV,2028-06,CS,2700,2700,0,0.96,2591.3,60.4633,39.78,0.658,0.342,39.78,20.68,7.57044932764841,21.14,21.14,10.99
REV,2028-07,CS,2700,2700,0,0.957,2583.0,59.4091,37.84,0.637,0.363,37.84,21.57,7.21357822236799,21.14,21.14,12.05
REV,2028-08,CS,2700,2700,0,0.954,2574.7,58.3604,37.18,0.637,0.363,37.18,21.18,7.225975729747457,21.14,21.14,12.05
REV,2028-09,CS,2700,2700,0,0.951,2566.4,57.3173,36.45,0.636,0.364,36.45,20.86,7.126795670711709,21.14,21.14,12.1
REV,2028-10,CS,2700,2700,0,0.947,2558.2,56.2797,35.74,0.635,0.365,35.74,20.54,7.137422105608396,18.04,18.04,10.37
REV,2028-11,CS,2700,2700,0,0.944,2549.9,55.2476,35.03,0.634,0.366,35.03,20.22,7.119711380780584,18.04,18.04,10.41
REV,2028-12,CS,2700,2700,0,0.941,2541.6,54.221,34.32,0.633,0.367,34.32,19.9,6.991308625778943,18.04,18.04,10.46
REV,2029-01,CS,2700,2700,0,0.938,2533.3,53.1999,33.3,0.626,0.374,33.3,19.9,6.911610364053788,18.04,18.04,10.78
REV,2029-02,CS,2700,2700,0,0.935,2525.1,52.1844,32.62,0.625,0.375,32.62,19.57,6.902755001639882,18.04,18.04,10.82
REV,2029-03,CS,2700,2700,0,0.932,2516.8,51.1744,31.98,0.625,0.375,31.98,19.19,6.80091833387996,18.04,18.04,10.82
REV,2029-04,CS,2700,2700,0,0.929,2508.5,50.1699,31.0,0.618,0.382,31.0,19.16,8.048638897999343,16.72,16.72,10.34
REV,2029-05,CS,2700,2700,0,0.926,2500.2,50.0043,31.15,0.623,0.377,31.15,18.85,8.1,16.72,16.72,10.12
REV,2029-06,CS,2700,2700,0,0.923,2491.9,49.8387,31.15,0.625,0.375,31.15,18.69,8.073433912758281,16.72,16.72,10.03
REV,2029-07,CS,2700,2700,0,0.92,2483.7,49.6732,31.15,0.627,0.373,31.15,18.53,7.973368317481141,16.72,16.72,9.95
REV,2029-08,CS,2700,2700,0,0.917,2475.4,49.5076,31.09,0.628,0.372,31.09,18.42,7.979567071170876,16.72,16.72,9.9
REV,2029-09,CS,2700,2700,0,0.914,2467.1,49.342,31.09,0.63,0.37,31.09,18.26,7.9609708101016725,16.72,16.72,9.82
REV,2029-10,CS,2700,2700,0,0.911,2458.8,49.1764,31.03,0.631,0.369,31.03,18.15,7.967169563791407,18.4,18.4,10.76
REV,2029-11,CS,2700,2700,0,0.908,2450.5,49.0108,31.02,0.633,0.367,31.02,17.99,7.873302722204,18.4,18.4,10.67
REV,2029-12,CS,2700,2700,0,0.905,2442.3,48.8453,31.02,0.635,0.365,31.02,17.83,7.861790751065923,18.4,18.4,10.58
REV,2030-01,CS,2700,2700,0,0.901,2434.0,48.6797,31.06,0.638,0.362,31.06,17.62,7.77412266316825,18.4,18.4,10.44
REV,2030-02,CS,2700,2700,0,0.898,2425.7,48.5141,31.0,0.639,0.361,31.0,17.51,7.681141357822236,18.4,18.4,10.39
REV,2030-03,CS,2700,2700,0,0.895,2417.4,48.3485,30.89,0.639,0.361,30.89,17.45,7.682912430305018,18.4,18.4,10.39
REV,2030-04,CS,2700,2700,0,0.892,2409.1,48.183,30.5,0.633,0.367,30.5,17.68,7.79980321416858,18.61,18.61,10.79
REV,2030-05,CS,2700,2700,0,0.889,2400.9,48.0174,30.49,0.635,0.365,30.49,17.53,7.6899967202361434,18.61,18.61,10.7
REV,2030-06,CS,2700,2700,0,0.886,2392.6,47.8518,30.48,0.637,0.363,30.48,17.37,7.682026894063627,18.61,18.61,10.61
REV,2030-07,CS,2700,2700,0,0.883,2384.3,47.6862,30.47,0.639,0.361,30.47,17.21,7.572220400131191,18.61,18.61,10.51
REV,2030-08,CS,2700,2700,0,0.869,2347.1,46.9411,29.95,0.638,0.362,29.95,16.99,7.432305673991473,18.61,18.61,10.56
REV,2030-09,CS,2700,2700,0,0.855,2309.8,46.196,29.47,0.638,0.362,29.47,16.72,7.432305673991473,18.61,18.61,10.56
REV,2030-10,CS,2700,2700,0,0.842,2272.5,45.4509,29.0,0.638,0.362,29.0,16.45,7.294162020334536,18.79,18.79,10.66
REV,2030-11,CS,2700,2700,0,0.828,2235.3,44.7058,28.52,0.638,0.362,28.52,16.18,7.132994424401443,18.79,18.79,10.66
REV,2030-12,CS,2700,2700,0,0.814,2198.0,43.9607,28.05,0.638,0.362,28.05,15.91,7.080747786159398,18.79,18.79,10.66
REV,2031-01,CS,2700,2700,0,0.8,2160.8,43.2156,27.53,0.637,0.363,27.53,15.69,6.94348966874385,18.79,18.79,10.71
REV,2031-02,CS,2700,2700,0,0.786,2123.5,42.4705,27.05,0.637,0.363,27.05,15.42,6.791177435224664,18.79,18.79,10.71
REV,2031-03,CS,2700,2700,0,0.773,2086.3,41.7254,26.58,0.637,0.363,26.58,15.15,6.760183666775992,18.79,18.79,10.71
REV,2031-04,CS,2700,2700,0,0.759,2049.0,40.9804,26.06,0.636,0.364,26.06,14.92,6.823942276156117,18.95,18.95,10.85
REV,2031-05,CS,2700,2700,0,0.745,2011.8,40.2353,25.55,0.635,0.365,25.55,14.69,6.692882912430305,18.95,18.95,10.89
REV,2031-06,CS,2700,2700,0,0.731,1974.5,39.4902,25.04,0.634,0.366,25.04,14.45,6.638865201705476,18.95,18.95,10.94
REV,2031-07,CS,2700,2700,0,0.718,1937.3,38.7451,25.26,0.652,0.348,25.26,13.48,6.723876680878977,18.95,18.95,10.11
REV,2031-08,CS,2700,2700,0,0.704,1900.0,38.0,24.74,0.651,0.349,24.74,13.26,6.580419809773696,18.95,18.95,10.16
REV,2031-09,CS,2700,2700,0,0.69,1862.7,37.2549,24.18,0.649,0.351,24.18,13.08,6.520203345359134,18.95,18.95,10.25
REV,2031-10,CS,2700,2700,0,0.676,1825.5,36.5098,23.66,0.648,0.352,23.66,12.85,6.382059691702196,18.42,18.42,10.01
REV,2031-11,CS,2700,2700,0,0.662,1788.2,35.7647,23.1,0.646,0.354,23.1,12.66,6.241259429321089,18.42,18.42,10.09
REV,2031-12,CS,2700,2700,0,0.649,1751.0,35.0196,22.55,0.644,0.356,22.55,12.47,6.1854706461134805,18.42,18.42,10.18
REV,2032-01,CS,2700,2700,0,0.635,1713.7,34.2745,22.04,0.643,0.357,22.04,12.24,6.047326992456544,18.42,18.42,10.23
REV,2032-02,CS,2700,2700,0,0.621,1676.5,33.5294,21.49,0.641,0.359,21.49,12.04,5.908297802558216,18.42,18.42,10.32
REV,2032-03,CS,2700,2700,0,0.607,1639.2,32.7843,20.95,0.639,0.361,20.95,11.84,5.875532961626762,18.42,18.42,10.41
REV,2032-04,CS,2700,2700,0,0.593,1602.0,32.0392,20.41,0.637,0.363,20.41,11.63,5.720564119383403,16.64,16.64,9.48
REV,2032-05,CS,2700,2700,0,0.58,1564.7,31.2941,19.87,0.635,0.365,19.87,11.42,5.597474581830108,16.64,16.64,9.56
REV,2032-06,CS,2700,2700,0,0.566,1527.4,30.549,19.34,0.633,0.367,19.34,11.21,5.590390291898983,16.64,16.64,9.65
REV,2032-07,CS,2700,2700,0,0.552,1490.2,29.8039,18.81,0.631,0.369,18.81,11.0,5.467300754345687,16.64,16.64,9.73
REV,2032-08,CS,2700,2700,0,0.538,1452.9,29.0588,18.28,0.629,0.371,18.28,10.78,5.32915710068875,16.64,16.64,9.81
REV,2032-09,CS,2700,2700,0,0.524,1415.7,28.3137,17.72,0.626,0.374,17.72,10.59,5.321187274516234,16.64,16.64,9.94
REV,2032-10,CS,2700,2700,0,0.511,1378.4,27.5686,18.0,0.653,0.347,18.0,9.57,5.438963594621187,16.46,16.46,8.75
REV,2032-11,CS,2700,2700,0,0.497,1341.2,26.8235,17.41,0.649,0.351,17.41,9.42,5.288422433584782,16.46,16.46,8.9
REV,2032-12,CS,2700,2700,0,0.483,1303.9,26.0784,16.82,0.645,0.355,16.82,9.26,5.273368317481141,16.46,16.46,9.06
REV,2033-01,CS,2700,2700,0,0.469,1266.7,25.3333,16.26,0.642,0.358,16.26,9.07,5.1237126926861265,16.46,16.46,9.18
REV,2033-02,CS,2700,2700,0,0.455,1229.4,24.5882,15.69,0.638,0.362,15.69,8.9,5.106001967858314,16.46,16.46,9.34
REV,2033-03,CS,2700,2700,0,0.442,1192.2,23.8431,15.14,0.635,0.365,15.14,8.7,4.954575270580518,16.46,16.46,9.46
REV,2033-04,CS,2700,2700,0,0.428,1154.9,23.098,15.18,0.657,0.343,15.18,7.92,5.211380780583797,7.52,7.52,3.93
REV,2033-05,CS,2700,2700,0,0.414,1117.6,22.3529,14.57,0.652,0.348,14.57,7.78,5.048442112167924,7.52,7.52,4.01
REV,2033-06,CS,2700,2700,0,0.4,1080.4,21.6078,13.98,0.647,0.353,13.98,7.63,5.022761561167595,7.52,7.52,4.1
REV,2033-07,CS,2700,2700,0,0.0,0.0,0.0,0.0,0.45,0.55,0.0,0.0,5.022761561167595,7.52,7.52,9.19
REV,2033-08,CS,2700,2700,0,0.0,0.0,0.0,0.0,0.45,0.55,0.0,0.0,5.010364053788127,7.52,7.52,9.19
REV,2033-09,CS,2700,2700,0,0.0,0.0,0.0,0.0,0.45,0.55,0.0,0.0,4.881961298786487,7.52,7.52,9.19
REV,2033-10,CS,2700,2700,0,0.0,0.0,0.0,0.0,0.45,0.55,0.0,0.0,4.875762545096753,0.0,0.0,0.0
REV,2033-11,CS,2700,2700,0,0.0,0.0,0.0,0.0,0.45,0.55,0.0,0.0,4.7491308625778945,0.0,0.0,0.0
REV,2033-12,CS,2700,2700,0,0.0,0.0,0.0,0.0,0.45,0.55,0.0,0.0,4.7429321088881595,0.0,0.0,0.0
REV,2034-01,CS,2700,2700,0,0.0,0.0,0.0,0.0,0.45,0.55,0.0,0.0,4.734076746474254,0.0,0.0,0.0
REV,2034-02,CS,2700,2700,0,0.0,0.0,0.0,0.0,0.45,0.55,0.0,0.0,4.726992456543128,0.0,0.0,0.0
REV,2034-03,CS,2700,2700,0,0.0,0.0,0.0,0.0,0.45,0.55,0.0,0.0,4.721679239094785,0.0,0.0,0.0
REV,2034-04,CS,2700,2700,0,0.0,0.0,0.0,0.0,0.45,0.55,0.0,0.0,4.711938340439487,0.0,0.0,0.0
REV,2034-05,CS,2700,2700,0,0.0,0.0,0.0,0.0,0.45,0.55,0.0,0.0,4.704854050508362,0.0,0.0,0.0
REV,2034-06,CS,2700,2700,0,0.0,0.0,0.0,0.0,0.45,0.55,0.0,0.0,4.699540833060019,0.0,0.0,0.0
REV,2034-07,CS,2700,2700,0,0.0,0.0,0.0,0.0,0.45,0.55,0.0,0.0,4.688028861921942,0.0,0.0,0.0
REV,2034-08,CS,2700,2700,0,0.0,0.0,0.0,0.0,0.45,0.55,0.0,0.0,4.681830108232207,0.0,0.0,0.0
REV,2034-09,CS,2700,2700,0,0.0,0.0,0.0,0.0,0.45,0.55,0.0,0.0,4.676516890783863,0.0,0.0,0.0
REV,2034-10,CS,2700,2700,0,0.0,0.0,0.0,0.0,0.45,0.55,0.0,0.0,4.669432600852738,0.0,0.0,0.0
REV,2034-11,CS,2700,2700,0,0.0,0.0,0.0,0.0,0.45,0.55,0.0,0.0,4.660577238438831,0.0,0.0,0.0
REV,2034-12,CS,2700,2700,0,0.0,0.0,0.0,0.0,0.45,0.55,0.0,0.0,4.654378484749098,0.0,0.0,0.0
REV,2035-01,CS,2700,2700,0,0.0,0.0,0.0,0.0,0.45,0.55,0.0,0.0,4.647294194817973,0.0,0.0,0.0
REV,2035-02,CS,2700,2700,0,0.0,0.0,0.0,0.0,0.45,0.55,0.0,0.0,4.638438832404066,0.0,0.0,0.0
REV,2035-03,CS,2700,2700,0,0.0,0.0,0.0,0.0,0.45,0.55,0.0,0.0,4.630469006231551,0.0,0.0,0.0
REV,2035-04,CS,2700,2700,0,0.0,0.0,0.0,0.0,0.45,0.55,0.0,0.0,4.625155788783208,0.0,0.0,0.0
REV,2035-05,CS,2700,2700,0,0.0,0.0,0.0,0.0,0.45,0.55,0.0,0.0,4.61541489012791,0.0,0.0,0.0
REV,2035-06,CS,2700,2700,0,0.0,0.0,0.0,0.0,0.45,0.55,0.0,0.0,4.609216136438176,0.0,0.0,0.0
REV,2035-07,CS,2700,2700,0,0.0,0.0,0.0,0.0,0.45,0.55,0.0,0.0,4.603017382748441,0.0,0.0,0.0
REV,2035-08,CS,2700,2700,0,0.0,0.0,0.0,0.0,0.45,0.55,0.0,0.0,4.594162020334535,0.0,0.0,0.0
REV,2035-09,CS,2700,2700,0,0.0,0.0,0.0,0.0,0.45,0.55,0.0,0.0,4.5870777304034105,0.0,0.0,0.0
REV,2035-10,CS,2700,2700,0,0.0,0.0,0.0,0.0,0.45,0.55,0.0,0.0,4.580878976713677,0.0,0.0,0.0
REV,2035-11,CS,2700,2700,0,0.0,0.0,0.0,0.0,0.45,0.55,0.0,0.0,4.57113807805838,0.0,0.0,0.0
REV,2035-12,CS,2700,2700,0,0.0,0.0,0.0,0.0,0.45,0.55,0.0,0.0,4.5640537881272545,0.0,0.0,0.0
REV,2036-01,CS,2700,2700,0,0.0,0.0,0.0,0.0,0.45,0.55,0.0,0.0,4.558740570678911,0.0,0.0,0.0
REV,2036-02,CS,2700,2700,0,0.0,0.0,0.0,0.0,0.45,0.55,0.0,0.0,4.551656280747786,0.0,0.0,0.0
REV,2036-03,CS,2700,2700,0,0.0,0.0,0.0,0.0,0.45,0.55,0.0,0.0,4.54280091833388,0.0,0.0,0.0
ALC,2026-04,CS,2100,2100,0,0.85,1785.0,35.7,20.88,0.585,0.415,20.88,14.82,0.0,10.98,10.98,7.79
ALC,2026-05,CS,2100,2100,0,0.8,1680.0,33.6,19.39,0.577,0.423,19.39,14.21,0.0,10.98,10.98,8.05
ALC,2026-06,CS,2100,2100,0,0.787,1653.8,33.075,19.05,0.576,0.424,19.05,14.02,0.0,10.98,10.98,8.08
ALC,2026-07,CS,2100,2100,0,0.775,1627.5,32.55,18.23,0.56,0.44,18.23,14.32,4.454837651689078,10.98,10.98,8.63
ALC,2026-08,CS,2100,2100,0,0.762,1601.2,32.025,17.87,0.558,0.442,17.87,14.16,4.440669071826829,10.98,10.98,8.7
ALC,2026-09,CS,2100,2100,0,0.75,1575.0,31.5,17.55,0.557,0.443,17.55,13.95,4.424139061987537,10.98,10.98,8.73
ALC,2026-10,CS,2100,2100,0,0.738,1548.8,30.975,17.19,0.555,0.445,17.19,13.78,4.3993440472286,8.15,8.15,6.53
ALC,2026-11,CS,2100,2100,0,0.725,1522.5,30.45,16.87,0.554,0.446,16.87,13.58,4.376320104952444,8.15,8.15,6.56
ALC,2026-12,CS,2100,2100,0,0.713,1496.2,29.925,16.55,0.553,0.447,16.55,13.38,4.35742866513611,8.15,8.15,6.59
ALC,2027-01,CS,2100,2100,0,0.7,1470.0,29.4,16.23,0.552,0.448,16.23,13.17,4.322597572974746,8.15,8.15,6.61
ALC,2027-02,CS,2100,2100,0,0.688,1443.8,28.875,15.88,0.55,0.45,15.88,12.99,4.28481469334208,8.15,8.15,6.67
ALC,2027-03,CS,2100,2100,0,0.675,1417.5,28.35,15.56,0.549,0.451,15.56,12.79,4.239357166284028,8.15,8.15,6.7
ALC,2027-04,CS,2100,2100,0,0.662,1391.2,34.7812,19.48,0.56,0.44,19.48,15.3,5.176844867169564,8.11,8.11,6.37
ALC,2027-05,CS,2100,2100,0,0.65,1365.0,33.5562,18.69,0.557,0.443,18.69,14.87,5.2028205969170225,8.11,8.11,6.45
ALC,2027-06,CS,2100,2100,0,0.637,1338.8,32.3531,17.92,0.554,0.446,17.92,14.43,5.225844539193178,8.11,8.11,6.53
ALC,2027-07,CS,2100,2100,0,0.625,1312.5,31.1719,17.18,0.551,0.449,17.18,14.0,5.2488684814693345,8.11,8.11,6.61
ALC,2027-08,CS,2100,2100,0,0.613,1286.2,30.0125,16.45,0.548,0.452,16.45,13.57,5.2665792062971475,8.11,8.11,6.69
ALC,2027-09,CS,2100,2100,0,0.6,1260.0,28.875,15.74,0.545,0.455,15.74,13.14,5.276615283699574,8.11,8.11,6.77
ALC,2027-10,CS,2100,2100,0,0.588,1233.8,27.7594,14.99,0.54,0.46,14.99,12.77,5.248278123975074,5.51,5.51,4.69
ALC,2027-11,CS,2100,2100,0,0.575,1207.5,26.6656,14.32,0.537,0.463,14.32,12.35,5.259494916366022,5.51,5.51,4.75
ALC,2027-12,CS,2100,2100,0,0.562,1181.2,25.5938,13.67,0.534,0.466,13.67,11.93,5.268350278779928,5.51,5.51,4.81
ALC,2028-01,CS,2100,2100,0,0.55,1155.0,24.5437,13.06,0.532,0.468,13.06,11.49,5.290783863561825,5.51,5.51,4.85
ALC,2028-02,CS,2100,2100,0,0.537,1128.8,23.5156,12.44,0.529,0.471,12.44,11.08,5.216989176779273,5.51,5.51,4.91
ALC,2028-03,CS,2100,2100,0,0.525,1102.5,22.5094,11.86,0.527,0.473,11.86,10.65,5.148507707445064,5.51,5.51,4.95
ALC,2028-04,CS,2100,2100,0,0.512,1076.2,21.525,11.26,0.523,0.477,11.26,10.27,5.128435552640211,3.71,3.71,3.38
ALC,2028-05,CS,2100,2100,0,0.5,1050.0,21.0,10.96,0.522,0.478,10.96,10.04,5.049918005903574,3.71,3.71,3.4
ALC,2028-06,CS,2100,2100,0,0.487,1023.8,20.475,10.65,0.52,0.48,10.65,9.83,5.046966218432274,3.71,3.71,3.42
ALC,2028-07,CS,2100,2100,0,0.475,997.5,19.95,10.23,0.513,0.487,10.23,9.72,4.8090521482453275,3.71,3.71,3.52
ALC,2028-08,CS,2100,2100,0,0.462,971.2,19.425,9.95,0.512,0.488,9.95,9.48,4.817317153164972,3.71,3.71,3.54
ALC,2028-09,CS,2100,2100,0,0.45,945.0,18.9,9.66,0.511,0.489,9.66,9.24,4.751197113807807,3.71,3.71,3.55
ALC,2028-10,CS,2100,2100,0,0.438,918.8,18.375,9.37,0.51,0.49,9.37,9.0,4.758281403738931,2.69,2.69,2.58
ALC,2028-11,CS,2100,2100,0,0.425,892.5,17.85,9.09,0.509,0.491,9.09,8.76,4.746474253853723,2.69,2.69,2.59
ALC,2028-12,CS,2100,2100,0,0.412,866.2,17.325,8.82,0.509,0.491,8.82,8.51,4.6608724171859635,2.69,2.69,2.59
ALC,2029-01,CS,2100,2100,0,0.4,840.0,16.8,8.48,0.505,0.495,8.48,8.32,4.607740242702525,2.69,2.69,2.64
ALC,2029-02,CS,2100,2100,0,0.387,813.7,16.275,8.22,0.505,0.495,8.22,8.06,4.601836667759922,2.69,2.69,2.64
ALC,2029-03,CS,2100,2100,0,0.375,787.5,15.75,7.94,0.504,0.496,7.94,7.81,4.533945555919974,2.69,2.69,2.65
ALC,2029-04,CS,2100,2100,0,0.362,761.2,15.225,7.63,0.501,0.499,7.63,7.6,5.365759265332897,0.26,0.26,0.26
ALC,2029-05,CS,2100,2100,0,0.0,0.0,0.0,0.0,0.45,0.55,0.0,0.0,5.4,0.26,0.26,0.32
ALC,2029-06,CS,2100,2100,0,0.0,0.0,0.0,0.0,0.45,0.55,0.0,0.0,5.382289275172188,0.26,0.26,0.32
ALC,2029-07,CS,2100,2100,0,0.0,0.0,0.0,0.0,0.45,0.55,0.0,0.0,5.315578878320761,0.26,0.26,0.32
ALC,2029-08,CS,2100,2100,0,0.0,0.0,0.0,0.0,0.45,0.55,0.0,0.0,5.319711380780585,0.26,0.26,0.32
ALC,2029-09,CS,2100,2100,0,0.0,0.0,0.0,0.0,0.45,0.55,0.0,0.0,5.307313873401116,0.26,0.26,0.32
ALC,2029-10,CS,2100,2100,0,0.0,0.0,0.0,0.0,0.45,0.55,0.0,0.0,5.311446375860938,0.0,0.0,0.0
ALC,2029-11,CS,2100,2100,0,0.0,0.0,0.0,0.0,0.45,0.55,0.0,0.0,5.2488684814693345,0.0,0.0,0.0
ALC,2029-12,CS,2100,2100,0,0.0,0.0,0.0,0.0,0.45,0.55,0.0,0.0,5.2411938340439495,0.0,0.0,0.0
ALC,2030-01,CS,2100,2100,0,0.0,0.0,0.0,0.0,0.45,0.55,0.0,0.0,5.1827484421121675,0.0,0.0,0.0
ALC,2030-02,CS,2100,2100,0,0.0,0.0,0.0,0.0,0.45,0.55,0.0,0.0,5.120760905214825,0.0,0.0,0.0
ALC,2030-03,CS,2100,2100,0,0.0,0.0,0.0,0.0,0.45,0.55,0.0,0.0,5.121941620203346,0.0,0.0,0.0
ALC,2030-04,CS,2100,2100,0,0.0,0.0,0.0,0.0,0.45,0.55,0.0,0.0,5.199868809445721,0.0,0.0,0.0
ALC,2030-05,CS,2100,2100,0,0.0,0.0,0.0,0.0,0.45,0.55,0.0,0.0,5.126664480157429,0.0,0.0,0.0
ALC,2030-06,CS,2100,2100,0,0.0,0.0,0.0,0.0,0.45,0.55,0.0,0.0,5.121351262709085,0.0,0.0,0.0
ALC,2030-07,CS,2100,2100,0,0.0,0.0,0.0,0.0,0.45,0.55,0.0,0.0,5.048146933420795,0.0,0.0,0.0
ALC,2030-08,CS,2100,2100,0,0.0,0.0,0.0,0.0,0.45,0.55,0.0,0.0,4.9548704493276485,0.0,0.0,0.0
ALC,2030-09,CS,2100,2100,0,0.0,0.0,0.0,0.0,0.45,0.55,0.0,0.0,4.9548704493276485,0.0,0.0,0.0
ALC,2030-10,CS,2100,2100,0,0.0,0.0,0.0,0.0,0.45,0.55,0.0,0.0,4.8627746802230245,0.0,0.0,0.0
ALC,2030-11,CS,2100,2100,0,0.0,0.0,0.0,0.0,0.45,0.55,0.0,0.0,4.755329616267629,0.0,0.0,0.0
ALC,2030-12,CS,2100,2100,0,0.0,0.0,0.0,0.0,0.45,0.55,0.0,0.0,4.720498524106265,0.0,0.0,0.0
ALC,2031-01,CS,2100,2100,0,0.0,0.0,0.0,0.0,0.45,0.55,0.0,0.0,4.6289931124959,0.0,0.0,0.0
ALC,2031-02,CS,2100,2100,0,0.0,0.0,0.0,0.0,0.45,0.55,0.0,0.0,4.52745162348311,0.0,0.0,0.0
ALC,2031-03,CS,2100,2100,0,0.0,0.0,0.0,0.0,0.45,0.55,0.0,0.0,4.506789111183996,0.0,0.0,0.0
ALC,2031-04,CS,2100,2100,0,0.0,0.0,0.0,0.0,0.45,0.55,0.0,0.0,4.549294850770745,0.0,0.0,0.0
ALC,2031-05,CS,2100,2100,0,0.0,0.0,0.0,0.0,0.45,0.55,0.0,0.0,4.461921941620203,0.0,0.0,0.0
ALC,2031-06,CS,2100,2100,0,0.0,0.0,0.0,0.0,0.45,0.55,0.0,0.0,4.4259101344703184,0.0,0.0,0.0
ALC,2031-07,CS,2100,2100,0,0.0,0.0,0.0,0.0,0.45,0.55,0.0,0.0,4.482584453919318,0.0,0.0,0.0
ALC,2031-08,CS,2100,2100,0,0.0,0.0,0.0,0.0,0.45,0.55,0.0,0.0,4.386946539849132,0.0,0.0,0.0
ALC,2031-09,CS,2100,2100,0,0.0,0.0,0.0,0.0,0.45,0.55,0.0,0.0,4.346802230239423,0.0,0.0,0.0
ALC,2031-10,CS,2100,2100,0,0.0,0.0,0.0,0.0,0.45,0.55,0.0,0.0,4.254706461134798,0.0,0.0,0.0
ALC,2031-11,CS,2100,2100,0,0.0,0.0,0.0,0.0,0.45,0.55,0.0,0.0,4.160839619547393,0.0,0.0,0.0
ALC,2031-12,CS,2100,2100,0,0.0,0.0,0.0,0.0,0.45,0.55,0.0,0.0,4.123647097408988,0.0,0.0,0.0
ALC,2032-01,CS,2100,2100,0,0.0,0.0,0.0,0.0,0.45,0.55,0.0,0.0,4.031551328304363,0.0,0.0,0.0
ALC,2032-02,CS,2100,2100,0,0.0,0.0,0.0,0.0,0.45,0.55,0.0,0.0,3.938865201705478,0.0,0.0,0.0
ALC,2032-03,CS,2100,2100,0,0.0,0.0,0.0,0.0,0.45,0.55,0.0,0.0,3.9170219744178416,0.0,0.0,0.0
ALC,2032-04,CS,2100,2100,0,0.0,0.0,0.0,0.0,0.45,0.55,0.0,0.0,3.8137094129222695,0.0,0.0,0.0
ALC,2032-05,CS,2100,2100,0,0.0,0.0,0.0,0.0,0.45,0.55,0.0,0.0,3.731649721220072,0.0,0.0,0.0
ALC,2032-06,CS,2100,2100,0,0.0,0.0,0.0,0.0,0.45,0.55,0.0,0.0,3.7269268612659894,0.0,0.0,0.0
ALC,2032-07,CS,2100,2100,0,0.0,0.0,0.0,0.0,0.45,0.55,0.0,0.0,3.644867169563792,0.0,0.0,0.0
ALC,2032-08,CS,2100,2100,0,0.0,0.0,0.0,0.0,0.45,0.55,0.0,0.0,3.5527714004591675,0.0,0.0,0.0
ALC,2032-09,CS,2100,2100,0,0.0,0.0,0.0,0.0,0.45,0.55,0.0,0.0,3.547458183010823,0.0,0.0,0.0
ALC,2032-10,CS,2100,2100,0,0.0,0.0,0.0,0.0,0.45,0.55,0.0,0.0,3.6259757297474584,0.0,0.0,0.0
ALC,2032-11,CS,2100,2100,0,0.0,0.0,0.0,0.0,0.45,0.55,0.0,0.0,3.525614955723188,0.0,0.0,0.0
ALC,2032-12,CS,2100,2100,0,0.0,0.0,0.0,0.0,0.45,0.55,0.0,0.0,3.515578878320761,0.0,0.0,0.0
ALC,2033-01,CS,2100,2100,0,0.0,0.0,0.0,0.0,0.45,0.55,0.0,0.0,3.415808461790751,0.0,0.0,0.0
ALC,2033-02,CS,2100,2100,0,0.0,0.0,0.0,0.0,0.45,0.55,0.0,0.0,3.4040013119055432,0.0,0.0,0.0
ALC,2033-03,CS,2100,2100,0,0.0,0.0,0.0,0.0,0.45,0.55,0.0,0.0,3.3030501803870127,0.0,0.0,0.0
ALC,2033-04,CS,2100,2100,0,0.0,0.0,0.0,0.0,0.45,0.55,0.0,0.0,3.474253853722532,0.0,0.0,0.0
ALC,2033-05,CS,2100,2100,0,0.0,0.0,0.0,0.0,0.45,0.55,0.0,0.0,3.3656280747786163,0.0,0.0,0.0
ALC,2033-06,CS,2100,2100,0,0.0,0.0,0.0,0.0,0.45,0.55,0.0,0.0,3.348507707445064,0.0,0.0,0.0
ALC,2033-07,CS,2100,2100,0,0.0,0.0,0.0,0.0,0.45,0.55,0.0,0.0,3.348507707445064,0.0,0.0,0.0
ALC,2033-08,CS,2100,2100,0,0.0,0.0,0.0,0.0,0.45,0.55,0.0,0.0,3.340242702525418,0.0,0.0,0.0
ALC,2033-09,CS,2100,2100,0,0.0,0.0,0.0,0.0,0.45,0.55,0.0,0.0,3.254640865857658,0.0,0.0,0.0
ALC,2033-10,CS,2100,2100,0,0.0,0.0,0.0,0.0,0.45,0.55,0.0,0.0,3.2505083633978358,0.0,0.0,0.0
ALC,2033-11,CS,2100,2100,0,0.0,0.0,0.0,0.0,0.45,0.55,0.0,0.0,3.1660872417185963,0.0,0.0,0.0
ALC,2033-12,CS,2100,2100,0,0.0,0.0,0.0,0.0,0.45,0.55,0.0,0.0,3.1619547392587735,0.0,0.0,0.0
ALC,2034-01,CS,2100,2100,0,0.0,0.0,0.0,0.0,0.45,0.55,0.0,0.0,3.1560511643161693,0.0,0.0,0.0
ALC,2034-02,CS,2100,2100,0,0.0,0.0,0.0,0.0,0.45,0.55,0.0,0.0,3.1513283043620857,0.0,0.0,0.0
ALC,2034-03,CS,2100,2100,0,0.0,0.0,0.0,0.0,0.45,0.55,0.0,0.0,3.1477861593965235,0.0,0.0,0.0
ALC,2034-04,CS,2100,2100,0,0.0,0.0,0.0,0.0,0.45,0.55,0.0,0.0,3.1412922269596586,0.0,0.0,0.0
ALC,2034-05,CS,2100,2100,0,0.0,0.0,0.0,0.0,0.45,0.55,0.0,0.0,3.1365693670055754,0.0,0.0,0.0
ALC,2034-06,CS,2100,2100,0,0.0,0.0,0.0,0.0,0.45,0.55,0.0,0.0,3.1330272220400133,0.0,0.0,0.0
ALC,2034-07,CS,2100,2100,0,0.0,0.0,0.0,0.0,0.45,0.55,0.0,0.0,3.1253525746146282,0.0,0.0,0.0
ALC,2034-08,CS,2100,2100,0,0.0,0.0,0.0,0.0,0.45,0.55,0.0,0.0,3.1212200721548053,0.0,0.0,0.0
ALC,2034-09,CS,2100,2100,0,0.0,0.0,0.0,0.0,0.45,0.55,0.0,0.0,3.1176779271892423,0.0,0.0,0.0
ALC,2034-10,CS,2100,2100,0,0.0,0.0,0.0,0.0,0.45,0.55,0.0,0.0,3.112955067235159,0.0,0.0,0.0
ALC,2034-11,CS,2100,2100,0,0.0,0.0,0.0,0.0,0.45,0.55,0.0,0.0,3.107051492292555,0.0,0.0,0.0
ALC,2034-12,CS,2100,2100,0,0.0,0.0,0.0,0.0,0.45,0.55,0.0,0.0,3.1029189898327325,0.0,0.0,0.0
ALC,2035-01,CS,2100,2100,0,0.0,0.0,0.0,0.0,0.45,0.55,0.0,0.0,3.098196129878649,0.0,0.0,0.0
ALC,2035-02,CS,2100,2100,0,0.0,0.0,0.0,0.0,0.45,0.55,0.0,0.0,3.0922925549360447,0.0,0.0,0.0
ALC,2035-03,CS,2100,2100,0,0.0,0.0,0.0,0.0,0.45,0.55,0.0,0.0,3.0869793374877013,0.0,0.0,0.0
ALC,2035-04,CS,2100,2100,0,0.0,0.0,0.0,0.0,0.45,0.55,0.0,0.0,3.083437192522139,0.0,0.0,0.0
ALC,2035-05,CS,2100,2100,0,0.0,0.0,0.0,0.0,0.45,0.55,0.0,0.0,3.076943260085274,0.0,0.0,0.0
ALC,2035-06,CS,2100,2100,0,0.0,0.0,0.0,0.0,0.45,0.55,0.0,0.0,3.0728107576254513,0.0,0.0,0.0
ALC,2035-07,CS,2100,2100,0,0.0,0.0,0.0,0.0,0.45,0.55,0.0,0.0,3.068678255165628,0.0,0.0,0.0
ALC,2035-08,CS,2100,2100,0,0.0,0.0,0.0,0.0,0.45,0.55,0.0,0.0,3.062774680223024,0.0,0.0,0.0
ALC,2035-09,CS,2100,2100,0,0.0,0.0,0.0,0.0,0.45,0.55,0.0,0.0,3.0580518202689406,0.0,0.0,0.0
ALC,2035-10,CS,2100,2100,0,0.0,0.0,0.0,0.0,0.45,0.55,0.0,0.0,3.0539193178091186,0.0,0.0,0.0
ALC,2035-11,CS,2100,2100,0,0.0,0.0,0.0,0.0,0.45,0.55,0.0,0.0,3.0474253853722537,0.0,0.0,0.0
ALC,2035-12,CS,2100,2100,0,0.0,0.0,0.0,0.0,0.45,0.55,0.0,0.0,3.04270252541817,0.0,0.0,0.0
ALC,2036-01,CS,2100,2100,0,0.0,0.0,0.0,0.0,0.45,0.55,0.0,0.0,3.0391603804526075,0.0,0.0,0.0
ALC,2036-02,CS,2100,2100,0,0.0,0.0,0.0,0.0,0.45,0.55,0.0,0.0,3.0344375204985243,0.0,0.0,0.0
ALC,2036-03,CS,2100,2100,0,0.0,0.0,0.0,0.0,0.45,0.55,0.0,0.0,3.02853394555592,0.0,0.0,0.0
VYV,2026-04,CS,2400,2400,0,1.345,3227.7,64.5544,44.74,0.693,0.307,44.74,19.82,0.0,26.87,26.87,11.9
VYV,2026-05,CS,2400,2400,0,1.341,3219.0,64.3808,44.68,0.694,0.306,44.68,19.7,0.0,26.87,26.87,11.85
VYV,2026-06,CS,2400,2400,0,1.338,3210.4,64.2073,44.56,0.694,0.306,44.56,19.65,0.0,26.87,26.87,11.85
VYV,2026-07,CS,2400,2400,0,1.334,3201.7,64.0338,42.65,0.666,0.334,42.65,21.39,6.022280529135235,26.87,26.87,13.48
VYV,2026-08,CS,2400,2400,0,1.33,3193.0,63.8602,42.53,0.666,0.334,42.53,21.33,6.003126708210342,26.87,26.87,13.48
VYV,2026-09,CS,2400,2400,0,1.327,3184.3,63.6867,42.42,0.666,0.334,42.42,21.27,5.980780583797966,26.87,26.87,13.48
VYV,2026-10,CS,2400,2400,0,1.323,3175.7,63.5132,42.3,0.666,0.334,42.3,21.21,5.947261397179403,24.52,24.52,12.3
VYV,2026-11,CS,2400,2400,0,1.32,3167.0,63.3396,42.18,0.666,0.334,42.18,21.16,5.9161364381764505,24.52,24.52,12.3
VYV,2026-12,CS,2400,2400,0,1.316,3158.3,63.1661,42.19,0.668,0.332,42.19,20.97,5.890598010276594,24.52,24.52,12.19
VYV,2027-01,CS,2400,2400,0,1.312,3149.6,62.9926,42.08,0.668,0.332,42.08,20.91,5.84351153383623,24.52,24.52,12.19
VYV,2027-02,CS,2400,2400,0,1.309,3141.0,62.819,41.96,0.668,0.332,41.96,20.86,5.792434678036515,24.52,24.52,12.19
VYV,2027-03,CS,2400,2400,0,1.305,3132.3,62.6455,41.85,0.668,0.332,41.85,20.8,5.7309828359024815,24.52,24.52,12.19
VYV,2027-04,CS,2400,2400,0,1.301,3123.6,62.472,40.48,0.648,0.352,40.48,21.99,6.998327320432929,21.64,21.64,11.76
VYV,2027-05,CS,2400,2400,0,1.294,3106.2,62.1249,40.26,0.648,0.352,40.26,21.87,7.0334426587952334,21.64,21.64,11.76
VYV,2027-06,CS,2400,2400,0,1.287,3088.9,61.7778,40.09,0.649,0.351,40.09,21.68,7.064567617798184,21.64,21.64,11.7
VYV,2027-07,CS,2400,2400,0,1.28,3071.5,61.4308,39.87,0.649,0.351,39.87,21.56,7.095692576801136,21.64,21.64,11.7
VYV,2027-08,CS,2400,2400,0,1.273,3054.2,61.0837,39.64,0.649,0.351,39.64,21.44,7.119634852957255,21.64,21.64,11.7
VYV,2027-09,CS,2400,2400,0,1.265,3036.8,60.7366,39.48,0.65,0.35,39.48,21.26,7.133202142779053,21.64,21.64,11.65
VYV,2027-10,CS,2400,2400,0,1.258,3019.5,60.3896,39.01,0.646,0.354,39.01,21.38,7.094894500929265,21.29,21.29,11.67
VYV,2027-11,CS,2400,2400,0,1.251,3002.1,60.0425,38.79,0.646,0.354,38.79,21.26,7.110057942494807,21.29,21.29,11.67
VYV,2027-12,CS,2400,2400,0,1.244,2984.8,59.6954,38.62,0.647,0.353,38.62,21.07,7.122029080572864,21.29,21.29,11.62
VYV,2028-01,CS,2400,2400,0,1.236,2967.4,59.3484,38.46,0.648,0.352,38.46,20.89,7.152355963703947,21.29,21.29,11.56
VYV,2028-02,CS,2400,2400,0,1.229,2950.1,59.0013,38.29,0.649,0.351,38.29,20.71,7.052596479720128,21.29,21.29,11.51
VYV,2028-03,CS,2400,2400,0,1.222,2932.7,58.6542,38.13,0.65,0.35,38.13,20.53,6.960019678583142,21.29,21.29,11.46
VYV,2028-04,CS,2400,2400,0,1.215,2915.4,58.3072,37.78,0.648,0.352,37.78,20.52,6.932885098939543,31.06,31.06,16.87
VYV,2028-05,CS,2400,2400,0,1.208,2898.0,57.9601,37.56,0.648,0.352,37.56,20.4,6.8267410079807584,31.06,31.06,16.87
VYV,2028-06,CS,2400,2400,0,1.2,2880.7,57.613,37.33,0.648,0.352,37.33,20.28,6.822750628621407,31.06,31.06,16.87
VYV,2028-07,CS,2400,2400,0,1.193,2863.3,96.7795,73.07,0.755,0.245,73.07,23.71,6.501126052257571,31.06,31.06,10.08
VYV,2028-08,CS,2400,2400,0,1.186,2845.9,93.1336,69.66,0.748,0.252,69.66,23.47,6.512299114463758,31.06,31.06,10.46
VYV,2028-09,CS,2400,2400,0,1.179,2828.6,89.5721,66.37,0.741,0.259,66.37,23.2,6.422914616814256,31.06,31.06,10.86
VYV,2028-10,CS,2400,2400,0,1.171,2811.2,86.0942,63.11,0.733,0.267,63.11,22.99,6.432491527276702,32.98,32.98,12.01
VYV,2028-11,CS,2400,2400,0,1.164,2793.9,82.699,59.96,0.725,0.275,59.96,22.74,6.416530009839292,32.98,32.98,12.51
VYV,2028-12,CS,2400,2400,0,1.157,2776.5,79.3857,57.0,0.718,0.282,57.0,22.39,6.30080900841806,32.98,32.98,12.95
VYV,2029-01,CS,2400,2400,0,1.15,2759.2,76.1533,53.38,0.701,0.299,53.38,22.77,6.22898217994971,32.98,32.98,14.07
VYV,2029-02,CS,2400,2400,0,1.142,2741.8,73.0011,50.74,0.695,0.305,50.74,22.27,6.221001421231005,32.98,32.98,14.47
VYV,2029-03,CS,2400,2400,0,1.135,2724.5,69.9281,48.11,0.688,0.312,48.11,21.82,6.12922269596589,32.98,32.98,14.96
VYV,2029-04,CS,2400,2400,0,1.128,2707.1,66.9335,45.11,0.674,0.326,45.11,21.82,7.253711599431507,23.83,23.83,11.53
VYV,2029-05,CS,2400,2400,0,1.121,2689.8,64.0164,42.96,0.671,0.329,42.96,21.06,7.3,23.83,23.83,11.68
VYV,2029-06,CS,2400,2400,0,1.114,2672.4,61.176,40.62,0.664,0.336,40.62,20.56,7.276057723843883,23.83,23.83,12.06
VYV,2029-07,CS,2400,2400,0,1.106,2655.1,58.4113,38.43,0.658,0.342,38.43,19.98,7.185875150322509,23.83,23.83,12.39
VYV,2029-08,CS,2400,2400,0,1.099,2637.7,57.1503,37.49,0.656,0.344,37.49,19.66,7.191461681425604,23.83,23.83,12.5
VYV,2029-09,CS,2400,2400,0,1.092,2620.4,55.9008,36.56,0.654,0.346,36.56,19.34,7.174702088116323,23.83,23.83,12.61
VYV,2029-10,CS,2400,2400,0,1.085,2603.0,54.663,35.59,0.651,0.349,35.59,19.08,7.180288619219415,21.17,21.17,11.35
VYV,2029-11,CS,2400,2400,0,1.077,2585.6,53.4367,34.73,0.65,0.35,34.73,18.7,7.095692576801136,21.17,21.17,11.4
VYV,2029-12,CS,2400,2400,0,1.07,2568.3,52.2219,33.84,0.648,0.352,33.84,18.38,7.085317590466819,21.17,21.17,11.5
VYV,2030-01,CS,2400,2400,0,1.063,2550.9,51.0188,33.01,0.647,0.353,33.01,18.01,7.0063080791516335,21.17,21.17,11.55
VYV,2030-02,CS,2400,2400,0,1.056,2533.6,50.6717,32.78,0.647,0.353,32.78,17.89,6.922510112605225,21.17,21.17,11.55
VYV,2030-03,CS,2400,2400,0,1.048,2516.2,50.3246,32.56,0.647,0.353,32.56,17.76,6.924106264348968,21.17,21.17,11.55
VYV,2030-04,CS,2400,2400,0,1.041,2498.9,49.9776,31.99,0.64,0.36,31.99,17.99,7.029452279435881,19.58,19.58,11.01
VYV,2030-05,CS,2400,2400,0,1.025,2459.8,49.1967,31.44,0.639,0.361,31.44,17.76,6.930490871323932,19.58,19.58,11.06
VYV,2030-06,CS,2400,2400,0,1.009,2420.8,48.4158,30.94,0.639,0.361,30.94,17.48,6.923308188477096,19.58,19.58,11.06
VYV,2030-07,CS,2400,2400,0,0.992,2381.7,47.6349,30.39,0.638,0.362,30.39,17.24,6.824346780365148,19.58,19.58,11.11
VYV,2030-08,CS,2400,2400,0,0.976,2342.7,46.854,29.89,0.638,0.362,29.89,16.96,6.698250792609599,19.58,19.58,11.11
VYV,2030-09,CS,2400,2400,0,0.96,2303.7,46.0731,29.35,0.637,0.363,29.35,16.72,6.698250792609599,19.58,19.58,11.16
VYV,2030-10,CS,2400,2400,0,0.944,2264.6,45.2922,28.85,0.637,0.363,28.85,16.44,6.573750956597792,19.22,19.22,10.95
VYV,2030-11,CS,2400,2400,0,0.927,2225.6,44.5113,28.35,0.637,0.363,28.35,16.16,6.428501147917349,19.22,19.22,10.95
VYV,2030-12,CS,2400,2400,0,0.911,2186.5,43.7304,27.86,0.637,0.363,27.86,15.87,6.381414671476988,19.22,19.22,10.95
VYV,2031-01,CS,2400,2400,0,0.895,2147.5,42.9495,27.32,0.636,0.364,27.32,15.63,6.25771291133705,19.22,19.22,11.0
VYV,2031-02,CS,2400,2400,0,0.879,2108.4,42.1686,26.82,0.636,0.364,26.82,15.35,6.120443861375314,19.22,19.22,11.0
VYV,2031-03,CS,2400,2400,0,0.862,2069.4,41.3877,26.28,0.635,0.365,26.28,15.11,6.092511205859845,19.22,19.22,11.05
VYV,2031-04,CS,2400,2400,0,0.846,2030.3,40.6068,25.74,0.634,0.366,25.74,14.86,6.1499726686345255,19.22,19.22,11.1
VYV,2031-05,CS,2400,2400,0,0.83,1991.3,39.8259,25.21,0.633,0.367,25.21,14.62,6.031857439597682,19.22,19.22,11.14
VYV,2031-06,CS,2400,2400,0,0.813,1952.2,39.045,24.68,0.632,0.368,24.68,14.37,5.983174811413578,19.22,19.22,11.19
VYV,2031-07,CS,2400,2400,0,0.797,1913.2,38.2641,24.87,0.65,0.35,24.87,13.39,6.0597900951131525,19.22,19.22,10.35
VYV,2031-08,CS,2400,2400,0,0.781,1874.2,37.4832,24.29,0.648,0.352,24.29,13.19,5.930501803870121,19.22,19.22,10.44
VYV,2031-09,CS,2400,2400,0,0.765,1835.1,36.7023,23.71,0.646,0.354,23.71,12.99,5.876232644582923,19.22,19.22,10.53
VYV,2031-10,CS,2400,2400,0,0.748,1796.1,35.9214,23.13,0.644,0.356,23.13,12.79,5.7517328085711155,18.46,18.46,10.2
VYV,2031-11,CS,2400,2400,0,0.732,1757.0,35.1405,22.6,0.643,0.357,22.6,12.55,5.624838744943698,18.46,18.46,10.25
VYV,2031-12,CS,2400,2400,0,0.716,1718.0,34.3596,22.02,0.641,0.359,22.02,12.34,5.574559965015853,18.46,18.46,10.34
VYV,2032-01,CS,2400,2400,0,0.7,1678.9,33.5787,21.46,0.639,0.361,21.46,12.12,5.450060129004045,18.46,18.46,10.43
VYV,2032-02,CS,2400,2400,0,0.683,1639.9,32.7978,20.89,0.637,0.363,20.89,11.91,5.324762217120368,18.46,18.46,10.52
VYV,2032-03,CS,2400,2400,0,0.667,1600.8,32.0169,20.3,0.634,0.366,20.3,11.72,5.295233409861156,18.46,18.46,10.66
VYV,2032-04,CS,2400,2400,0,0.651,1561.8,31.236,19.77,0.633,0.367,19.77,11.46,5.155570132283808,16.42,16.42,9.52
VYV,2032-05,CS,2400,2400,0,0.634,1522.8,30.4551,19.19,0.63,0.37,19.19,11.27,5.044637586093801,16.42,16.42,9.64
VYV,2032-06,CS,2400,2400,0,0.618,1483.7,29.6742,18.64,0.628,0.372,18.64,11.04,5.038252979118837,16.42,16.42,9.73
VYV,2032-07,CS,2400,2400,0,0.602,1444.7,28.8933,18.06,0.625,0.375,18.06,10.83,4.92732043292883,16.42,16.42,9.85
VYV,2032-08,CS,2400,2400,0,0.586,1405.6,28.1124,17.51,0.623,0.377,17.51,10.6,4.802820596917022,16.42,16.42,9.94
VYV,2032-09,CS,2400,2400,0,0.569,1366.6,27.3315,16.95,0.62,0.38,16.95,10.39,4.795637914070187,16.42,16.42,10.06
VYV,2032-10,CS,2400,2400,0,0.553,1327.5,26.5506,17.13,0.645,0.355,17.13,9.43,4.901782005028971,15.88,15.88,8.74
VYV,2032-11,CS,2400,2400,0,0.537,1288.5,25.7697,16.54,0.642,0.358,16.54,9.23,4.766109106810976,15.88,15.88,8.86
VYV,2032-12,CS,2400,2400,0,0.521,1249.4,24.9888,15.92,0.637,0.363,15.92,9.07,4.752541816989177,15.88,15.88,9.05
VYV,2033-01,CS,2400,2400,0,0.504,1210.4,24.2079,15.35,0.634,0.366,15.35,8.86,4.617666994643052,15.88,15.88,9.17
VYV,2033-02,CS,2400,2400,0,0.488,1171.3,23.427,14.74,0.629,0.371,14.74,8.69,4.601705477205641,15.88,15.88,9.37
VYV,2033-03,CS,2400,2400,0,0.472,1132.3,22.6461,14.15,0.625,0.375,14.15,8.49,4.465234503115776,15.88,15.88,9.53
VYV,2033-04,CS,2400,2400,0,0.0,0.0,0.0,0.0,0.45,0.55,0.0,0.0,4.696676505958237,0.0,0.0,0.0
VYV,2033-05,CS,2400,2400,0,0.0,0.0,0.0,0.0,0.45,0.55,0.0,0.0,4.549830545534055,0.0,0.0,0.0
VYV,2033-06,CS,2400,2400,0,0.0,0.0,0.0,0.0,0.45,0.55,0.0,0.0,4.526686345249808,0.0,0.0,0.0
VYV,2033-07,CS,2400,2400,0,0.0,0.0,0.0,0.0,0.45,0.55,0.0,0.0,4.526686345249808,0.0,0.0,0.0
VYV,2033-08,CS,2400,2400,0,0.0,0.0,0.0,0.0,0.45,0.55,0.0,0.0,4.515513283043621,0.0,0.0,0.0
VYV,2033-09,CS,2400,2400,0,0.0,0.0,0.0,0.0,0.45,0.55,0.0,0.0,4.399792281622389,0.0,0.0,0.0
VYV,2033-10,CS,2400,2400,0,0.0,0.0,0.0,0.0,0.45,0.55,0.0,0.0,4.394205750519296,0.0,0.0,0.0
VYV,2033-11,CS,2400,2400,0,0.0,0.0,0.0,0.0,0.45,0.55,0.0,0.0,4.2800809008418055,0.0,0.0,0.0
VYV,2033-12,CS,2400,2400,0,0.0,0.0,0.0,0.0,0.45,0.55,0.0,0.0,4.274494369738712,0.0,0.0,0.0
VYV,2034-01,CS,2400,2400,0,0.0,0.0,0.0,0.0,0.45,0.55,0.0,0.0,4.266513611020006,0.0,0.0,0.0
VYV,2034-02,CS,2400,2400,0,0.0,0.0,0.0,0.0,0.45,0.55,0.0,0.0,4.260129004045042,0.0,0.0,0.0
VYV,2034-03,CS,2400,2400,0,0.0,0.0,0.0,0.0,0.45,0.55,0.0,0.0,4.255340548813819,0.0,0.0,0.0
VYV,2034-04,CS,2400,2400,0,0.0,0.0,0.0,0.0,0.45,0.55,0.0,0.0,4.246561714223242,0.0,0.0,0.0
VYV,2034-05,CS,2400,2400,0,0.0,0.0,0.0,0.0,0.45,0.55,0.0,0.0,4.240177107248277,0.0,0.0,0.0
VYV,2034-06,CS,2400,2400,0,0.0,0.0,0.0,0.0,0.45,0.55,0.0,0.0,4.235388652017054,0.0,0.0,0.0
VYV,2034-07,CS,2400,2400,0,0.0,0.0,0.0,0.0,0.45,0.55,0.0,0.0,4.225013665682738,0.0,0.0,0.0
VYV,2034-08,CS,2400,2400,0,0.0,0.0,0.0,0.0,0.45,0.55,0.0,0.0,4.219427134579644,0.0,0.0,0.0
VYV,2034-09,CS,2400,2400,0,0.0,0.0,0.0,0.0,0.45,0.55,0.0,0.0,4.21463867934842,0.0,0.0,0.0
VYV,2034-10,CS,2400,2400,0,0.0,0.0,0.0,0.0,0.45,0.55,0.0,0.0,4.208254072373455,0.0,0.0,0.0
VYV,2034-11,CS,2400,2400,0,0.0,0.0,0.0,0.0,0.45,0.55,0.0,0.0,4.200273313654749,0.0,0.0,0.0
VYV,2034-12,CS,2400,2400,0,0.0,0.0,0.0,0.0,0.45,0.55,0.0,0.0,4.194686782551656,0.0,0.0,0.0
VYV,2035-01,CS,2400,2400,0,0.0,0.0,0.0,0.0,0.45,0.55,0.0,0.0,4.188302175576692,0.0,0.0,0.0
VYV,2035-02,CS,2400,2400,0,0.0,0.0,0.0,0.0,0.45,0.55,0.0,0.0,4.180321416857986,0.0,0.0,0.0
VYV,2035-03,CS,2400,2400,0,0.0,0.0,0.0,0.0,0.45,0.55,0.0,0.0,4.173138734011151,0.0,0.0,0.0
VYV,2035-04,CS,2400,2400,0,0.0,0.0,0.0,0.0,0.45,0.55,0.0,0.0,4.168350278779928,0.0,0.0,0.0
VYV,2035-05,CS,2400,2400,0,0.0,0.0,0.0,0.0,0.45,0.55,0.0,0.0,4.159571444189352,0.0,0.0,0.0
VYV,2035-06,CS,2400,2400,0,0.0,0.0,0.0,0.0,0.45,0.55,0.0,0.0,4.153984913086258,0.0,0.0,0.0
VYV,2035-07,CS,2400,2400,0,0.0,0.0,0.0,0.0,0.45,0.55,0.0,0.0,4.148398381983164,0.0,0.0,0.0
VYV,2035-08,CS,2400,2400,0,0.0,0.0,0.0,0.0,0.45,0.55,0.0,0.0,4.140417623264457,0.0,0.0,0.0
VYV,2035-09,CS,2400,2400,0,0.0,0.0,0.0,0.0,0.45,0.55,0.0,0.0,4.134033016289494,0.0,0.0,0.0
VYV,2035-10,CS,2400,2400,0,0.0,0.0,0.0,0.0,0.45,0.55,0.0,0.0,4.128446485186401,0.0,0.0,0.0
VYV,2035-11,CS,2400,2400,0,0.0,0.0,0.0,0.0,0.45,0.55,0.0,0.0,4.119667650595824,0.0,0.0,0.0
VYV,2035-12,CS,2400,2400,0,0.0,0.0,0.0,0.0,0.45,0.55,0.0,0.0,4.113283043620859,0.0,0.0,0.0
VYV,2036-01,CS,2400,2400,0,0.0,0.0,0.0,0.0,0.45,0.55,0.0,0.0,4.108494588389635,0.0,0.0,0.0
VYV,2036-02,CS,2400,2400,0,0.0,0.0,0.0,0.0,0.45,0.55,0.0,0.0,4.102109981414672,0.0,0.0,0.0
VYV,2036-03,CS,2400,2400,0,0.0,0.0,0.0,0.0,0.45,0.55,0.0,0.0,4.094129222695965,0.0,0.0,0.0
VPR,2026-04,CS,2200,418,1782,1.265,754.3,15.0859,7.65,0.507,0.493,7.65,7.44,0.0,3.36,3.36,3.27
VPR,2026-05,CS,2200,418,1782,1.26,751.1,15.0215,7.62,0.507,0.493,7.62,7.41,0.0,3.36,3.36,3.27
VPR,2026-06,CS,2200,418,1782,1.254,747.8,14.957,7.58,0.507,0.493,7.58,7.37,0.0,3.36,3.36,3.27
VPR,2026-07,CS,2200,418,1782,1.249,744.6,14.8925,7.45,0.5,0.5,7.45,7.45,4.867322619438067,3.36,3.36,3.36
VPR,2026-08,CS,2200,418,1782,1.244,741.4,14.8281,7.41,0.5,0.5,7.41,7.41,4.851842134033016,3.36,3.36,3.36
VPR,2026-09,CS,2200,418,1782,1.238,738.2,14.7636,7.38,0.5,0.5,7.38,7.38,4.833781567727123,3.36,3.36,3.36
VPR,2026-10,CS,2200,418,1782,1.233,735.0,14.6991,7.35,0.5,0.5,7.35,7.35,4.8066907182682845,1.72,1.72,1.72
VPR,2026-11,CS,2200,418,1782,1.227,731.7,14.6346,7.32,0.5,0.5,7.32,7.32,4.781534929485077,1.72,1.72,1.72
VPR,2026-12,CS,2200,418,1782,1.222,728.5,14.5702,7.29,0.5,0.5,7.29,7.29,4.760894282278343,1.72,1.72,1.72
VPR,2027-01,CS,2200,418,1782,1.217,725.3,14.5057,7.25,0.5,0.5,7.25,7.25,4.722838088990926,1.72,1.72,1.72
VPR,2027-02,CS,2200,418,1782,1.211,722.1,14.4412,7.22,0.5,0.5,7.22,7.22,4.681556794577458,1.72,1.72,1.72
VPR,2027-03,CS,2200,418,1782,1.206,718.8,14.3768,7.19,0.5,0.5,7.19,7.19,4.631890237236253,1.72,1.72,1.72
VPR,2027-04,CS,2200,418,1782,1.2,715.6,14.3123,7.08,0.495,0.505,7.08,7.23,5.65618235487045,0.85,0.85,0.87
VPR,2027-05,CS,2200,418,1782,1.195,712.4,14.2478,7.05,0.495,0.505,7.05,7.2,5.684563244779709,0.85,0.85,0.87
VPR,2027-06,CS,2200,418,1782,1.189,709.2,14.1834,7.03,0.496,0.504,7.03,7.15,5.709719033562917,0.85,0.85,0.86
VPR,2027-07,CS,2200,418,1782,1.184,705.9,14.1189,7.0,0.496,0.504,7.0,7.12,5.734874822346124,0.85,0.85,0.86
VPR,2027-08,CS,2200,418,1782,1.179,702.7,14.0544,6.97,0.496,0.504,6.97,7.08,5.754225429102439,0.85,0.85,0.86
VPR,2027-09,CS,2200,418,1782,1.173,699.5,13.9899,6.94,0.496,0.504,6.94,7.05,5.765190772931016,0.85,0.85,0.86
VPR,2027-10,CS,2200,418,1782,1.168,696.3,16.7106,8.42,0.504,0.496,8.42,8.29,5.734229802120914,1.56,1.56,1.54
VPR,2027-11,CS,2200,418,1782,1.162,693.1,16.4022,8.27,0.504,0.496,8.27,8.14,5.746485186399913,1.56,1.56,1.54
VPR,2027-12,CS,2200,418,1782,1.157,689.8,16.096,8.1,0.503,0.497,8.1,8.0,5.756160489778069,1.56,1.56,1.54
VPR,2028-01,CS,2200,418,1782,1.152,686.6,15.7919,7.94,0.503,0.497,7.94,7.85,5.780671258336067,1.56,1.56,1.54
VPR,2028-02,CS,2200,418,1782,1.146,683.4,15.4899,7.78,0.502,0.498,7.78,7.71,5.700043730184761,1.56,1.56,1.55
VPR,2028-03,CS,2200,418,1782,1.141,680.2,15.1902,7.63,0.502,0.498,7.63,7.56,5.625221384060348,1.56,1.56,1.55
VPR,2028-04,CS,2200,418,1782,1.135,676.9,14.8925,7.46,0.501,0.499,7.46,7.43,5.603290696403193,1.11,1.11,1.11
VPR,2028-05,CS,2200,418,1782,1.13,673.7,14.597,7.3,0.5,0.5,7.3,7.3,5.517503006450202,1.11,1.11,1.11
VPR,2028-06,CS,2200,418,1782,1.125,670.5,14.3037,7.14,0.499,0.501,7.14,7.17,5.5142779053241515,1.11,1.11,1.11
VPR,2028-07,CS,2200,418,1782,1.119,667.3,14.0125,6.92,0.494,0.506,6.92,7.09,5.254334754564339,1.11,1.11,1.14
VPR,2028-08,CS,2200,418,1782,1.114,664.0,13.7235,6.78,0.494,0.506,6.78,6.94,5.263365037717285,1.11,1.11,1.14
VPR,2028-09,CS,2200,418,1782,1.108,660.8,13.4366,6.64,0.494,0.506,6.64,6.8,5.191122772493714,1.11,1.11,1.14
VPR,2028-10,CS,2200,418,1782,1.103,657.6,13.1518,6.48,0.493,0.507,6.48,6.67,5.198863015196239,0.89,0.89,0.92
VPR,2028-11,CS,2200,418,1782,1.098,654.4,13.0874,6.47,0.494,0.506,6.47,6.62,5.185962610692031,0.89,0.89,0.91
VPR,2028-12,CS,2200,418,1782,1.092,651.1,13.0229,6.43,0.494,0.506,6.43,6.59,5.092434678036515,0.89,0.89,0.91
VPR,2029-01,CS,2200,418,1782,1.087,647.9,12.9584,6.39,0.493,0.507,6.39,6.57,5.034382857767574,0.89,0.89,0.92
VPR,2029-02,CS,2200,418,1782,1.081,644.7,12.894,6.36,0.493,0.507,6.36,6.54,5.02793265551547,0.89,0.89,0.92
VPR,2029-03,CS,2200,418,1782,1.076,641.5,12.8295,6.34,0.494,0.506,6.34,6.49,4.953755329616268,0.89,0.89,0.91
VPR,2029-04,CS,2200,418,1782,1.071,638.3,12.765,6.29,0.493,0.507,6.29,6.47,5.862588826937794,0.28,0.28,0.29
VPR,2029-05,CS,2200,418,1782,1.065,635.0,12.7006,6.27,0.494,0.506,6.27,6.43,5.9,0.28,0.28,0.29
VPR,2029-06,CS,2200,418,1782,1.06,631.8,12.6361,6.24,0.494,0.506,6.24,6.39,5.880649393243687,0.28,0.28,0.29
VPR,2029-07,CS,2200,418,1782,1.054,628.6,12.5716,6.22,0.495,0.505,6.22,6.35,5.807762107794906,0.28,0.28,0.29
VPR,2029-08,CS,2200,418,1782,1.049,625.4,12.5071,6.19,0.495,0.505,6.19,6.32,5.8122772493713795,0.28,0.28,0.29
VPR,2029-09,CS,2200,418,1782,1.043,622.1,12.4427,6.16,0.495,0.505,6.16,6.28,5.79873182464196,0.28,0.28,0.29
VPR,2029-10,CS,2200,418,1782,1.038,618.9,12.3782,6.14,0.496,0.504,6.14,6.24,5.803246966218432,0.16,0.16,0.16
VPR,2029-11,CS,2200,418,1782,1.022,609.2,12.1848,6.04,0.496,0.504,6.04,6.14,5.734874822346124,0.16,0.16,0.16
VPR,2029-12,CS,2200,418,1782,1.006,599.6,11.9914,5.95,0.496,0.504,5.95,6.04,5.726489559418389,0.16,0.16,0.16
VPR,2030-01,CS,2200,418,1782,0.989,589.9,11.798,5.84,0.495,0.505,5.84,5.96,5.662632557122554,0.16,0.16,0.16
VPR,2030-02,CS,2200,418,1782,0.973,580.2,11.6046,5.74,0.495,0.505,5.74,5.86,5.594905433475456,0.16,0.16,0.16
VPR,2030-03,CS,2200,418,1782,0.957,570.6,11.4112,5.65,0.495,0.505,5.65,5.76,5.596195473925879,0.16,0.16,0.16
VPR,2030-04,CS,2200,418,1782,0.941,560.9,11.2177,5.53,0.493,0.507,5.53,5.69,5.681338143653657,0.0,0.0,0.0
VPR,2030-05,CS,2200,418,1782,0.925,551.2,11.0243,5.42,0.492,0.508,5.42,5.6,5.601355635727561,0.0,0.0,0.0
VPR,2030-06,CS,2200,418,1782,0.908,541.5,10.8309,5.33,0.492,0.508,5.33,5.5,5.595550453700667,0.0,0.0,0.0
VPR,2030-07,CS,2200,418,1782,0.892,531.9,10.6375,5.23,0.492,0.508,5.23,5.4,5.515567945774572,0.0,0.0,0.0
VPR,2030-08,CS,2200,418,1782,0.876,522.2,10.4441,5.14,0.492,0.508,5.14,5.31,5.41365475019132,0.0,0.0,0.0
VPR,2030-09,CS,2200,418,1782,0.86,512.5,10.2507,5.04,0.492,0.508,5.04,5.21,5.41365475019132,0.0,0.0,0.0
VPR,2030-10,CS,2200,418,1782,0.843,502.9,10.0573,4.95,0.492,0.508,4.95,5.11,5.31303159505849,0.0,0.0,0.0
VPR,2030-11,CS,2200,418,1782,0.827,493.2,9.8639,4.84,0.491,0.509,4.84,5.02,5.195637914070187,0.0,0.0,0.0
VPR,2030-12,CS,2200,418,1782,0.811,483.5,9.6705,4.75,0.491,0.509,4.75,4.92,5.157581720782772,0.0,0.0,0.0
VPR,2031-01,CS,2200,418,1782,0.795,473.9,9.4771,4.65,0.491,0.509,4.65,4.82,5.0576035858751505,0.0,0.0,0.0
VPR,2031-02,CS,2200,418,1782,0.779,464.2,9.2837,4.56,0.491,0.509,4.56,4.73,4.946660107138953,0.0,0.0,0.0
VPR,2031-03,CS,2200,418,1782,0.762,454.5,9.0902,4.46,0.491,0.509,4.46,4.63,4.9240843992565875,0.0,0.0,0.0
VPR,2031-04,CS,2200,418,1782,0.746,444.8,8.8968,4.36,0.49,0.51,4.36,4.54,4.97052585547174,0.0,0.0,0.0
VPR,2031-05,CS,2200,418,1782,0.73,435.2,8.7034,4.26,0.49,0.51,4.26,4.44,4.8750628621405925,0.0,0.0,0.0
VPR,2031-06,CS,2200,418,1782,0.714,425.5,8.51,4.17,0.49,0.51,4.17,4.34,4.835716628402755,0.0,0.0,0.0
VPR,2031-07,CS,2200,418,1782,0.697,415.8,8.3166,4.1,0.493,0.507,4.1,4.22,4.897638570022959,0.0,0.0,0.0
VPR,2031-08,CS,2200,418,1782,0.681,406.2,8.1232,4.0,0.493,0.507,4.0,4.12,4.793145293538865,0.0,0.0,0.0
VPR,2031-09,CS,2200,418,1782,0.665,396.5,7.9298,3.9,0.492,0.508,3.9,4.03,4.749283918224554,0.0,0.0,0.0
VPR,2031-10,CS,2200,418,1782,0.649,386.8,7.7364,3.81,0.492,0.508,3.81,3.93,4.648660763091724,0.0,0.0,0.0
VPR,2031-11,CS,2200,418,1782,0.633,377.1,7.543,3.7,0.491,0.509,3.7,3.84,4.5461025472832635,0.0,0.0,0.0
VPR,2031-12,CS,2200,418,1782,0.616,367.5,7.3496,3.61,0.491,0.509,3.61,3.74,4.505466273095005,0.0,0.0,0.0
VPR,2032-01,CS,2200,418,1782,0.6,357.8,7.1561,3.51,0.49,0.51,3.51,3.65,4.404843117962174,0.0,0.0,0.0
VPR,2032-02,CS,2200,418,1782,0.584,348.1,6.9627,3.41,0.49,0.51,3.41,3.55,4.303574942604133,0.0,0.0,0.0
VPR,2032-03,CS,2200,418,1782,0.568,338.5,6.7693,3.31,0.489,0.511,3.31,3.46,4.279709194271345,0.0,0.0,0.0
VPR,2032-04,CS,2200,418,1782,0.551,328.8,6.5759,3.21,0.488,0.512,3.21,3.37,4.166830654859517,0.0,0.0,0.0
VPR,2032-05,CS,2200,418,1782,0.535,319.1,6.3825,3.11,0.488,0.512,3.11,3.27,4.077172843555264,0.0,0.0,0.0
VPR,2032-06,CS,2200,418,1782,0.519,309.5,6.1891,3.01,0.487,0.513,3.01,3.18,4.072012681753581,0.0,0.0,0.0
VPR,2032-07,CS,2200,418,1782,0.503,299.8,5.9957,2.91,0.486,0.514,2.91,3.08,3.982354870449328,0.0,0.0,0.0
VPR,2032-08,CS,2200,418,1782,0.487,290.1,5.8023,2.82,0.486,0.514,2.82,2.98,3.881731715316498,0.0,0.0,0.0
VPR,2032-09,CS,2200,418,1782,0.47,280.4,5.6089,2.72,0.485,0.515,2.72,2.89,3.8759265332896033,0.0,0.0,0.0
VPR,2032-10,CS,2200,418,1782,0.0,0.0,0.0,0.0,0.45,0.55,0.0,0.0,3.9617142232425935,0.0,0.0,0.0
VPR,2032-11,CS,2200,418,1782,0.0,0.0,0.0,0.0,0.45,0.55,0.0,0.0,3.8520607849568167,0.0,0.0,0.0
VPR,2032-12,CS,2200,418,1782,0.0,0.0,0.0,0.0,0.45,0.55,0.0,0.0,3.841095441128239,0.0,0.0,0.0
VPR,2033-01,CS,2200,418,1782,0.0,0.0,0.0,0.0,0.45,0.55,0.0,0.0,3.7320870230676726,0.0,0.0,0.0
VPR,2033-02,CS,2200,418,1782,0.0,0.0,0.0,0.0,0.45,0.55,0.0,0.0,3.719186618563464,0.0,0.0,0.0
VPR,2033-03,CS,2200,418,1782,0.0,0.0,0.0,0.0,0.45,0.55,0.0,0.0,3.608888160052477,0.0,0.0,0.0
VPR,2033-04,CS,2200,418,1782,0.0,0.0,0.0,0.0,0.45,0.55,0.0,0.0,3.795944025363507,0.0,0.0,0.0
VPR,2033-05,CS,2200,418,1782,0.0,0.0,0.0,0.0,0.45,0.55,0.0,0.0,3.6772603039247844,0.0,0.0,0.0
VPR,2033-06,CS,2200,418,1782,0.0,0.0,0.0,0.0,0.45,0.55,0.0,0.0,3.658554717393681,0.0,0.0,0.0
VPR,2033-07,CS,2200,418,1782,0.0,0.0,0.0,0.0,0.45,0.55,0.0,0.0,3.658554717393681,0.0,0.0,0.0
VPR,2033-08,CS,2200,418,1782,0.0,0.0,0.0,0.0,0.45,0.55,0.0,0.0,3.6495244342407345,0.0,0.0,0.0
VPR,2033-09,CS,2200,418,1782,0.0,0.0,0.0,0.0,0.45,0.55,0.0,0.0,3.555996501585219,0.0,0.0,0.0
VPR,2033-10,CS,2200,418,1782,0.0,0.0,0.0,0.0,0.45,0.55,0.0,0.0,3.5514813600087467,0.0,0.0,0.0
VPR,2033-11,CS,2200,418,1782,0.0,0.0,0.0,0.0,0.45,0.55,0.0,0.0,3.4592434678036517,0.0,0.0,0.0
VPR,2033-12,CS,2200,418,1782,0.0,0.0,0.0,0.0,0.45,0.55,0.0,0.0,3.4547283262271784,0.0,0.0,0.0
VPR,2034-01,CS,2200,418,1782,0.0,0.0,0.0,0.0,0.45,0.55,0.0,0.0,3.448278123975074,0.0,0.0,0.0
VPR,2034-02,CS,2200,418,1782,0.0,0.0,0.0,0.0,0.45,0.55,0.0,0.0,3.4431179621733903,0.0,0.0,0.0
VPR,2034-03,CS,2200,418,1782,0.0,0.0,0.0,0.0,0.45,0.55,0.0,0.0,3.439247840822128,0.0,0.0,0.0
VPR,2034-04,CS,2200,418,1782,0.0,0.0,0.0,0.0,0.45,0.55,0.0,0.0,3.4321526183448126,0.0,0.0,0.0
VPR,2034-05,CS,2200,418,1782,0.0,0.0,0.0,0.0,0.45,0.55,0.0,0.0,3.4269924565431285,0.0,0.0,0.0
VPR,2034-06,CS,2200,418,1782,0.0,0.0,0.0,0.0,0.45,0.55,0.0,0.0,3.423122335191866,0.0,0.0,0.0
VPR,2034-07,CS,2200,418,1782,0.0,0.0,0.0,0.0,0.45,0.55,0.0,0.0,3.414737072264131,0.0,0.0,0.0
VPR,2034-08,CS,2200,418,1782,0.0,0.0,0.0,0.0,0.45,0.55,0.0,0.0,3.4102219306876576,0.0,0.0,0.0
VPR,2034-09,CS,2200,418,1782,0.0,0.0,0.0,0.0,0.45,0.55,0.0,0.0,3.4063518093363947,0.0,0.0,0.0
VPR,2034-10,CS,2200,418,1782,0.0,0.0,0.0,0.0,0.45,0.55,0.0,0.0,3.4011916475347106,0.0,0.0,0.0
VPR,2034-11,CS,2200,418,1782,0.0,0.0,0.0,0.0,0.45,0.55,0.0,0.0,3.394741445282606,0.0,0.0,0.0
VPR,2034-12,CS,2200,418,1782,0.0,0.0,0.0,0.0,0.45,0.55,0.0,0.0,3.3902263037061338,0.0,0.0,0.0
VPR,2035-01,CS,2200,418,1782,0.0,0.0,0.0,0.0,0.45,0.55,0.0,0.0,3.3850661419044497,0.0,0.0,0.0
VPR,2035-02,CS,2200,418,1782,0.0,0.0,0.0,0.0,0.45,0.55,0.0,0.0,3.378615939652345,0.0,0.0,0.0
VPR,2035-03,CS,2200,418,1782,0.0,0.0,0.0,0.0,0.45,0.55,0.0,0.0,3.372810757625451,0.0,0.0,0.0
VPR,2035-04,CS,2200,418,1782,0.0,0.0,0.0,0.0,0.45,0.55,0.0,0.0,3.3689406362741887,0.0,0.0,0.0
VPR,2035-05,CS,2200,418,1782,0.0,0.0,0.0,0.0,0.45,0.55,0.0,0.0,3.3618454137968734,0.0,0.0,0.0
VPR,2035-06,CS,2200,418,1782,0.0,0.0,0.0,0.0,0.45,0.55,0.0,0.0,3.3573302722204006,0.0,0.0,0.0
VPR,2035-07,CS,2200,418,1782,0.0,0.0,0.0,0.0,0.45,0.55,0.0,0.0,3.352815130643927,0.0,0.0,0.0
VPR,2035-08,CS,2200,418,1782,0.0,0.0,0.0,0.0,0.45,0.55,0.0,0.0,3.346364928391822,0.0,0.0,0.0
VPR,2035-09,CS,2200,418,1782,0.0,0.0,0.0,0.0,0.45,0.55,0.0,0.0,3.3412047665901388,0.0,0.0,0.0
VPR,2035-10,CS,2200,418,1782,0.0,0.0,0.0,0.0,0.45,0.55,0.0,0.0,3.3366896250136664,0.0,0.0,0.0
VPR,2035-11,CS,2200,418,1782,0.0,0.0,0.0,0.0,0.45,0.55,0.0,0.0,3.329594402536351,0.0,0.0,0.0
VPR,2035-12,CS,2200,418,1782,0.0,0.0,0.0,0.0,0.45,0.55,0.0,0.0,3.3244342407346674,0.0,0.0,0.0
VPR,2036-01,CS,2200,418,1782,0.0,0.0,0.0,0.0,0.45,0.55,0.0,0.0,3.320564119383404,0.0,0.0,0.0
VPR,2036-02,CS,2200,418,1782,0.0,0.0,0.0,0.0,0.45,0.55,0.0,0.0,3.315403957581721,0.0,0.0,0.0
VPR,2036-03,CS,2200,418,1782,0.0,0.0,0.0,0.0,0.45,0.55,0.0,0.0,3.3089537553296164,0.0,0.0,0.0
LVM,2026-04,PS,800,800,0,0.928,742.2,24.7407,16.28,0.658,0.342,16.28,8.46,0.0,11.82,11.82,6.14
LVM,2026-05,PS,800,800,0,0.926,740.7,24.6914,16.25,0.658,0.342,16.25,8.44,0.0,11.82,11.82,6.14
LVM,2026-06,PS,800,800,0,0.924,739.3,24.642,16.21,0.658,0.342,16.21,8.43,0.0,11.82,11.82,6.14
LVM,2026-07,PS,800,800,0,0.922,737.8,24.5926,16.21,0.659,0.341,16.21,8.39,0.0,11.82,11.82,6.12
LVM,2026-08,PS,800,800,0,0.92,736.3,24.5432,16.17,0.659,0.341,16.17,8.37,0.0,11.82,11.82,6.12
LVM,2026-09,PS,800,800,0,0.919,734.8,24.4938,16.14,0.659,0.341,16.14,8.35,0.0,11.82,11.82,6.12
LVM,2026-10,PS,800,800,0,0.917,733.3,24.4444,16.11,0.659,0.341,16.11,8.34,0.0,11.91,11.91,6.16
LVM,2026-11,PS,800,800,0,0.915,731.9,24.3951,16.08,0.659,0.341,16.08,8.32,0.0,11.91,11.91,6.16
LVM,2026-12,PS,800,800,0,0.913,730.4,24.3457,16.07,0.66,0.34,16.07,8.28,0.0,11.91,11.91,6.14
LVM,2027-01,PS,800,800,0,0.911,728.9,24.2963,16.04,0.66,0.34,16.04,8.26,0.0,11.91,11.91,6.14
LVM,2027-02,PS,800,800,0,0.909,727.4,24.2469,16.0,0.66,0.34,16.0,8.24,0.0,11.91,11.91,6.14
LVM,2027-03,PS,800,800,0,0.907,725.9,24.1975,15.97,0.66,0.34,15.97,8.23,0.0,11.91,11.91,6.14
LVM,2027-04,PS,800,800,0,0.906,724.4,24.1481,15.96,0.661,0.339,15.96,8.19,0.0,11.73,11.73,6.02
LVM,2027-05,PS,800,800,0,0.904,723.0,24.0988,15.93,0.661,0.339,15.93,8.17,0.0,11.73,11.73,6.02
LVM,2027-06,PS,800,800,0,0.902,721.5,24.0494,15.9,0.661,0.339,15.9,8.15,0.0,11.73,11.73,6.02
LVM,2027-07,PS,800,800,0,0.9,720.0,24.0,15.65,0.652,0.348,15.65,8.35,0.0,11.73,11.73,6.26
LVM,2027-08,PS,800,800,0,0.898,718.5,23.9506,15.64,0.653,0.347,15.64,8.31,0.0,11.73,11.73,6.23
LVM,2027-09,PS,800,800,0,0.896,717.0,23.9012,15.63,0.654,0.346,15.63,8.27,0.0,11.73,11.73,6.21
LVM,2027-10,PS,800,800,0,0.894,715.6,23.8519,15.62,0.655,0.345,15.62,8.23,0.0,12.85,12.85,6.77
LVM,2027-11,PS,800,800,0,0.893,714.1,23.8025,15.61,0.656,0.344,15.61,8.19,0.0,12.85,12.85,6.74
LVM,2027-12,PS,800,800,0,0.891,712.6,23.7531,15.63,0.658,0.342,15.63,8.12,0.0,12.85,12.85,6.68
LVM,2028-01,PS,800,800,0,0.889,711.1,28.4444,19.57,0.688,0.312,19.57,8.87,0.0,12.85,12.85,5.83
LVM,2028-02,PS,800,800,0,0.887,709.6,27.9909,19.23,0.687,0.313,19.23,8.76,0.0,12.85,12.85,5.85
LVM,2028-03,PS,800,800,0,0.885,708.1,27.5391,18.89,0.686,0.314,18.89,8.65,0.0,12.85,12.85,5.88
LVM,2028-04,PS,800,800,0,0.883,706.7,27.0889,18.34,0.677,0.323,18.34,8.75,0.0,13.05,13.05,6.23
LVM,2028-05,PS,800,800,0,0.881,705.2,26.6403,18.01,0.676,0.324,18.01,8.63,0.0,13.05,13.05,6.25
LVM,2028-06,PS,800,800,0,0.88,703.7,26.1934,17.71,0.676,0.324,17.71,8.49,0.0,13.05,13.05,6.25
LVM,2028-07,PS,800,800,0,0.878,702.2,25.7481,17.38,0.675,0.325,17.38,8.37,0.0,13.05,13.05,6.28
LVM,2028-08,PS,800,800,0,0.876,700.7,25.3045,17.06,0.674,0.326,17.06,8.25,0.0,13.05,13.05,6.31
LVM,2028-09,PS,800,800,0,0.874,699.3,24.8626,16.71,0.672,0.328,16.71,8.15,0.0,13.05,13.05,6.37
LVM,2028-10,PS,800,800,0,0.872,697.8,24.4222,16.12,0.66,0.34,16.12,8.3,0.0,11.84,11.84,6.1
LVM,2028-11,PS,800,800,0,0.87,696.3,23.9835,15.81,0.659,0.341,15.81,8.18,0.0,11.84,11.84,6.13
LVM,2028-12,PS,800,800,0,0.869,694.8,23.5465,15.49,0.658,0.342,15.49,8.05,0.0,11.84,11.84,6.15
LVM,2029-01,PS,800,800,0,0.867,693.3,23.1111,15.21,0.658,0.342,15.21,7.9,0.0,11.84,11.84,6.15
LVM,2029-02,PS,800,800,0,0.865,691.9,23.0617,15.22,0.66,0.34,15.22,7.84,0.0,11.84,11.84,6.1
LVM,2029-03,PS,800,800,0,0.863,690.4,23.0123,15.23,0.662,0.338,15.23,7.78,0.0,11.84,11.84,6.05
LVM,2029-04,PS,800,800,0,0.861,688.9,22.963,15.25,0.664,0.336,15.25,7.72,0.0,12.54,12.54,6.35
LVM,2029-05,PS,800,800,0,0.859,687.4,22.9136,15.26,0.666,0.334,15.26,7.65,0.0,12.54,12.54,6.29
LVM,2029-06,PS,800,800,0,0.857,685.9,22.8642,15.25,0.667,0.333,15.25,7.61,0.0,12.54,12.54,6.26
LVM,2029-07,PS,800,800,0,0.856,684.4,22.8148,15.26,0.669,0.331,15.26,7.55,0.0,12.54,12.54,6.2
LVM,2029-08,PS,800,800,0,0.854,683.0,22.7654,15.28,0.671,0.329,15.28,7.49,0.0,12.54,12.54,6.15
LVM,2029-09,PS,800,800,0,0.852,681.5,22.716,15.29,0.673,0.327,15.29,7.43,0.0,12.54,12.54,6.09
LVM,2029-10,PS,800,800,0,0.85,680.0,22.6667,15.3,0.675,0.325,15.3,7.37,0.0,13.21,13.21,6.36
LVM,2029-11,PS,800,800,0,0.848,678.5,22.6173,15.29,0.676,0.324,15.29,7.33,0.0,13.21,13.21,6.33
LVM,2029-12,PS,800,800,0,0.846,677.0,22.5679,15.28,0.677,0.323,15.28,7.29,0.0,13.21,13.21,6.3
LVM,2030-01,PS,800,800,0,0.844,675.6,22.5185,15.27,0.678,0.322,15.27,7.25,0.0,13.21,13.21,6.27
LVM,2030-02,PS,800,800,0,0.843,674.1,22.4691,15.26,0.679,0.321,15.26,7.21,0.0,13.21,13.21,6.25
LVM,2030-03,PS,800,800,0,0.841,672.6,22.4198,15.25,0.68,0.32,15.25,7.17,0.0,13.21,13.21,6.22
LVM,2030-04,PS,800,800,0,0.839,671.1,22.3704,15.23,0.681,0.319,15.23,7.14,0.0,13.63,13.63,6.38
LVM,2030-05,PS,800,800,0,0.837,669.6,22.321,15.22,0.682,0.318,15.22,7.1,0.0,13.63,13.63,6.36
LVM,2030-06,PS,800,800,0,0.835,668.1,22.2716,15.21,0.683,0.317,15.21,7.06,0.0,13.63,13.63,6.33
LVM,2030-07,PS,800,800,0,0.833,666.7,22.2222,15.2,0.684,0.316,15.2,7.02,0.0,13.63,13.63,6.3
LVM,2030-08,PS,800,800,0,0.831,665.2,22.1728,15.19,0.685,0.315,15.19,6.98,0.0,13.63,13.63,6.27
LVM,2030-09,PS,800,800,0,0.83,663.7,22.1235,15.18,0.686,0.314,15.18,6.95,0.0,13.63,13.63,6.24
LVM,2030-10,PS,800,800,0,0.828,662.2,22.0741,15.16,0.687,0.313,15.16,6.91,0.0,14.23,14.23,6.48
LVM,2030-11,PS,800,800,0,0.826,660.7,22.0247,15.18,0.689,0.311,15.18,6.85,0.0,14.23,14.23,6.42
LVM,2030-12,PS,800,800,0,0.824,659.3,21.9753,15.18,0.691,0.309,15.18,6.79,0.0,14.23,14.23,6.36
LVM,2031-01,PS,800,800,0,0.822,657.8,21.9259,15.19,0.693,0.307,15.19,6.73,0.0,14.23,14.23,6.3
LVM,2031-02,PS,800,800,0,0.82,656.3,21.8765,15.2,0.695,0.305,15.2,6.67,0.0,14.23,14.23,6.24
LVM,2031-03,PS,800,800,0,0.819,654.8,21.8272,15.21,0.697,0.303,15.21,6.61,0.0,14.23,14.23,6.19
LVM,2031-04,PS,800,800,0,0.817,653.3,21.7778,15.22,0.699,0.301,15.22,6.56,0.0,15.16,15.16,6.53
LVM,2031-05,PS,800,800,0,0.815,651.9,21.7284,15.23,0.701,0.299,15.23,6.5,0.0,15.16,15.16,6.47
LVM,2031-06,PS,800,800,0,0.813,650.4,21.679,15.24,0.703,0.297,15.24,6.44,0.0,15.16,15.16,6.4
LVM,2031-07,PS,800,800,0,0.811,648.9,21.6296,15.25,0.705,0.295,15.25,6.38,0.0,15.16,15.16,6.34
LVM,2031-08,PS,800,800,0,0.809,647.4,21.5802,15.28,0.708,0.292,15.28,6.3,0.0,15.16,15.16,6.25
LVM,2031-09,PS,800,800,0,0.807,645.9,21.5309,15.31,0.711,0.289,15.31,6.22,0.0,15.16,15.16,6.16
LVM,2031-10,PS,800,800,0,0.806,644.4,21.4815,15.34,0.714,0.286,15.34,6.14,0.0,16.42,16.42,6.58
LVM,2031-11,PS,800,800,0,0.804,643.0,21.4321,15.37,0.717,0.283,15.37,6.07,0.0,16.42,16.42,6.48
LVM,2031-12,PS,800,800,0,0.802,641.5,21.3827,15.4,0.72,0.28,15.4,5.99,0.0,16.42,16.42,6.39
LVM,2032-01,PS,800,800,0,0.8,640.0,21.3333,15.45,0.724,0.276,15.45,5.89,0.0,16.42,16.42,6.26
LVM,2032-02,PS,800,800,0,0.787,630.0,21.0,15.22,0.725,0.275,15.22,5.78,0.0,16.42,16.42,6.23
LVM,2032-03,PS,800,800,0,0.775,620.0,20.6667,15.0,0.726,0.274,15.0,5.66,0.0,16.42,16.42,6.2
LVM,2032-04,PS,800,800,0,0.762,610.0,20.3333,15.55,0.765,0.235,15.55,4.78,0.0,18.91,18.91,5.81
LVM,2032-05,PS,800,800,0,0.75,600.0,20.0,15.3,0.765,0.235,15.3,4.7,0.0,18.91,18.91,5.81
LVM,2032-06,PS,800,800,0,0.738,590.0,19.6667,15.06,0.766,0.234,15.06,4.6,0.0,18.91,18.91,5.78
LVM,2032-07,PS,800,800,0,0.725,580.0,19.3333,14.83,0.767,0.233,14.83,4.5,0.0,18.91,18.91,5.74
LVM,2032-08,PS,800,800,0,0.713,570.0,19.0,14.57,0.767,0.233,14.57,4.43,0.0,18.91,18.91,5.74
LVM,2032-09,PS,800,800,0,0.7,560.0,18.6667,14.34,0.768,0.232,14.34,4.33,0.0,18.91,18.91,5.71
LVM,2032-10,PS,800,800,0,0.688,550.0,18.3333,14.1,0.769,0.231,14.1,4.24,0.0,19.31,19.31,5.8
LVM,2032-11,PS,800,800,0,0.675,540.0,18.0,13.86,0.77,0.23,13.86,4.14,0.0,19.31,19.31,5.77
LVM,2032-12,PS,800,800,0,0.662,530.0,17.6667,13.62,0.771,0.229,13.62,4.05,0.0,19.31,19.31,5.74
LVM,2033-01,PS,800,800,0,0.65,520.0,17.3333,13.38,0.772,0.228,13.38,3.95,0.0,19.31,19.31,5.7
LVM,2033-02,PS,800,800,0,0.637,510.0,17.0,13.14,0.773,0.227,13.14,3.86,0.0,19.31,19.31,5.67
LVM,2033-03,PS,800,800,0,0.625,500.0,16.6667,12.9,0.774,0.226,12.9,3.77,0.0,19.31,19.31,5.64
LVM,2033-04,PS,800,800,0,0.613,490.0,16.3333,12.66,0.775,0.225,12.66,3.68,0.0,19.82,19.82,5.75
LVM,2033-05,PS,800,800,0,0.6,480.0,16.0,12.42,0.776,0.224,12.42,3.58,0.0,19.82,19.82,5.72
LVM,2033-06,PS,800,800,0,0.588,470.0,15.6667,12.17,0.777,0.223,12.17,3.49,0.0,19.82,19.82,5.69
LVM,2033-07,PS,800,800,0,0.575,460.0,15.3333,11.94,0.779,0.221,11.94,3.39,0.0,19.82,19.82,5.62
LVM,2033-08,PS,800,800,0,0.562,450.0,15.0,11.7,0.78,0.22,11.7,3.3,0.0,19.82,19.82,5.59
LVM,2033-09,PS,800,800,0,0.55,440.0,14.6667,11.45,0.781,0.219,11.45,3.21,0.0,19.82,19.82,5.56
LVM,2033-10,PS,800,800,0,0.537,430.0,14.3333,12.9,0.9,0.1,12.9,1.43,0.0,27.19,27.19,3.02
LVM,2033-11,PS,800,800,0,0.525,420.0,14.0,12.6,0.9,0.1,12.6,1.4,0.0,27.19,27.19,3.02
LVM,2033-12,PS,800,800,0,0.512,410.0,13.6667,12.3,0.9,0.1,12.3,1.37,0.0,27.19,27.19,3.02
LVM,2034-01,PS,800,800,0,0.5,400.0,13.3333,12.0,0.9,0.1,12.0,1.33,0.0,27.19,27.19,3.02
LVM,2034-02,PS,800,800,0,0.487,390.0,13.0,11.7,0.9,0.1,11.7,1.3,0.0,27.19,27.19,3.02
LVM,2034-03,PS,800,800,0,0.475,380.0,12.6667,11.4,0.9,0.1,11.4,1.27,0.0,27.19,27.19,3.02
LVM,2034-04,PS,800,800,0,0.462,370.0,12.3333,11.1,0.9,0.1,11.1,1.23,0.0,36.24,36.24,4.03
LVM,2034-05,PS,800,800,0,0.45,360.0,12.0,10.8,0.9,0.1,10.8,1.2,0.0,36.24,36.24,4.03
LVM,2034-06,PS,800,800,0,0.438,350.0,11.6667,10.5,0.9,0.1,10.5,1.17,0.0,36.24,36.24,4.03
LVM,2034-07,PS,800,800,0,0.425,340.0,11.3333,10.2,0.9,0.1,10.2,1.13,0.0,36.24,36.24,4.03
LVM,2034-08,PS,800,800,0,0.412,330.0,11.0,9.9,0.9,0.1,9.9,1.1,0.0,36.24,36.24,4.03
LVM,2034-09,PS,800,800,0,0.4,320.0,10.6667,9.6,0.9,0.1,9.6,1.07,0.0,36.24,36.24,4.03
LVM,2034-10,PS,800,800,0,0.387,310.0,10.3333,9.3,0.9,0.1,9.3,1.03,0.0,45.0,45.0,5.0
LVM,2034-11,PS,800,800,0,0.375,300.0,10.0,9.0,0.9,0.1,9.0,1.0,0.0,45.0,45.0,5.0
LVM,2034-12,PS,800,800,0,0.362,290.0,9.6667,8.7,0.9,0.1,8.7,0.97,0.0,45.0,45.0,5.0
LVM,2035-01,PS,800,800,0,0.0,0.0,0.0,0.0,0.65,0.35,0.0,0.0,0.0,45.0,45.0,24.23
LVM,2035-02,PS,800,800,0,0.0,0.0,0.0,0.0,0.65,0.35,0.0,0.0,0.0,45.0,45.0,24.23
LVM,2035-03,PS,800,800,0,0.0,0.0,0.0,0.0,0.65,0.35,0.0,0.0,0.0,45.0,45.0,24.23
LVM,2035-04,PS,800,800,0,0.0,0.0,0.0,0.0,0.65,0.35,0.0,0.0,0.0,0.0,0.0,0.0
LVM,2035-05,PS,800,800,0,0.0,0.0,0.0,0.0,0.65,0.35,0.0,0.0,0.0,0.0,0.0,0.0
LVM,2035-06,PS,800,800,0,0.0,0.0,0.0,0.0,0.65,0.35,0.0,0.0,0.0,0.0,0.0,0.0
LVM,2035-07,PS,800,800,0,0.0,0.0,0.0,0.0,0.65,0.35,0.0,0.0,0.0,0.0,0.0,0.0
LVM,2035-08,PS,800,800,0,0.0,0.0,0.0,0.0,0.65,0.35,0.0,0.0,0.0,0.0,0.0,0.0
LVM,2035-09,PS,800,800,0,0.0,0.0,0.0,0.0,0.65,0.35,0.0,0.0,0.0,0.0,0.0,0.0
LVM,2035-10,PS,800,800,0,0.0,0.0,0.0,0.0,0.65,0.35,0.0,0.0,0.0,0.0,0.0,0.0
LVM,2035-11,PS,800,800,0,0.0,0.0,0.0,0.0,0.65,0.35,0.0,0.0,0.0,0.0,0.0,0.0
LVM,2035-12,PS,800,800,0,0.0,0.0,0.0,0.0,0.65,0.35,0.0,0.0,0.0,0.0,0.0,0.0
LVM,2036-01,PS,800,800,0,0.0,0.0,0.0,0.0,0.65,0.35,0.0,0.0,0.0,0.0,0.0,0.0
LVM,2036-02,PS,800,800,0,0.0,0.0,0.0,0.0,0.65,0.35,0.0,0.0,0.0,0.0,0.0,0.0
LVM,2036-03,PS,800,800,0,0.0,0.0,0.0,0.0,0.65,0.35,0.0,0.0,0.0,0.0,0.0,0.0
Zaso,2026-04,CS,0,0,0,0.633,0.0,0.0,0.0,0.45,0.55,0.0,0.0,0.0,0.0,0.0,0.0
Zaso,2026-05,CS,0,0,0,0.647,0.0,0.0,0.0,0.45,0.55,0.0,0.0,0.0,0.0,0.0,0.0
Zaso,2026-06,CS,0,0,0,0.661,0.0,0.0,0.0,0.45,0.55,0.0,0.0,0.0,0.0,0.0,0.0
Zaso,2026-07,CS,0,0,0,0.675,0.0,0.0,0.0,0.45,0.55,0.0,0.0,0.0,0.0,0.0,0.0
Zaso,2026-08,CS,0,0,0,0.689,0.0,0.0,0.0,0.45,0.55,0.0,0.0,0.0,0.0,0.0,0.0
Zaso,2026-09,CS,0,0,0,0.703,0.0,0.0,0.0,0.45,0.55,0.0,0.0,0.0,0.0,0.0,0.0
Zaso,2026-10,CS,0,0,0,0.717,0.0,0.0,0.0,0.45,0.55,0.0,0.0,0.0,0.0,0.0,0.0
Zaso,2026-11,CS,0,0,0,0.731,0.0,0.0,0.0,0.45,0.55,0.0,0.0,0.0,0.0,0.0,0.0
Zaso,2026-12,CS,0,0,0,0.744,0.0,0.0,0.0,0.45,0.55,0.0,0.0,0.0,0.0,0.0,0.0
Zaso,2027-01,CS,0,0,0,0.758,0.0,0.0,0.0,0.45,0.55,0.0,0.0,0.0,0.0,0.0,0.0
Zaso,2027-02,CS,0,0,0,0.772,0.0,0.0,0.0,0.45,0.55,0.0,0.0,0.0,0.0,0.0,0.0
Zaso,2027-03,CS,0,0,0,0.786,0.0,0.0,0.0,0.45,0.55,0.0,0.0,0.0,0.0,0.0,0.0
Zaso,2027-04,CS,2061,2061,0,0.8,1648.8,32.976,18.27,0.554,0.446,18.27,14.71,0.0,11.92,11.92,9.6
Zaso,2027-05,CS,2019,2019,0,0.814,1643.2,32.8648,18.24,0.555,0.445,18.24,14.62,0.0,11.92,11.92,9.56
Zaso,2027-06,CS,1978,1978,0,0.828,1637.3,32.7469,18.17,0.555,0.445,18.17,14.57,0.0,11.92,11.92,9.56
Zaso,2027-07,CS,1937,1937,0,0.842,1630.3,32.6062,18.13,0.556,0.444,18.13,14.48,0.0,11.92,11.92,9.52
Zaso,2027-08,CS,1896,1896,0,0.856,1622.1,32.4427,18.04,0.556,0.444,18.04,14.4,0.0,11.92,11.92,9.52
Zaso,2027-09,CS,1854,1854,0,0.869,1612.0,32.239,17.92,0.556,0.444,17.92,14.31,0.0,11.92,11.92,9.52
Zaso,2027-10,CS,1813,1813,0,0.883,1601.5,32.0297,17.74,0.554,0.446,17.74,14.29,0.0,11.94,11.94,9.61
Zaso,2027-11,CS,1772,1772,0,0.897,1589.9,31.7976,17.62,0.554,0.446,17.62,14.18,0.0,11.94,11.94,9.61
Zaso,2027-12,CS,1731,1731,0,0.911,1577.1,31.5427,17.47,0.554,0.446,17.47,14.07,0.0,11.94,11.94,9.61
Zaso,2028-01,CS,1710,1710,0,0.925,1581.8,31.635,17.56,0.555,0.445,17.56,14.08,0.0,11.94,11.94,9.57
Zaso,2028-02,CS,1690,1690,0,0.939,1586.7,31.7344,17.68,0.557,0.443,17.68,14.06,0.0,11.94,11.94,9.5
Zaso,2028-03,CS,1669,1669,0,0.953,1590.2,31.8037,17.75,0.558,0.442,17.75,14.06,0.0,11.94,11.94,9.46
Zaso,2028-04,CS,1648,1648,0,0.967,1593.1,31.8613,17.78,0.558,0.442,17.78,14.08,0.0,11.91,11.91,9.43
Zaso,2028-05,CS,1628,1628,0,0.981,1596.3,31.9269,17.85,0.559,0.441,17.85,14.08,0.0,11.91,11.91,9.4
Zaso,2028-06,CS,1607,1607,0,0.994,1598.1,31.9614,17.9,0.56,0.44,17.9,14.06,0.0,11.91,11.91,9.36
Zaso,2028-07,CS,1586,1586,0,1.008,1599.2,31.9843,17.62,0.551,0.449,17.62,14.36,0.0,11.91,11.91,9.71
Zaso,2028-08,CS,1566,1566,0,1.022,1600.8,32.016,17.67,0.552,0.448,17.67,14.34,0.0,11.91,11.91,9.67
Zaso,2028-09,CS,1545,1545,0,1.036,1600.8,32.0158,17.74,0.554,0.446,17.74,14.28,0.0,11.91,11.91,9.59
Zaso,2028-10,CS,1525,1525,0,1.05,1601.2,32.025,17.77,0.555,0.445,17.77,14.25,0.0,11.54,11.54,9.25
Zaso,2028-11,CS,1504,1504,0,1.047,1575.0,31.5004,17.48,0.555,0.445,17.48,14.02,0.0,11.54,11.54,9.25
Zaso,2028-12,CS,1483,1483,0,1.044,1548.9,30.9782,17.19,0.555,0.445,17.19,13.79,0.0,11.54,11.54,9.25
Zaso,2029-01,CS,1483,1483,0,1.042,1544.8,30.8958,17.05,0.552,0.448,17.05,13.84,0.0,11.54,11.54,9.37
Zaso,2029-02,CS,1463,1463,0,1.039,1519.9,30.3979,16.78,0.552,0.448,16.78,13.62,0.0,11.54,11.54,9.37
Zaso,2029-03,CS,1463,1463,0,1.036,1515.8,30.3166,16.77,0.553,0.447,16.77,13.55,0.0,11.54,11.54,9.33
Zaso,2029-04,CS,1442,1442,0,1.033,1490.1,29.8013,16.39,0.55,0.45,16.39,13.41,0.0,11.72,11.72,9.59
Zaso,2029-05,CS,1442,1442,0,1.031,1486.1,29.7212,16.44,0.553,0.447,16.44,13.29,0.0,11.72,11.72,9.47
Zaso,2029-06,CS,1422,1422,0,1.028,1461.5,29.23,16.13,0.552,0.448,16.13,13.1,0.0,11.72,11.72,9.51
Zaso,2029-07,CS,1422,1422,0,1.025,1457.6,29.151,16.15,0.554,0.446,16.15,13.0,0.0,11.72,11.72,9.44
Zaso,2029-08,CS,1422,1422,0,1.022,1453.6,29.072,16.13,0.555,0.445,16.13,12.94,0.0,11.72,11.72,9.4
Zaso,2029-09,CS,1401,1401,0,1.019,1428.2,28.5648,15.82,0.554,0.446,15.82,12.74,0.0,11.72,11.72,9.44
Zaso,2029-10,CS,1401,1401,0,1.017,1424.3,28.487,15.81,0.555,0.445,15.81,12.68,0.0,12.36,12.36,9.91
Zaso,2029-11,CS,1401,1401,0,1.014,1420.5,28.4092,15.8,0.556,0.444,15.8,12.61,0.0,12.36,12.36,9.87
Zaso,2029-12,CS,1380,1380,0,1.011,1395.3,27.9067,15.52,0.556,0.444,15.52,12.39,0.0,12.36,12.36,9.87
Zaso,2030-01,CS,1380,1380,0,1.008,1391.5,27.83,15.5,0.557,0.443,15.5,12.33,0.0,12.36,12.36,9.83
Zaso,2030-02,CS,1380,1380,0,1.006,1387.7,27.7533,15.49,0.558,0.442,15.49,12.27,0.0,12.36,12.36,9.79
Zaso,2030-03,CS,1380,1380,0,1.003,1383.8,27.6767,15.44,0.558,0.442,15.44,12.23,0.0,12.36,12.36,9.79
Zaso,2030-04,CS,1360,1360,0,1.0,1360.0,32.64,18.74,0.574,0.426,18.74,13.9,0.0,14.72,14.72,10.92
Zaso,2030-05,CS,1360,1360,0,0.999,1358.4,32.1483,18.45,0.574,0.426,18.45,13.7,0.0,14.72,14.72,10.92
Zaso,2030-06,CS,1360,1360,0,0.998,1356.8,31.6578,18.14,0.573,0.427,18.14,13.52,0.0,14.72,14.72,10.97
Zaso,2030-07,CS,1360,1360,0,0.996,1355.1,31.1683,17.86,0.573,0.427,17.86,13.31,0.0,14.72,14.72,10.97
Zaso,2030-08,CS,1339,1339,0,0.995,1332.6,30.2061,17.25,0.571,0.429,17.25,12.96,0.0,14.72,14.72,11.06
Zaso,2030-09,CS,1339,1339,0,0.994,1331.0,29.7263,16.97,0.571,0.429,16.97,12.75,0.0,14.72,14.72,11.06
Zaso,2030-10,CS,1319,1319,0,0.993,1309.6,28.8107,16.39,0.569,0.431,16.39,12.42,0.0,13.54,13.54,10.26
Zaso,2030-11,CS,1298,1298,0,0.992,1287.2,27.889,15.81,0.567,0.433,15.81,12.08,0.0,13.54,13.54,10.34
Zaso,2030-12,CS,1277,1277,0,0.99,1264.8,26.9832,15.25,0.565,0.435,15.25,11.74,0.0,13.54,13.54,10.42
Zaso,2031-01,CS,1257,1257,0,0.989,1243.5,26.1142,14.7,0.563,0.437,14.7,11.41,0.0,13.54,13.54,10.51
Zaso,2031-02,CS,1236,1236,0,0.988,1221.3,25.2399,14.16,0.561,0.439,14.16,11.08,0.0,13.54,13.54,10.6
Zaso,2031-03,CS,1215,1215,0,0.987,1199.1,24.3815,13.63,0.559,0.441,13.63,10.75,0.0,13.54,13.54,10.68
Zaso,2031-04,CS,1195,1195,0,0.986,1177.9,23.5586,13.12,0.557,0.443,13.12,10.44,0.0,12.92,12.92,10.28
Zaso,2031-05,CS,1174,1174,0,0.985,1155.8,23.1166,12.85,0.556,0.444,12.85,10.26,0.0,12.92,12.92,10.32
Zaso,2031-06,CS,1154,1154,0,0.983,1134.8,22.6953,12.62,0.556,0.444,12.62,10.08,0.0,12.92,12.92,10.32
Zaso,2031-07,CS,1133,1133,0,0.982,1112.8,22.2554,12.6,0.566,0.434,12.6,9.66,0.0,12.92,12.92,9.91
Zaso,2031-08,CS,1112,1112,0,0.981,1090.8,21.8164,12.33,0.565,0.435,12.33,9.49,0.0,12.92,12.92,9.95
Zaso,2031-09,CS,1092,1092,0,0.98,1069.9,21.398,12.07,0.564,0.436,12.07,9.33,0.0,12.92,12.92,9.99
Zaso,2031-10,CS,1071,1071,0,0.979,1048.0,20.961,11.8,0.563,0.437,11.8,9.16,0.0,12.7,12.7,9.86
Zaso,2031-11,CS,1051,1051,0,0.977,1027.2,20.5445,11.57,0.563,0.437,11.57,8.98,0.0,12.7,12.7,9.86
Zaso,2031-12,CS,1030,1030,0,0.976,1005.5,20.1095,11.3,0.562,0.438,11.3,8.81,0.0,12.7,12.7,9.9
Zaso,2032-01,CS,1009,1009,0,0.975,983.8,19.6755,11.04,0.561,0.439,11.04,8.64,0.0,12.7,12.7,9.94
Zaso,2032-02,CS,989,989,0,0.974,963.1,19.262,10.79,0.56,0.44,10.79,8.48,0.0,12.7,12.7,9.98
Zaso,2032-03,CS,968,968,0,0.973,941.5,18.8299,10.51,0.558,0.442,10.51,8.32,0.0,12.7,12.7,10.06
Zaso,2032-04,CS,948,948,0,0.971,920.9,18.4183,10.28,0.558,0.442,10.28,8.14,0.0,11.82,11.82,9.36
Zaso,2032-05,CS,927,927,0,0.97,899.4,17.9882,10.02,0.557,0.443,10.02,7.97,0.0,11.82,11.82,9.4
Zaso,2032-06,CS,906,906,0,0.969,878.0,17.5591,9.75,0.555,0.445,9.75,7.81,0.0,11.82,11.82,9.48
Zaso,2032-07,CS,886,886,0,0.968,857.5,17.1504,9.5,0.554,0.446,9.5,7.65,0.0,11.82,11.82,9.52
Zaso,2032-08,CS,865,865,0,0.967,836.2,16.7233,9.25,0.553,0.447,9.25,7.48,0.0,11.82,11.82,9.55
Zaso,2032-09,CS,845,845,0,0.965,815.8,16.3165,9.01,0.552,0.448,9.01,7.31,0.0,11.82,11.82,9.59
Zaso,2032-10,CS,824,824,0,0.964,794.6,15.8914,9.01,0.567,0.433,9.01,6.88,0.0,13.09,13.09,10.0
Zaso,2032-11,CS,824,824,0,0.963,793.6,15.8718,9.02,0.568,0.432,9.02,6.86,0.0,13.09,13.09,9.96
Zaso,2032-12,CS,824,824,0,0.962,792.6,15.8522,9.02,0.569,0.431,9.02,6.83,0.0,13.09,13.09,9.92
Zaso,2033-01,CS,824,824,0,0.961,791.6,15.8326,9.02,0.57,0.43,9.02,6.81,0.0,13.09,13.09,9.87
Zaso,2033-02,CS,824,824,0,0.96,790.6,15.813,9.03,0.571,0.429,9.03,6.78,0.0,13.09,13.09,9.83
Zaso,2033-03,CS,824,824,0,0.958,789.7,15.7933,9.03,0.572,0.428,9.03,6.76,0.0,13.09,13.09,9.79
Zaso,2033-04,CS,824,824,0,0.957,788.7,15.7737,9.34,0.592,0.408,9.34,6.44,0.0,15.24,15.24,10.5
Zaso,2033-05,CS,824,824,0,0.956,787.7,15.7541,9.34,0.593,0.407,9.34,6.41,0.0,15.24,15.24,10.46
Zaso,2033-06,CS,824,824,0,0.955,786.7,15.7345,9.33,0.593,0.407,9.33,6.4,0.0,15.24,15.24,10.46
Zaso,2033-07,CS,824,824,0,0.954,785.7,15.7149,9.51,0.605,0.395,9.51,6.21,0.0,15.24,15.24,9.95
Zaso,2033-08,CS,824,824,0,0.952,784.8,15.6952,9.48,0.604,0.396,9.48,6.22,0.0,15.24,15.24,9.99
Zaso,2033-09,CS,824,824,0,0.951,783.8,15.6756,9.48,0.605,0.395,9.48,6.19,0.0,15.24,15.24,9.95
Zaso,2033-10,CS,824,824,0,0.95,782.8,15.656,9.47,0.605,0.395,9.47,6.18,0.0,15.72,15.72,10.26
Zaso,2033-11,CS,824,824,0,0.949,781.8,15.6364,9.46,0.605,0.395,9.46,6.18,0.0,15.72,15.72,10.26
Zaso,2033-12,CS,824,824,0,0.948,780.8,15.6168,9.45,0.605,0.395,9.45,6.17,0.0,15.72,15.72,10.26
Zaso,2034-01,CS,824,824,0,0.946,779.9,15.5971,9.44,0.605,0.395,9.44,6.16,0.0,15.72,15.72,10.26
Zaso,2034-02,CS,824,824,0,0.945,778.9,15.5775,9.42,0.605,0.395,9.42,6.15,0.0,15.72,15.72,10.26
Zaso,2034-03,CS,824,824,0,0.944,777.9,15.5579,9.41,0.605,0.395,9.41,6.15,0.0,15.72,15.72,10.26
Zaso,2034-04,CS,824,824,0,0.943,776.9,15.5383,9.4,0.605,0.395,9.4,6.14,0.0,15.65,15.65,10.22
Zaso,2034-05,CS,824,824,0,0.942,775.9,15.5187,9.39,0.605,0.395,9.39,6.13,0.0,15.65,15.65,10.22
Zaso,2034-06,CS,824,824,0,0.94,775.0,15.499,9.38,0.605,0.395,9.38,6.12,0.0,15.65,15.65,10.22
Zaso,2034-07,CS,824,824,0,0.939,774.0,15.4794,9.35,0.604,0.396,9.35,6.13,0.0,15.65,15.65,10.26
Zaso,2034-08,CS,824,824,0,0.938,773.0,15.4598,9.34,0.604,0.396,9.34,6.12,0.0,15.65,15.65,10.26
Zaso,2034-09,CS,824,824,0,0.937,772.0,15.4402,9.33,0.604,0.396,9.33,6.11,0.0,15.65,15.65,10.26
Zaso,2034-10,CS,824,824,0,0.936,771.0,15.4206,9.31,0.604,0.396,9.31,6.11,0.0,15.55,15.55,10.2
Zaso,2034-11,CS,824,824,0,0.935,770.0,15.401,9.3,0.604,0.396,9.3,6.1,0.0,15.55,15.55,10.2
Zaso,2034-12,CS,824,824,0,0.933,769.1,15.3813,9.29,0.604,0.396,9.29,6.09,0.0,15.55,15.55,10.2
Zaso,2035-01,CS,824,824,0,0.932,768.1,15.3617,9.28,0.604,0.396,9.28,6.08,0.0,15.55,15.55,10.2
Zaso,2035-02,CS,824,824,0,0.931,767.1,15.3421,9.27,0.604,0.396,9.27,6.08,0.0,15.55,15.55,10.2
Zaso,2035-03,CS,824,824,0,0.93,766.1,15.3225,9.24,0.603,0.397,9.24,6.08,0.0,15.55,15.55,10.24
Zaso,2035-04,CS,824,824,0,0.929,765.1,15.3029,9.23,0.603,0.397,9.23,6.08,0.0,15.46,15.46,10.18
Zaso,2035-05,CS,824,824,0,0.927,764.2,15.2832,9.22,0.603,0.397,9.22,6.07,0.0,15.46,15.46,10.18
Zaso,2035-06,CS,824,824,0,0.926,763.2,15.2636,9.2,0.603,0.397,9.2,6.06,0.0,15.46,15.46,10.18
Zaso,2035-07,CS,824,824,0,0.925,762.2,15.244,9.19,0.603,0.397,9.19,6.05,0.0,15.46,15.46,10.18
Zaso,2035-08,CS,824,824,0,0.924,761.2,15.2244,9.18,0.603,0.397,9.18,6.04,0.0,15.46,15.46,10.18
Zaso,2035-09,CS,824,824,0,0.923,760.2,15.2048,9.17,0.603,0.397,9.17,6.04,0.0,15.46,15.46,10.18
Zaso,2035-10,CS,824,824,0,0.921,759.3,15.1851,9.16,0.603,0.397,9.16,6.03,0.0,15.36,15.36,10.11
Zaso,2035-11,CS,824,824,0,0.92,758.3,15.1655,9.14,0.603,0.397,9.14,6.02,0.0,15.36,15.36,10.11
Zaso,2035-12,CS,824,824,0,0.919,757.3,15.1459,9.12,0.602,0.398,9.12,6.03,0.0,15.36,15.36,10.15
Zaso,2036-01,CS,824,824,0,0.918,756.3,15.1263,9.11,0.602,0.398,9.11,6.02,0.0,15.36,15.36,10.15
Zaso,2036-02,CS,824,824,0,0.917,755.3,15.1067,9.09,0.602,0.398,9.09,6.01,0.0,15.36,15.36,10.15
Zaso,2036-03,CS,824,824,0,0.915,754.4,15.087,9.08,0.602,0.398,9.08,6.0,0.0,15.36,15.36,10.15
WSA,2026-04,CS,0,0,0,0.3,0.0,0.0,0.0,0.45,0.55,0.0,0.0,0.0,0.0,0.0,0.0
WSA,2026-05,CS,0,0,0,0.314,0.0,0.0,0.0,0.45,0.55,0.0,0.0,0.0,0.0,0.0,0.0
WSA,2026-06,CS,0,0,0,0.328,0.0,0.0,0.0,0.45,0.55,0.0,0.0,0.0,0.0,0.0,0.0
WSA,2026-07,CS,0,0,0,0.342,0.0,0.0,0.0,0.45,0.55,0.0,0.0,0.0,0.0,0.0,0.0
WSA,2026-08,CS,0,0,0,0.356,0.0,0.0,0.0,0.45,0.55,0.0,0.0,0.0,0.0,0.0,0.0
WSA,2026-09,CS,0,0,0,0.369,0.0,0.0,0.0,0.45,0.55,0.0,0.0,0.0,0.0,0.0,0.0
WSA,2026-10,CS,0,0,0,0.383,0.0,0.0,0.0,0.45,0.55,0.0,0.0,0.0,0.0,0.0,0.0
WSA,2026-11,CS,0,0,0,0.397,0.0,0.0,0.0,0.45,0.55,0.0,0.0,0.0,0.0,0.0,0.0
WSA,2026-12,CS,0,0,0,0.411,0.0,0.0,0.0,0.45,0.55,0.0,0.0,0.0,0.0,0.0,0.0
WSA,2027-01,CS,0,0,0,0.425,0.0,0.0,0.0,0.45,0.55,0.0,0.0,0.0,0.0,0.0,0.0
WSA,2027-02,CS,0,0,0,0.439,0.0,0.0,0.0,0.45,0.55,0.0,0.0,0.0,0.0,0.0,0.0
WSA,2027-03,CS,0,0,0,0.453,0.0,0.0,0.0,0.45,0.55,0.0,0.0,0.0,0.0,0.0,0.0
WSA,2027-04,CS,0,0,0,0.467,0.0,0.0,0.0,0.45,0.55,0.0,0.0,0.0,0.0,0.0,0.0
WSA,2027-05,CS,0,0,0,0.481,0.0,0.0,0.0,0.45,0.55,0.0,0.0,0.0,0.0,0.0,0.0
WSA,2027-06,CS,0,0,0,0.494,0.0,0.0,0.0,0.45,0.55,0.0,0.0,0.0,0.0,0.0,0.0
WSA,2027-07,CS,0,0,0,0.508,0.0,0.0,0.0,0.45,0.55,0.0,0.0,0.0,0.0,0.0,0.0
WSA,2027-08,CS,0,0,0,0.522,0.0,0.0,0.0,0.45,0.55,0.0,0.0,0.0,0.0,0.0,0.0
WSA,2027-09,CS,0,0,0,0.536,0.0,0.0,0.0,0.45,0.55,0.0,0.0,0.0,0.0,0.0,0.0
WSA,2027-10,CS,0,0,0,0.55,0.0,0.0,0.0,0.45,0.55,0.0,0.0,0.0,0.0,0.0,0.0
WSA,2027-11,CS,0,0,0,0.564,0.0,0.0,0.0,0.45,0.55,0.0,0.0,0.0,0.0,0.0,0.0
WSA,2027-12,CS,0,0,0,0.578,0.0,0.0,0.0,0.45,0.55,0.0,0.0,0.0,0.0,0.0,0.0
WSA,2028-01,CS,0,0,0,0.592,0.0,0.0,0.0,0.45,0.55,0.0,0.0,0.0,0.0,0.0,0.0
WSA,2028-02,CS,0,0,0,0.606,0.0,0.0,0.0,0.45,0.55,0.0,0.0,0.0,0.0,0.0,0.0
WSA,2028-03,CS,0,0,0,0.619,0.0,0.0,0.0,0.45,0.55,0.0,0.0,0.0,0.0,0.0,0.0
WSA,2028-04,CS,0,0,0,0.633,0.0,0.0,0.0,0.45,0.55,0.0,0.0,0.0,0.0,0.0,0.0
WSA,2028-05,CS,0,0,0,0.647,0.0,0.0,0.0,0.45,0.55,0.0,0.0,0.0,0.0,0.0,0.0
WSA,2028-06,CS,0,0,0,0.661,0.0,0.0,0.0,0.45,0.55,0.0,0.0,0.0,0.0,0.0,0.0
WSA,2028-07,CS,0,0,0,0.675,0.0,0.0,0.0,0.45,0.55,0.0,0.0,0.0,0.0,0.0,0.0
WSA,2028-08,CS,0,0,0,0.689,0.0,0.0,0.0,0.45,0.55,0.0,0.0,0.0,0.0,0.0,0.0
WSA,2028-09,CS,0,0,0,0.703,0.0,0.0,0.0,0.45,0.55,0.0,0.0,0.0,0.0,0.0,0.0
WSA,2028-10,CS,0,0,0,0.717,0.0,0.0,0.0,0.45,0.55,0.0,0.0,0.0,0.0,0.0,0.0
WSA,2028-11,CS,0,0,0,0.731,0.0,0.0,0.0,0.45,0.55,0.0,0.0,0.0,0.0,0.0,0.0
WSA,2028-12,CS,0,0,0,0.744,0.0,0.0,0.0,0.45,0.55,0.0,0.0,0.0,0.0,0.0,0.0
WSA,2029-01,CS,0,0,0,0.758,0.0,0.0,0.0,0.45,0.55,0.0,0.0,0.0,0.0,0.0,0.0
WSA,2029-02,CS,0,0,0,0.772,0.0,0.0,0.0,0.45,0.55,0.0,0.0,0.0,0.0,0.0,0.0
WSA,2029-03,CS,0,0,0,0.786,0.0,0.0,0.0,0.45,0.55,0.0,0.0,0.0,0.0,0.0,0.0
WSA,2029-04,CS,1732,1732,0,0.8,1385.6,27.712,15.05,0.543,0.457,15.05,12.66,0.0,10.86,10.86,9.14
WSA,2029-05,CS,1697,1697,0,0.814,1381.2,27.6234,15.08,0.546,0.454,15.08,12.54,0.0,10.86,10.86,9.03
WSA,2029-06,CS,1662,1662,0,0.828,1375.8,27.5153,15.02,0.546,0.454,15.02,12.49,0.0,10.86,10.86,9.03
WSA,2029-07,CS,1628,1628,0,0.842,1370.2,27.4047,15.02,0.548,0.452,15.02,12.39,0.0,10.86,10.86,8.96
WSA,2029-08,CS,1593,1593,0,0.856,1362.9,27.258,14.94,0.548,0.452,14.94,12.32,0.0,10.86,10.86,8.96
WSA,2029-09,CS,1558,1558,0,0.869,1354.6,27.0919,14.87,0.549,0.451,14.87,12.22,0.0,10.86,10.86,8.92
WSA,2029-10,CS,1524,1524,0,0.883,1346.2,26.924,14.78,0.549,0.451,14.78,12.14,0.0,11.68,11.68,9.6
WSA,2029-11,CS,1489,1489,0,0.897,1336.0,26.7193,14.7,0.55,0.45,14.7,12.02,0.0,11.68,11.68,9.56
WSA,2029-12,CS,1454,1454,0,0.911,1324.8,26.4951,14.6,0.551,0.449,14.6,11.9,0.0,11.68,11.68,9.52
WSA,2030-01,CS,1437,1437,0,0.925,1329.2,26.5845,14.67,0.552,0.448,14.67,11.91,0.0,11.68,11.68,9.48
WSA,2030-02,CS,1420,1420,0,0.939,1333.2,26.6644,14.77,0.554,0.446,14.77,11.89,0.0,11.68,11.68,9.4
WSA,2030-03,CS,1402,1402,0,0.953,1335.8,26.7159,14.83,0.555,0.445,14.83,11.89,0.0,11.68,11.68,9.37
WSA,2030-04,CS,1385,1385,0,0.967,1338.8,26.7767,14.78,0.552,0.448,14.78,12.0,0.0,12.28,12.28,9.97
WSA,2030-05,CS,1368,1368,0,0.981,1341.4,26.828,14.84,0.553,0.447,14.84,11.99,0.0,12.28,12.28,9.93
WSA,2030-06,CS,1350,1350,0,0.994,1342.5,26.85,14.9,0.555,0.445,14.9,11.95,0.0,12.28,12.28,9.85
WSA,2030-07,CS,1333,1333,0,1.008,1344.1,26.8822,14.95,0.556,0.444,14.95,11.94,0.0,12.28,12.28,9.81
WSA,2030-08,CS,1316,1316,0,1.022,1345.2,26.9049,15.01,0.558,0.442,15.01,11.89,0.0,12.28,12.28,9.73
WSA,2030-09,CS,1299,1299,0,1.036,1345.9,26.9182,15.07,0.56,0.44,15.07,11.84,0.0,12.28,12.28,9.65
WSA,2030-10,CS,1281,1281,0,1.05,1345.0,26.901,15.09,0.561,0.439,15.09,11.81,0.0,13.25,13.25,10.37
WSA,2030-11,CS,1264,1264,0,1.047,1323.7,26.4738,14.85,0.561,0.439,14.85,11.62,0.0,13.25,13.25,10.37
WSA,2030-12,CS,1247,1247,0,1.044,1302.4,26.0484,14.61,0.561,0.439,14.61,11.44,0.0,13.25,13.25,10.37
WSA,2031-01,CS,1247,1247,0,1.042,1299.0,25.9792,14.63,0.563,0.437,14.63,11.35,0.0,13.25,13.25,10.28
WSA,2031-02,CS,1229,1229,0,1.039,1276.8,25.5359,14.38,0.563,0.437,14.38,11.16,0.0,13.25,13.25,10.28
WSA,2031-03,CS,1229,1229,0,1.036,1273.4,25.4676,14.36,0.564,0.436,14.36,11.1,0.0,13.25,13.25,10.24
WSA,2031-04,CS,1212,1212,0,1.033,1252.4,28.8052,16.71,0.58,0.42,16.71,12.1,0.0,16.52,16.52,11.96
WSA,2031-05,CS,1212,1212,0,1.031,1249.0,28.4155,16.51,0.581,0.419,16.51,11.91,0.0,16.52,16.52,11.91
WSA,2031-06,CS,1195,1195,0,1.028,1228.2,27.6344,16.0,0.579,0.421,16.0,11.63,0.0,16.52,16.52,12.01
WSA,2031-07,CS,1195,1195,0,1.025,1224.9,27.2535,16.13,0.592,0.408,16.13,11.12,0.0,16.52,16.52,11.39
WSA,2031-08,CS,1195,1195,0,1.022,1221.6,26.8742,15.91,0.592,0.408,15.91,10.96,0.0,16.52,16.52,11.39
WSA,2031-09,CS,1177,1177,0,1.019,1199.9,26.0975,15.37,0.589,0.411,15.37,10.73,0.0,16.52,16.52,11.53
WSA,2031-10,CS,1177,1177,0,1.017,1196.6,25.7273,15.15,0.589,0.411,15.15,10.57,0.0,16.42,16.42,11.46
WSA,2031-11,CS,1177,1177,0,1.014,1193.3,25.3586,14.94,0.589,0.411,14.94,10.42,0.0,16.42,16.42,11.46
WSA,2031-12,CS,1160,1160,0,1.011,1172.9,24.6307,14.46,0.587,0.413,14.46,10.17,0.0,16.42,16.42,11.55
WSA,2032-01,CS,1160,1160,0,1.008,1169.7,24.2706,14.22,0.586,0.414,14.22,10.05,0.0,16.42,16.42,11.6
WSA,2032-02,CS,1160,1160,0,1.006,1166.4,23.9121,14.01,0.586,0.414,14.01,9.9,0.0,16.42,16.42,11.6
WSA,2032-03,CS,1160,1160,0,1.003,1163.2,23.5552,13.8,0.586,0.414,13.8,9.75,0.0,16.42,16.42,11.6
WSA,2032-04,CS,1143,1143,0,1.0,1143.0,22.86,13.35,0.584,0.416,13.35,9.51,0.0,16.33,16.33,11.63
WSA,2032-05,CS,1143,1143,0,0.999,1141.6,22.8328,13.36,0.585,0.415,13.36,9.48,0.0,16.33,16.33,11.58
WSA,2032-06,CS,1143,1143,0,0.998,1140.3,22.8056,13.39,0.587,0.413,13.39,9.42,0.0,16.33,16.33,11.49
WSA,2032-07,CS,1143,1143,0,0.996,1138.9,22.7784,13.39,0.588,0.412,13.39,9.38,0.0,16.33,16.33,11.44
WSA,2032-08,CS,1125,1125,0,0.995,1119.6,22.3929,13.17,0.588,0.412,13.17,9.23,0.0,16.33,16.33,11.44
WSA,2032-09,CS,1125,1125,0,0.994,1118.3,22.3661,13.17,0.589,0.411,13.17,9.19,0.0,16.33,16.33,11.39
WSA,2032-10,CS,1091,1091,0,0.993,1083.2,21.6641,13.19,0.609,0.391,13.19,8.47,0.0,17.67,17.67,11.34
WSA,2032-11,CS,1056,1056,0,0.992,1047.2,20.944,12.69,0.606,0.394,12.69,8.25,0.0,17.67,17.67,11.49
WSA,2032-12,CS,1039,1039,0,0.99,1029.1,20.5821,12.43,0.604,0.396,12.43,8.15,0.0,17.67,17.67,11.58
WSA,2033-01,CS,1004,1004,0,0.989,993.2,19.8649,11.94,0.601,0.399,11.94,7.93,0.0,17.67,17.67,11.73
WSA,2033-02,CS,987,987,0,0.988,975.2,19.505,11.68,0.599,0.401,11.68,7.82,0.0,17.67,17.67,11.83
WSA,2033-03,CS,952,952,0,0.987,939.5,18.7907,11.18,0.595,0.405,11.18,7.61,0.0,17.67,17.67,12.03
WSA,2033-04,CS,935,935,0,0.986,921.6,18.4329,11.35,0.616,0.384,11.35,7.08,0.0,17.31,17.31,10.79
WSA,2033-05,CS,900,900,0,0.985,886.1,17.7214,10.83,0.611,0.389,10.83,6.89,0.0,17.31,17.31,11.02
WSA,2033-06,CS,883,883,0,0.983,868.3,17.3657,10.56,0.608,0.392,10.56,6.81,0.0,17.31,17.31,11.16
WSA,2033-07,CS,866,866,0,0.982,850.5,17.0107,10.5,0.617,0.383,10.5,6.52,0.0,17.31,17.31,10.75
WSA,2033-08,CS,866,866,0,0.981,849.5,16.9901,10.48,0.617,0.383,10.48,6.51,0.0,17.31,17.31,10.75
WSA,2033-09,CS,866,866,0,0.98,848.5,16.9695,10.49,0.618,0.382,10.49,6.48,0.0,17.31,17.31,10.7
WSA,2033-10,CS,866,866,0,0.979,847.4,16.9489,10.47,0.618,0.382,10.47,6.47,0.0,17.39,17.39,10.75
WSA,2033-11,CS,866,866,0,0.977,846.4,16.9282,10.46,0.618,0.382,10.46,6.47,0.0,17.39,17.39,10.75
WSA,2033-12,CS,866,866,0,0.976,845.4,16.9076,10.45,0.618,0.382,10.45,6.46,0.0,17.39,17.39,10.75
WSA,2034-01,CS,866,866,0,0.975,844.4,16.887,10.44,0.618,0.382,10.44,6.45,0.0,17.39,17.39,10.75
WSA,2034-02,CS,866,866,0,0.974,843.3,16.8664,10.42,0.618,0.382,10.42,6.44,0.0,17.39,17.39,10.75
WSA,2034-03,CS,866,866,0,0.973,842.3,16.8458,10.41,0.618,0.382,10.41,6.44,0.0,17.39,17.39,10.75
WSA,2034-04,CS,866,866,0,0.971,841.3,16.8251,10.4,0.618,0.382,10.4,6.43,0.0,17.3,17.3,10.69
WSA,2034-05,CS,866,866,0,0.97,840.2,16.8045,10.37,0.617,0.383,10.37,6.44,0.0,17.3,17.3,10.74
WSA,2034-06,CS,866,866,0,0.969,839.2,16.7839,10.36,0.617,0.383,10.36,6.43,0.0,17.3,17.3,10.74
WSA,2034-07,CS,866,866,0,0.968,838.2,16.7633,10.34,0.617,0.383,10.34,6.42,0.0,17.3,17.3,10.74
WSA,2034-08,CS,866,866,0,0.967,837.1,16.7427,10.33,0.617,0.383,10.33,6.41,0.0,17.3,17.3,10.74
WSA,2034-09,CS,866,866,0,0.965,836.1,16.722,10.32,0.617,0.383,10.32,6.4,0.0,17.3,17.3,10.74
WSA,2034-10,CS,866,866,0,0.964,835.1,16.7014,10.3,0.617,0.383,10.3,6.4,0.0,17.2,17.2,10.68
WSA,2034-11,CS,866,866,0,0.963,834.0,16.6808,10.29,0.617,0.383,10.29,6.39,0.0,17.2,17.2,10.68
WSA,2034-12,CS,866,866,0,0.962,833.0,16.6602,10.28,0.617,0.383,10.28,6.38,0.0,17.2,17.2,10.68
WSA,2035-01,CS,866,866,0,0.961,832.0,16.6396,10.25,0.616,0.384,10.25,6.39,0.0,17.2,17.2,10.72
WSA,2035-02,CS,866,866,0,0.96,830.9,16.619,10.24,0.616,0.384,10.24,6.38,0.0,17.2,17.2,10.72
WSA,2035-03,CS,866,866,0,0.958,829.9,16.5983,10.22,0.616,0.384,10.22,6.37,0.0,17.2,17.2,10.72
WSA,2035-04,CS,866,866,0,0.957,828.9,16.5777,10.21,0.616,0.384,10.21,6.37,0.0,17.1,17.1,10.66
WSA,2035-05,CS,866,866,0,0.956,827.9,16.5571,10.2,0.616,0.384,10.2,6.36,0.0,17.1,17.1,10.66
WSA,2035-06,CS,866,866,0,0.955,826.8,16.5365,10.19,0.616,0.384,10.19,6.35,0.0,17.1,17.1,10.66
WSA,2035-07,CS,866,866,0,0.954,825.8,16.5159,10.17,0.616,0.384,10.17,6.34,0.0,17.1,17.1,10.66
WSA,2035-08,CS,866,866,0,0.952,824.8,16.4952,10.16,0.616,0.384,10.16,6.33,0.0,17.1,17.1,10.66
WSA,2035-09,CS,866,866,0,0.951,823.7,16.4746,10.13,0.615,0.385,10.13,6.34,0.0,17.1,17.1,10.7
WSA,2035-10,CS,866,866,0,0.95,822.7,16.454,10.12,0.615,0.385,10.12,6.33,0.0,17.0,17.0,10.64
WSA,2035-11,CS,866,866,0,0.949,821.7,16.4334,10.11,0.615,0.385,10.11,6.33,0.0,17.0,17.0,10.64
WSA,2035-12,CS,866,866,0,0.948,820.6,16.4128,10.09,0.615,0.385,10.09,6.32,0.0,17.0,17.0,10.64
WSA,2036-01,CS,866,866,0,0.946,819.6,16.3921,10.08,0.615,0.385,10.08,6.31,0.0,17.0,17.0,10.64
WSA,2036-02,CS,866,866,0,0.945,818.6,16.3715,10.07,0.615,0.385,10.07,6.3,0.0,17.0,17.0,10.64
WSA,2036-03,CS,866,866,0,0.944,817.5,16.3509,10.06,0.615,0.385,10.06,6.3,0.0,17.0,17.0,10.64
TKZ,2026-04,PS,600,600,0,0.95,570.0,19.0,11.59,0.61,0.39,11.59,7.41,0.0,8.35,8.35,5.34
TKZ,2026-05,PS,600,600,0,0.946,567.5,18.9167,11.52,0.609,0.391,11.52,7.4,0.0,8.35,8.35,5.36
TKZ,2026-06,PS,600,600,0,0.942,565.0,18.8333,11.47,0.609,0.391,11.47,7.36,0.0,8.35,8.35,5.36
TKZ,2026-07,PS,600,600,0,0.938,562.5,18.75,11.42,0.609,0.391,11.42,7.33,0.0,8.35,8.35,5.36
TKZ,2026-08,PS,600,600,0,0.933,560.0,18.6667,11.37,0.609,0.391,11.37,7.3,0.0,8.35,8.35,5.36
TKZ,2026-09,PS,600,600,0,0.929,557.5,18.5833,11.3,0.608,0.392,11.3,7.28,0.0,8.35,8.35,5.38
TKZ,2026-10,PS,600,600,0,0.925,555.0,18.5,11.25,0.608,0.392,11.25,7.25,0.0,8.25,8.25,5.32
TKZ,2026-11,PS,600,600,0,0.921,552.5,18.4167,11.2,0.608,0.392,11.2,7.22,0.0,8.25,8.25,5.32
TKZ,2026-12,PS,600,600,0,0.917,550.0,18.3333,11.15,0.608,0.392,11.15,7.19,0.0,8.25,8.25,5.32
TKZ,2027-01,PS,600,600,0,0.912,547.5,18.25,11.1,0.608,0.392,11.1,7.15,0.0,8.25,8.25,5.32
TKZ,2027-02,PS,600,600,0,0.908,545.0,18.1667,11.03,0.607,0.393,11.03,7.14,0.0,8.25,8.25,5.34
TKZ,2027-03,PS,600,600,0,0.904,542.5,18.0833,10.98,0.607,0.393,10.98,7.11,0.0,8.25,8.25,5.34
TKZ,2027-04,PS,600,600,0,0.9,540.0,18.0,10.93,0.607,0.393,10.93,7.07,0.0,9.14,9.14,5.92
TKZ,2027-05,PS,600,600,0,0.896,537.5,17.9167,10.88,0.607,0.393,10.88,7.04,0.0,9.14,9.14,5.92
TKZ,2027-06,PS,600,600,0,0.892,535.0,17.8333,10.82,0.607,0.393,10.82,7.01,0.0,9.14,9.14,5.92
TKZ,2027-07,PS,600,600,0,0.887,532.5,22.1875,14.11,0.636,0.364,14.11,8.08,0.0,9.14,9.14,5.23
TKZ,2027-08,PS,600,600,0,0.883,530.0,21.7153,13.77,0.634,0.366,13.77,7.95,0.0,9.14,9.14,5.28
TKZ,2027-09,PS,600,600,0,0.879,527.5,21.2465,13.41,0.631,0.369,13.41,7.84,0.0,9.14,9.14,5.34
TKZ,2027-10,PS,600,600,0,0.875,525.0,20.7812,13.07,0.629,0.371,13.07,7.71,0.0,8.98,8.98,5.3
TKZ,2027-11,PS,600,600,0,0.871,522.5,20.3194,12.72,0.626,0.374,12.72,7.6,0.0,8.98,8.98,5.37
TKZ,2027-12,PS,600,600,0,0.867,520.0,19.8611,12.39,0.624,0.376,12.39,7.47,0.0,8.98,8.98,5.41
TKZ,2028-01,PS,600,600,0,0.863,517.5,19.4062,11.88,0.612,0.388,11.88,7.53,0.0,8.98,8.98,5.69
TKZ,2028-02,PS,600,600,0,0.858,515.0,18.9549,11.56,0.61,0.39,11.56,7.39,0.0,8.98,8.98,5.74
TKZ,2028-03,PS,600,600,0,0.854,512.5,18.5069,11.27,0.609,0.391,11.27,7.24,0.0,8.98,8.98,5.77
TKZ,2028-04,PS,600,600,0,0.85,510.0,18.0625,10.86,0.601,0.399,10.86,7.21,0.0,7.63,7.63,5.07
TKZ,2028-05,PS,600,600,0,0.846,507.5,17.6215,10.57,0.6,0.4,10.57,7.05,0.0,7.63,7.63,5.09
TKZ,2028-06,PS,600,600,0,0.842,505.0,17.184,10.28,0.598,0.402,10.28,6.91,0.0,7.63,7.63,5.13
TKZ,2028-07,PS,600,600,0,0.838,502.5,16.75,9.98,0.596,0.404,9.98,6.77,0.0,7.63,7.63,5.17
TKZ,2028-08,PS,600,600,0,0.833,500.0,16.6667,9.95,0.597,0.403,9.95,6.72,0.0,7.63,7.63,5.15
TKZ,2028-09,PS,600,600,0,0.829,497.5,16.5833,9.92,0.598,0.402,9.92,6.67,0.0,7.63,7.63,5.13
TKZ,2028-10,PS,600,600,0,0.825,495.0,16.5,9.77,0.592,0.408,9.77,6.73,0.0,7.4,7.4,5.1
TKZ,2028-11,PS,600,600,0,0.821,492.5,16.4167,9.74,0.593,0.407,9.74,6.68,0.0,7.4,7.4,5.08
TKZ,2028-12,PS,600,600,0,0.817,490.0,16.3333,9.72,0.595,0.405,9.72,6.62,0.0,7.4,7.4,5.04
TKZ,2029-01,PS,600,600,0,0.812,487.5,16.25,9.68,0.596,0.404,9.68,6.57,0.0,7.4,7.4,5.02
TKZ,2029-02,PS,600,600,0,0.808,485.0,16.1667,9.65,0.597,0.403,9.65,6.52,0.0,7.4,7.4,5.0
TKZ,2029-03,PS,600,600,0,0.804,482.5,16.0833,9.62,0.598,0.402,9.62,6.47,0.0,7.4,7.4,4.97
TKZ,2029-04,PS,600,600,0,0.8,480.0,16.0,9.58,0.599,0.401,9.58,6.42,0.0,7.53,7.53,5.04
TKZ,2029-05,PS,600,600,0,0.787,472.5,15.75,9.42,0.598,0.402,9.42,6.33,0.0,7.53,7.53,5.06
TKZ,2029-06,PS,600,600,0,0.775,465.0,15.5,9.25,0.597,0.403,9.25,6.25,0.0,7.53,7.53,5.08
TKZ,2029-07,PS,600,600,0,0.762,457.5,15.25,9.1,0.597,0.403,9.1,6.15,0.0,7.53,7.53,5.08
TKZ,2029-08,PS,600,600,0,0.75,450.0,15.0,8.94,0.596,0.404,8.94,6.06,0.0,7.53,7.53,5.1
TKZ,2029-09,PS,600,600,0,0.738,442.5,14.75,8.78,0.595,0.405,8.78,5.97,0.0,7.53,7.53,5.13
TKZ,2029-10,PS,600,600,0,0.725,435.0,14.5,8.61,0.594,0.406,8.61,5.89,0.0,7.08,7.08,4.84
TKZ,2029-11,PS,600,600,0,0.713,427.5,14.25,8.44,0.592,0.408,8.44,5.81,0.0,7.08,7.08,4.88
TKZ,2029-12,PS,600,600,0,0.7,420.0,14.0,8.27,0.591,0.409,8.27,5.73,0.0,7.08,7.08,4.9
TKZ,2030-01,PS,600,600,0,0.688,412.5,13.75,8.1,0.589,0.411,8.1,5.65,0.0,7.08,7.08,4.94
TKZ,2030-02,PS,600,600,0,0.675,405.0,13.5,7.94,0.588,0.412,7.94,5.56,0.0,7.08,7.08,4.96
TKZ,2030-03,PS,600,600,0,0.662,397.5,13.25,7.76,0.586,0.414,7.76,5.49,0.0,7.08,7.08,5.0
TKZ,2030-04,PS,600,600,0,0.65,390.0,13.0,7.59,0.584,0.416,7.59,5.41,0.0,6.43,6.43,4.58
TKZ,2030-05,PS,600,600,0,0.637,382.5,12.75,7.42,0.582,0.418,7.42,5.33,0.0,6.43,6.43,4.62
TKZ,2030-06,PS,600,600,0,0.625,375.0,12.5,7.26,0.581,0.419,7.26,5.24,0.0,6.43,6.43,4.64
TKZ,2030-07,PS,600,600,0,0.613,367.5,12.25,7.09,0.579,0.421,7.09,5.16,0.0,6.43,6.43,4.68
TKZ,2030-08,PS,600,600,0,0.6,360.0,12.0,6.92,0.577,0.423,6.92,5.08,0.0,6.43,6.43,4.71
TKZ,2030-09,PS,600,600,0,0.588,352.5,11.75,6.76,0.575,0.425,6.76,4.99,0.0,6.43,6.43,4.75
TKZ,2030-10,PS,600,600,0,0.575,345.0,11.5,6.6,0.574,0.426,6.6,4.9,0.0,5.8,5.8,4.3
TKZ,2030-11,PS,600,600,0,0.562,337.5,11.25,6.43,0.572,0.428,6.43,4.81,0.0,5.8,5.8,4.34
TKZ,2030-12,PS,600,600,0,0.55,330.0,11.0,6.28,0.571,0.429,6.28,4.72,0.0,5.8,5.8,4.36
TKZ,2031-01,PS,600,600,0,0.537,322.5,10.75,6.12,0.569,0.431,6.12,4.63,0.0,5.8,5.8,4.39
TKZ,2031-02,PS,600,600,0,0.525,315.0,10.5,5.95,0.567,0.433,5.95,4.55,0.0,5.8,5.8,4.43
TKZ,2031-03,PS,600,600,0,0.512,307.5,10.25,5.8,0.566,0.434,5.8,4.45,0.0,5.8,5.8,4.45
TKZ,2031-04,PS,600,600,0,0.5,300.0,10.0,5.64,0.564,0.436,5.64,4.36,0.0,5.21,5.21,4.03
TKZ,2031-05,PS,600,600,0,0.487,292.5,9.75,5.48,0.562,0.438,5.48,4.27,0.0,5.21,5.21,4.06
TKZ,2031-06,PS,600,600,0,0.475,285.0,9.5,5.33,0.561,0.439,5.33,4.17,0.0,5.21,5.21,4.08
TKZ,2031-07,PS,600,600,0,0.462,277.5,9.25,5.17,0.559,0.441,5.17,4.08,0.0,5.21,5.21,4.11
TKZ,2031-08,PS,600,600,0,0.45,270.0,9.0,5.02,0.558,0.442,5.02,3.98,0.0,5.21,5.21,4.13
TKZ,2031-09,PS,600,600,0,0.438,262.5,8.75,4.87,0.556,0.444,4.87,3.89,0.0,5.21,5.21,4.16
TKZ,2031-10,PS,600,600,0,0.425,255.0,8.5,4.71,0.554,0.446,4.71,3.79,0.0,4.65,4.65,3.74
TKZ,2031-11,PS,600,600,0,0.412,247.5,8.25,4.56,0.553,0.447,4.56,3.69,0.0,4.65,4.65,3.76
TKZ,2031-12,PS,600,600,0,0.4,240.0,8.0,4.41,0.551,0.449,4.41,3.59,0.0,4.65,4.65,3.79
TKZ,2032-01,PS,600,600,0,0.387,232.5,7.75,4.25,0.549,0.451,4.25,3.5,0.0,4.65,4.65,3.82
TKZ,2032-02,PS,600,600,0,0.375,225.0,7.5,4.11,0.548,0.452,4.11,3.39,0.0,4.65,4.65,3.84
TKZ,2032-03,PS,600,600,0,0.362,217.5,7.25,3.97,0.547,0.453,3.97,3.28,0.0,4.65,4.65,3.85
TKZ,2032-04,PS,600,600,0,0.0,0.0,0.0,0.0,0.45,0.55,0.0,0.0,0.0,0.0,0.0,0.0
TKZ,2032-05,PS,600,600,0,0.0,0.0,0.0,0.0,0.45,0.55,0.0,0.0,0.0,0.0,0.0,0.0
TKZ,2032-06,PS,600,600,0,0.0,0.0,0.0,0.0,0.45,0.55,0.0,0.0,0.0,0.0,0.0,0.0
TKZ,2032-07,PS,600,600,0,0.0,0.0,0.0,0.0,0.45,0.55,0.0,0.0,0.0,0.0,0.0,0.0
TKZ,2032-08,PS,600,600,0,0.0,0.0,0.0,0.0,0.45,0.55,0.0,0.0,0.0,0.0,0.0,0.0
TKZ,2032-09,PS,600,600,0,0.0,0.0,0.0,0.0,0.45,0.55,0.0,0.0,0.0,0.0,0.0,0.0
TKZ,2032-10,PS,600,600,0,0.0,0.0,0.0,0.0,0.45,0.55,0.0,0.0,0.0,0.0,0.0,0.0
TKZ,2032-11,PS,600,600,0,0.0,0.0,0.0,0.0,0.45,0.55,0.0,0.0,0.0,0.0,0.0,0.0
TKZ,2032-12,PS,600,600,0,0.0,0.0,0.0,0.0,0.45,0.55,0.0,0.0,0.0,0.0,0.0,0.0
TKZ,2033-01,PS,600,600,0,0.0,0.0,0.0,0.0,0.45,0.55,0.0,0.0,0.0,0.0,0.0,0.0
TKZ,2033-02,PS,600,600,0,0.0,0.0,0.0,0.0,0.45,0.55,0.0,0.0,0.0,0.0,0.0,0.0
TKZ,2033-03,PS,600,600,0,0.0,0.0,0.0,0.0,0.45,0.55,0.0,0.0,0.0,0.0,0.0,0.0
TKZ,2033-04,PS,600,600,0,0.0,0.0,0.0,0.0,0.45,0.55,0.0,0.0,0.0,0.0,0.0,0.0
TKZ,2033-05,PS,600,600,0,0.0,0.0,0.0,0.0,0.45,0.55,0.0,0.0,0.0,0.0,0.0,0.0
TKZ,2033-06,PS,600,600,0,0.0,0.0,0.0,0.0,0.45,0.55,0.0,0.0,0.0,0.0,0.0,0.0
TKZ,2033-07,PS,600,600,0,0.0,0.0,0.0,0.0,0.45,0.55,0.0,0.0,0.0,0.0,0.0,0.0
TKZ,2033-08,PS,600,600,0,0.0,0.0,0.0,0.0,0.45,0.55,0.0,0.0,0.0,0.0,0.0,0.0
TKZ,2033-09,PS,600,600,0,0.0,0.0,0.0,0.0,0.45,0.55,0.0,0.0,0.0,0.0,0.0,0.0
TKZ,2033-10,PS,600,600,0,0.0,0.0,0.0,0.0,0.45,0.55,0.0,0.0,0.0,0.0,0.0,0.0
TKZ,2033-11,PS,600,600,0,0.0,0.0,0.0,0.0,0.45,0.55,0.0,0.0,0.0,0.0,0.0,0.0
TKZ,2033-12,PS,600,600,0,0.0,0.0,0.0,0.0,0.45,0.55,0.0,0.0,0.0,0.0,0.0,0.0
TKZ,2034-01,PS,600,600,0,0.0,0.0,0.0,0.0,0.45,0.55,0.0,0.0,0.0,0.0,0.0,0.0
TKZ,2034-02,PS,600,600,0,0.0,0.0,0.0,0.0,0.45,0.55,0.0,0.0,0.0,0.0,0.0,0.0
TKZ,2034-03,PS,600,600,0,0.0,0.0,0.0,0.0,0.45,0.55,0.0,0.0,0.0,0.0,0.0,0.0
TKZ,2034-04,PS,600,600,0,0.0,0.0,0.0,0.0,0.45,0.55,0.0,0.0,0.0,0.0,0.0,0.0
TKZ,2034-05,PS,600,600,0,0.0,0.0,0.0,0.0,0.45,0.55,0.0,0.0,0.0,0.0,0.0,0.0
TKZ,2034-06,PS,600,600,0,0.0,0.0,0.0,0.0,0.45,0.55,0.0,0.0,0.0,0.0,0.0,0.0
TKZ,2034-07,PS,600,600,0,0.0,0.0,0.0,0.0,0.45,0.55,0.0,0.0,0.0,0.0,0.0,0.0
TKZ,2034-08,PS,600,600,0,0.0,0.0,0.0,0.0,0.45,0.55,0.0,0.0,0.0,0.0,0.0,0.0
TKZ,2034-09,PS,600,600,0,0.0,0.0,0.0,0.0,0.45,0.55,0.0,0.0,0.0,0.0,0.0,0.0
TKZ,2034-10,PS,600,600,0,0.0,0.0,0.0,0.0,0.45,0.55,0.0,0.0,0.0,0.0,0.0,0.0
TKZ,2034-11,PS,600,600,0,0.0,0.0,0.0,0.0,0.45,0.55,0.0,0.0,0.0,0.0,0.0,0.0
TKZ,2034-12,PS,600,600,0,0.0,0.0,0.0,0.0,0.45,0.55,0.0,0.0,0.0,0.0,0.0,0.0
TKZ,2035-01,PS,600,600,0,0.0,0.0,0.0,0.0,0.65,0.35,0.0,0.0,0.0,0.0,0.0,0.0
TKZ,2035-02,PS,600,600,0,0.0,0.0,0.0,0.0,0.65,0.35,0.0,0.0,0.0,0.0,0.0,0.0
TKZ,2035-03,PS,600,600,0,0.0,0.0,0.0,0.0,0.65,0.35,0.0,0.0,0.0,0.0,0.0,0.0
TKZ,2035-04,PS,600,600,0,0.0,0.0,0.0,0.0,0.65,0.35,0.0,0.0,0.0,0.0,0.0,0.0
TKZ,2035-05,PS,600,600,0,0.0,0.0,0.0,0.0,0.65,0.35,0.0,0.0,0.0,0.0,0.0,0.0
TKZ,2035-06,PS,600,600,0,0.0,0.0,0.0,0.0,0.65,0.35,0.0,0.0,0.0,0.0,0.0,0.0
TKZ,2035-07,PS,600,600,0,0.0,0.0,0.0,0.0,0.65,0.35,0.0,0.0,0.0,0.0,0.0,0.0
TKZ,2035-08,PS,600,600,0,0.0,0.0,0.0,0.0,0.65,0.35,0.0,0.0,0.0,0.0,0.0,0.0
TKZ,2035-09,PS,600,600,0,0.0,0.0,0.0,0.0,0.65,0.35,0.0,0.0,0.0,0.0,0.0,0.0
TKZ,2035-10,PS,600,600,0,0.0,0.0,0.0,0.0,0.65,0.35,0.0,0.0,0.0,0.0,0.0,0.0
TKZ,2035-11,PS,600,600,0,0.0,0.0,0.0,0.0,0.65,0.35,0.0,0.0,0.0,0.0,0.0,0.0
TKZ,2035-12,PS,600,600,0,0.0,0.0,0.0,0.0,0.65,0.35,0.0,0.0,0.0,0.0,0.0,0.0
TKZ,2036-01,PS,600,600,0,0.0,0.0,0.0,0.0,0.65,0.35,0.0,0.0,0.0,0.0,0.0,0.0
TKZ,2036-02,PS,600,600,0,0.0,0.0,0.0,0.0,0.65,0.35,0.0,0.0,0.0,0.0,0.0,0.0
TKZ,2036-03,PS,600,600,0,0.0,0.0,0.0,0.0,0.65,0.35,0.0,0.0,0.0,0.0,0.0,0.0
RPL,2026-04,PS,800,800,0,1.017,813.3,27.1111,18.38,0.678,0.322,18.38,8.73,0.0,13.31,13.31,6.32
RPL,2026-05,PS,800,800,0,1.014,811.1,27.037,18.33,0.678,0.322,18.33,8.71,0.0,13.31,13.31,6.32
RPL,2026-06,PS,800,800,0,1.011,808.9,26.963,18.28,0.678,0.322,18.28,8.68,0.0,13.31,13.31,6.32
RPL,2026-07,PS,800,800,0,1.008,806.7,26.8889,18.23,0.678,0.322,18.23,8.66,0.0,13.31,13.31,6.32
RPL,2026-08,PS,800,800,0,1.006,804.4,26.8148,18.18,0.678,0.322,18.18,8.63,0.0,13.31,13.31,6.32
RPL,2026-09,PS,800,800,0,1.003,802.2,26.7407,18.13,0.678,0.322,18.13,8.61,0.0,13.31,13.31,6.32
RPL,2026-10,PS,800,800,0,1.0,800.0,26.6667,18.08,0.678,0.322,18.08,8.59,0.0,13.28,13.28,6.31
RPL,2026-11,PS,800,800,0,0.996,796.7,26.5556,18.0,0.678,0.322,18.0,8.55,0.0,13.28,13.28,6.31
RPL,2026-12,PS,800,800,0,0.992,793.3,26.4444,17.93,0.678,0.322,17.93,8.52,0.0,13.28,13.28,6.31
RPL,2027-01,PS,800,800,0,0.988,790.0,26.3333,17.83,0.677,0.323,17.83,8.51,0.0,13.28,13.28,6.34
RPL,2027-02,PS,800,800,0,0.983,786.7,26.2222,17.75,0.677,0.323,17.75,8.47,0.0,13.28,13.28,6.34
RPL,2027-03,PS,800,800,0,0.979,783.3,26.1111,17.68,0.677,0.323,17.68,8.43,0.0,13.28,13.28,6.34
RPL,2027-04,PS,800,800,0,0.975,780.0,26.0,17.6,0.677,0.323,17.6,8.4,0.0,12.84,12.84,6.13
RPL,2027-05,PS,800,800,0,0.971,776.7,25.8889,17.53,0.677,0.323,17.53,8.36,0.0,12.84,12.84,6.13
RPL,2027-06,PS,800,800,0,0.967,773.3,25.7778,17.43,0.676,0.324,17.43,8.35,0.0,12.84,12.84,6.15
RPL,2027-07,PS,800,800,0,0.963,770.0,25.6667,17.09,0.666,0.334,17.09,8.57,0.0,12.84,12.84,6.44
RPL,2027-08,PS,800,800,0,0.958,766.7,25.5556,17.02,0.666,0.334,17.02,8.54,0.0,12.84,12.84,6.44
RPL,2027-09,PS,800,800,0,0.954,763.3,25.4444,16.97,0.667,0.333,16.97,8.47,0.0,12.84,12.84,6.41
RPL,2027-10,PS,800,800,0,0.95,760.0,25.3333,16.92,0.668,0.332,16.92,8.41,0.0,12.3,12.3,6.11
RPL,2027-11,PS,800,800,0,0.946,756.7,25.2222,16.87,0.669,0.331,16.87,8.35,0.0,12.3,12.3,6.09
RPL,2027-12,PS,800,800,0,0.942,753.3,25.1111,16.8,0.669,0.331,16.8,8.31,0.0,12.3,12.3,6.09
RPL,2028-01,PS,800,800,0,0.938,750.0,25.0,16.48,0.659,0.341,16.48,8.53,0.0,12.3,12.3,6.36
RPL,2028-02,PS,800,800,0,0.933,746.7,24.8889,16.45,0.661,0.339,16.45,8.44,0.0,12.3,12.3,6.31
RPL,2028-03,PS,800,800,0,0.929,743.3,24.7778,16.4,0.662,0.338,16.4,8.37,0.0,12.3,12.3,6.28
RPL,2028-04,PS,800,800,0,0.925,740.0,24.6667,16.18,0.656,0.344,16.18,8.49,0.0,12.01,12.01,6.3
RPL,2028-05,PS,800,800,0,0.921,736.7,24.5556,16.16,0.658,0.342,16.16,8.4,0.0,12.01,12.01,6.24
RPL,2028-06,PS,800,800,0,0.917,733.3,24.4444,16.16,0.661,0.339,16.16,8.29,0.0,12.01,12.01,6.16
RPL,2028-07,PS,800,800,0,0.912,730.0,24.3333,16.13,0.663,0.337,16.13,8.2,0.0,12.01,12.01,6.1
RPL,2028-08,PS,800,800,0,0.908,726.7,24.2222,16.08,0.664,0.336,16.08,8.14,0.0,12.01,12.01,6.08
RPL,2028-09,PS,800,800,0,0.904,723.3,24.1111,16.06,0.666,0.334,16.06,8.05,0.0,12.01,12.01,6.02
RPL,2028-10,PS,800,800,0,0.9,720.0,28.8,20.07,0.697,0.303,20.07,8.73,0.0,14.56,14.56,6.33
RPL,2028-11,PS,800,800,0,0.896,716.7,28.2685,19.67,0.696,0.304,19.67,8.59,0.0,14.56,14.56,6.36
RPL,2028-12,PS,800,800,0,0.892,713.3,27.7407,19.31,0.696,0.304,19.31,8.43,0.0,14.56,14.56,6.36
RPL,2029-01,PS,800,800,0,0.887,710.0,27.2167,18.92,0.695,0.305,18.92,8.3,0.0,14.56,14.56,6.39
RPL,2029-02,PS,800,800,0,0.883,706.7,26.6963,18.5,0.693,0.307,18.5,8.2,0.0,14.56,14.56,6.45
RPL,2029-03,PS,800,800,0,0.879,703.3,26.1796,18.09,0.691,0.309,18.09,8.09,0.0,14.56,14.56,6.51
RPL,2029-04,PS,800,800,0,0.875,700.0,25.6667,17.68,0.689,0.311,17.68,7.98,0.0,13.68,13.68,6.17
RPL,2029-05,PS,800,800,0,0.871,696.7,25.1574,17.28,0.687,0.313,17.28,7.87,0.0,13.68,13.68,6.23
RPL,2029-06,PS,800,800,0,0.867,693.3,24.6519,16.86,0.684,0.316,16.86,7.79,0.0,13.68,13.68,6.32
RPL,2029-07,PS,800,800,0,0.863,690.0,24.15,16.47,0.682,0.318,16.47,7.68,0.0,13.68,13.68,6.38
RPL,2029-08,PS,800,800,0,0.858,686.7,23.6519,16.08,0.68,0.32,16.08,7.57,0.0,13.68,13.68,6.44
RPL,2029-09,PS,800,800,0,0.854,683.3,23.1574,15.7,0.678,0.322,15.7,7.46,0.0,13.68,13.68,6.5
RPL,2029-10,PS,800,800,0,0.85,680.0,22.6667,15.3,0.675,0.325,15.3,7.37,0.0,13.09,13.09,6.3
RPL,2029-11,PS,800,800,0,0.846,676.7,22.5556,15.22,0.675,0.325,15.22,7.33,0.0,13.09,13.09,6.3
RPL,2029-12,PS,800,800,0,0.842,673.3,22.4444,15.17,0.676,0.324,15.17,7.27,0.0,13.09,13.09,6.27
RPL,2030-01,PS,800,800,0,0.838,670.0,22.3333,15.1,0.676,0.324,15.1,7.24,0.0,13.09,13.09,6.27
RPL,2030-02,PS,800,800,0,0.833,666.7,22.2222,15.02,0.676,0.324,15.02,7.2,0.0,13.09,13.09,6.27
RPL,2030-03,PS,800,800,0,0.829,663.3,22.1111,14.97,0.677,0.323,14.97,7.14,0.0,13.09,13.09,6.25
RPL,2030-04,PS,800,800,0,0.825,660.0,22.0,14.89,0.677,0.323,14.89,7.11,0.0,13.2,13.2,6.3
RPL,2030-05,PS,800,800,0,0.821,656.7,21.8889,14.82,0.677,0.323,14.82,7.07,0.0,13.2,13.2,6.3
RPL,2030-06,PS,800,800,0,0.817,653.3,21.7778,14.77,0.678,0.322,14.77,7.01,0.0,13.2,13.2,6.27
RPL,2030-07,PS,800,800,0,0.812,650.0,21.6667,14.69,0.678,0.322,14.69,6.98,0.0,13.2,13.2,6.27
RPL,2030-08,PS,800,800,0,0.808,646.7,21.5556,14.64,0.679,0.321,14.64,6.92,0.0,13.2,13.2,6.24
RPL,2030-09,PS,800,800,0,0.804,643.3,21.4444,14.56,0.679,0.321,14.56,6.88,0.0,13.2,13.2,6.24
RPL,2030-10,PS,800,800,0,0.8,640.0,21.3333,14.49,0.679,0.321,14.49,6.85,0.0,12.98,12.98,6.14
RPL,2030-11,PS,800,800,0,0.787,630.0,21.0,14.24,0.678,0.322,14.24,6.76,0.0,12.98,12.98,6.16
RPL,2030-12,PS,800,800,0,0.775,620.0,20.6667,13.99,0.677,0.323,13.99,6.68,0.0,12.98,12.98,6.19
RPL,2031-01,PS,800,800,0,0.762,610.0,20.3333,13.72,0.675,0.325,13.72,6.61,0.0,12.98,12.98,6.25
RPL,2031-02,PS,800,800,0,0.75,600.0,20.0,13.48,0.674,0.326,13.48,6.52,0.0,12.98,12.98,6.28
RPL,2031-03,PS,800,800,0,0.738,590.0,19.6667,13.22,0.672,0.328,13.22,6.45,0.0,12.98,12.98,6.34
RPL,2031-04,PS,800,800,0,0.725,580.0,19.3333,12.97,0.671,0.329,12.97,6.36,0.0,12.26,12.26,6.01
RPL,2031-05,PS,800,800,0,0.713,570.0,19.0,12.71,0.669,0.331,12.71,6.29,0.0,12.26,12.26,6.07
RPL,2031-06,PS,800,800,0,0.7,560.0,18.6667,12.47,0.668,0.332,12.47,6.2,0.0,12.26,12.26,6.09
RPL,2031-07,PS,800,800,0,0.688,550.0,18.3333,12.21,0.666,0.334,12.21,6.12,0.0,12.26,12.26,6.15
RPL,2031-08,PS,800,800,0,0.675,540.0,18.0,11.97,0.665,0.335,11.97,6.03,0.0,12.26,12.26,6.18
RPL,2031-09,PS,800,800,0,0.662,530.0,17.6667,11.73,0.664,0.336,11.73,5.94,0.0,12.26,12.26,6.2
RPL,2031-10,PS,800,800,0,0.65,520.0,17.3333,11.49,0.663,0.337,11.49,5.84,0.0,11.7,11.7,5.95
RPL,2031-11,PS,800,800,0,0.637,510.0,17.0,11.25,0.662,0.338,11.25,5.75,0.0,11.7,11.7,5.97
RPL,2031-12,PS,800,800,0,0.625,500.0,16.6667,11.02,0.661,0.339,11.02,5.65,0.0,11.7,11.7,6.0
RPL,2032-01,PS,800,800,0,0.613,490.0,16.3333,10.78,0.66,0.34,10.78,5.55,0.0,11.7,11.7,6.03
RPL,2032-02,PS,800,800,0,0.6,480.0,16.0,10.54,0.659,0.341,10.54,5.46,0.0,11.7,11.7,6.05
RPL,2032-03,PS,800,800,0,0.588,470.0,15.6667,10.32,0.659,0.341,10.32,5.34,0.0,11.7,11.7,6.05
RPL,2032-04,PS,800,800,0,0.575,460.0,15.3333,10.53,0.687,0.313,10.53,4.8,0.0,12.57,12.57,5.73
RPL,2032-05,PS,800,800,0,0.562,450.0,15.0,10.29,0.686,0.314,10.29,4.71,0.0,12.57,12.57,5.75
RPL,2032-06,PS,800,800,0,0.55,440.0,14.6667,10.06,0.686,0.314,10.06,4.61,0.0,12.57,12.57,5.75
RPL,2032-07,PS,800,800,0,0.537,430.0,14.3333,9.82,0.685,0.315,9.82,4.52,0.0,12.57,12.57,5.78
RPL,2032-08,PS,800,800,0,0.525,420.0,14.0,9.58,0.684,0.316,9.58,4.42,0.0,12.57,12.57,5.81
RPL,2032-09,PS,800,800,0,0.512,410.0,13.6667,9.33,0.683,0.317,9.33,4.33,0.0,12.57,12.57,5.83
RPL,2032-10,PS,800,800,0,0.5,400.0,13.3333,9.09,0.682,0.318,9.09,4.24,0.0,12.14,12.14,5.66
RPL,2032-11,PS,800,800,0,0.487,390.0,13.0,8.85,0.681,0.319,8.85,4.15,0.0,12.14,12.14,5.69
RPL,2032-12,PS,800,800,0,0.475,380.0,12.6667,8.61,0.68,0.32,8.61,4.05,0.0,12.14,12.14,5.71
RPL,2033-01,PS,800,800,0,0.462,370.0,12.3333,8.37,0.679,0.321,8.37,3.96,0.0,12.14,12.14,5.74
RPL,2033-02,PS,800,800,0,0.45,360.0,12.0,8.14,0.678,0.322,8.14,3.86,0.0,12.14,12.14,5.77
RPL,2033-03,PS,800,800,0,0.438,350.0,11.6667,7.9,0.677,0.323,7.9,3.77,0.0,12.14,12.14,5.79
RPL,2033-04,PS,800,800,0,0.425,340.0,11.3333,7.65,0.675,0.325,7.65,3.68,0.0,11.59,11.59,5.58
RPL,2033-05,PS,800,800,0,0.412,330.0,11.0,7.41,0.674,0.326,7.41,3.59,0.0,11.59,11.59,5.61
RPL,2033-06,PS,800,800,0,0.4,320.0,10.6667,7.18,0.673,0.327,7.18,3.49,0.0,11.59,11.59,5.63
RPL,2033-07,PS,800,800,0,0.387,310.0,10.3333,6.93,0.671,0.329,6.93,3.4,0.0,11.59,11.59,5.68
RPL,2033-08,PS,800,800,0,0.375,300.0,10.0,6.7,0.67,0.33,6.7,3.3,0.0,11.59,11.59,5.71
RPL,2033-09,PS,800,800,0,0.362,290.0,9.6667,6.46,0.668,0.332,6.46,3.21,0.0,11.59,11.59,5.76
RPL,2033-10,PS,800,800,0,0.0,0.0,0.0,0.0,0.45,0.55,0.0,0.0,0.0,0.0,0.0,0.0
RPL,2033-11,PS,800,800,0,0.0,0.0,0.0,0.0,0.45,0.55,0.0,0.0,0.0,0.0,0.0,0.0
RPL,2033-12,PS,800,800,0,0.0,0.0,0.0,0.0,0.45,0.55,0.0,0.0,0.0,0.0,0.0,0.0
RPL,2034-01,PS,800,800,0,0.0,0.0,0.0,0.0,0.45,0.55,0.0,0.0,0.0,0.0,0.0,0.0
RPL,2034-02,PS,800,800,0,0.0,0.0,0.0,0.0,0.45,0.55,0.0,0.0,0.0,0.0,0.0,0.0
RPL,2034-03,PS,800,800,0,0.0,0.0,0.0,0.0,0.45,0.55,0.0,0.0,0.0,0.0,0.0,0.0
RPL,2034-04,PS,800,800,0,0.0,0.0,0.0,0.0,0.45,0.55,0.0,0.0,0.0,0.0,0.0,0.0
RPL,2034-05,PS,800,800,0,0.0,0.0,0.0,0.0,0.45,0.55,0.0,0.0,0.0,0.0,0.0,0.0
RPL,2034-06,PS,800,800,0,0.0,0.0,0.0,0.0,0.45,0.55,0.0,0.0,0.0,0.0,0.0,0.0
RPL,2034-07,PS,800,800,0,0.0,0.0,0.0,0.0,0.45,0.55,0.0,0.0,0.0,0.0,0.0,0.0
RPL,2034-08,PS,800,800,0,0.0,0.0,0.0,0.0,0.45,0.55,0.0,0.0,0.0,0.0,0.0,0.0
RPL,2034-09,PS,800,800,0,0.0,0.0,0.0,0.0,0.45,0.55,0.0,0.0,0.0,0.0,0.0,0.0
RPL,2034-10,PS,800,800,0,0.0,0.0,0.0,0.0,0.45,0.55,0.0,0.0,0.0,0.0,0.0,0.0
RPL,2034-11,PS,800,800,0,0.0,0.0,0.0,0.0,0.45,0.55,0.0,0.0,0.0,0.0,0.0,0.0
RPL,2034-12,PS,800,800,0,0.0,0.0,0.0,0.0,0.45,0.55,0.0,0.0,0.0,0.0,0.0,0.0
RPL,2035-01,PS,800,800,0,0.0,0.0,0.0,0.0,0.65,0.35,0.0,0.0,0.0,0.0,0.0,0.0
RPL,2035-02,PS,800,800,0,0.0,0.0,0.0,0.0,0.65,0.35,0.0,0.0,0.0,0.0,0.0,0.0
RPL,2035-03,PS,800,800,0,0.0,0.0,0.0,0.0,0.65,0.35,0.0,0.0,0.0,0.0,0.0,0.0
RPL,2035-04,PS,800,800,0,0.0,0.0,0.0,0.0,0.65,0.35,0.0,0.0,0.0,0.0,0.0,0.0
RPL,2035-05,PS,800,800,0,0.0,0.0,0.0,0.0,0.65,0.35,0.0,0.0,0.0,0.0,0.0,0.0
RPL,2035-06,PS,800,800,0,0.0,0.0,0.0,0.0,0.65,0.35,0.0,0.0,0.0,0.0,0.0,0.0
RPL,2035-07,PS,800,800,0,0.0,0.0,0.0,0.0,0.65,0.35,0.0,0.0,0.0,0.0,0.0,0.0
RPL,2035-08,PS,800,800,0,0.0,0.0,0.0,0.0,0.65,0.35,0.0,0.0,0.0,0.0,0.0,0.0
RPL,2035-09,PS,800,800,0,0.0,0.0,0.0,0.0,0.65,0.35,0.0,0.0,0.0,0.0,0.0,0.0
RPL,2035-10,PS,800,800,0,0.0,0.0,0.0,0.0,0.65,0.35,0.0,0.0,0.0,0.0,0.0,0.0
RPL,2035-11,PS,800,800,0,0.0,0.0,0.0,0.0,0.65,0.35,0.0,0.0,0.0,0.0,0.0,0.0
RPL,2035-12,PS,800,800,0,0.0,0.0,0.0,0.0,0.65,0.35,0.0,0.0,0.0,0.0,0.0,0.0
RPL,2036-01,PS,800,800,0,0.0,0.0,0.0,0.0,0.65,0.35,0.0,0.0,0.0,0.0,0.0,0.0
RPL,2036-02,PS,800,800,0,0.0,0.0,0.0,0.0,0.65,0.35,0.0,0.0,0.0,0.0,0.0,0.0
RPL,2036-03,PS,800,800,0,0.0,0.0,0.0,0.0,0.65,0.35,0.0,0.0,0.0,0.0,0.0,0.0
VON,2026-04,PS,700,700,0,1.042,729.2,24.3056,15.9,0.654,0.346,15.9,8.41,0.0,11.52,11.52,6.09
VON,2026-05,PS,700,700,0,1.039,727.2,24.2407,15.85,0.654,0.346,15.85,8.39,0.0,11.52,11.52,6.09
VON,2026-06,PS,700,700,0,1.036,725.3,24.1759,15.81,0.654,0.346,15.81,8.36,0.0,11.52,11.52,6.09
VON,2026-07,PS,700,700,0,1.033,723.3,24.1111,15.77,0.654,0.346,15.77,8.34,0.0,11.52,11.52,6.09
VON,2026-08,PS,700,700,0,1.031,721.4,24.0463,15.73,0.654,0.346,15.73,8.32,0.0,11.52,11.52,6.09
VON,2026-09,PS,700,700,0,1.028,719.4,23.9815,15.71,0.655,0.345,15.71,8.27,0.0,11.52,11.52,6.07
VON,2026-10,PS,700,700,0,1.025,717.5,23.9167,15.67,0.655,0.345,15.67,8.25,0.0,11.55,11.55,6.08
VON,2026-11,PS,700,700,0,1.022,715.6,23.8519,15.62,0.655,0.345,15.62,8.23,0.0,11.55,11.55,6.08
VON,2026-12,PS,700,700,0,1.019,713.6,23.787,15.58,0.655,0.345,15.58,8.21,0.0,11.55,11.55,6.08
VON,2027-01,PS,700,700,0,1.017,711.7,23.7222,15.54,0.655,0.345,15.54,8.18,0.0,11.55,11.55,6.08
VON,2027-02,PS,700,700,0,1.014,709.7,23.6574,15.5,0.655,0.345,15.5,8.16,0.0,11.55,11.55,6.08
VON,2027-03,PS,700,700,0,1.011,707.8,23.5926,15.45,0.655,0.345,15.45,8.14,0.0,11.55,11.55,6.08
VON,2027-04,PS,700,700,0,1.008,705.8,23.5278,15.41,0.655,0.345,15.41,8.12,0.0,11.3,11.3,5.95
VON,2027-05,PS,700,700,0,1.006,703.9,23.463,15.37,0.655,0.345,15.37,8.09,0.0,11.3,11.3,5.95
VON,2027-06,PS,700,700,0,1.003,701.9,23.3981,15.35,0.656,0.344,15.35,8.05,0.0,11.3,11.3,5.93
VON,2027-07,PS,700,700,0,1.0,700.0,23.3333,15.07,0.646,0.354,15.07,8.26,0.0,11.3,11.3,6.19
VON,2027-08,PS,700,700,0,0.996,697.1,23.2361,15.03,0.647,0.353,15.03,8.2,0.0,11.3,11.3,6.17
VON,2027-09,PS,700,700,0,0.992,694.2,23.1389,14.97,0.647,0.353,14.97,8.17,0.0,11.3,11.3,6.17
VON,2027-10,PS,700,700,0,0.988,691.2,23.0417,14.93,0.648,0.352,14.93,8.11,0.0,10.87,10.87,5.9
VON,2027-11,PS,700,700,0,0.983,688.3,22.9444,14.89,0.649,0.351,14.89,8.05,0.0,10.87,10.87,5.88
VON,2027-12,PS,700,700,0,0.979,685.4,22.8472,14.85,0.65,0.35,14.85,8.0,0.0,10.87,10.87,5.85
VON,2028-01,PS,700,700,0,0.975,682.5,22.75,14.56,0.64,0.36,14.56,8.19,0.0,10.87,10.87,6.11
VON,2028-02,PS,700,700,0,0.971,679.6,22.6528,14.54,0.642,0.358,14.54,8.11,0.0,10.87,10.87,6.06
VON,2028-03,PS,700,700,0,0.967,676.7,22.5556,14.5,0.643,0.357,14.5,8.05,0.0,10.87,10.87,6.04
VON,2028-04,PS,700,700,0,0.963,673.8,25.8271,17.2,0.666,0.334,17.2,8.63,0.0,12.31,12.31,6.17
VON,2028-05,PS,700,700,0,0.958,670.8,25.4358,16.94,0.666,0.334,16.94,8.5,0.0,12.31,12.31,6.17
VON,2028-06,PS,700,700,0,0.954,667.9,25.0469,16.68,0.666,0.334,16.68,8.37,0.0,12.31,12.31,6.17
VON,2028-07,PS,700,700,0,0.95,665.0,24.6604,16.42,0.666,0.334,16.42,8.24,0.0,12.31,12.31,6.17
VON,2028-08,PS,700,700,0,0.946,662.1,24.2764,16.14,0.665,0.335,16.14,8.13,0.0,12.31,12.31,6.2
VON,2028-09,PS,700,700,0,0.942,659.2,23.8948,15.87,0.664,0.336,15.87,8.03,0.0,12.31,12.31,6.23
VON,2028-10,PS,700,700,0,0.938,656.2,23.5156,15.33,0.652,0.348,15.33,8.18,0.0,11.21,11.21,5.98
VON,2028-11,PS,700,700,0,0.933,653.3,23.1389,15.09,0.652,0.348,15.09,8.05,0.0,11.21,11.21,5.98
VON,2028-12,PS,700,700,0,0.929,650.4,22.7646,14.82,0.651,0.349,14.82,7.94,0.0,11.21,11.21,6.01
VON,2029-01,PS,700,700,0,0.925,647.5,22.3927,14.58,0.651,0.349,14.58,7.82,0.0,11.21,11.21,6.01
VON,2029-02,PS,700,700,0,0.921,644.6,22.0233,14.32,0.65,0.35,14.32,7.71,0.0,11.21,11.21,6.04
VON,2029-03,PS,700,700,0,0.917,641.7,21.6562,14.05,0.649,0.351,14.05,7.6,0.0,11.21,11.21,6.06
VON,2029-04,PS,700,700,0,0.912,638.8,21.2917,13.8,0.648,0.352,13.8,7.49,0.0,11.25,11.25,6.11
VON,2029-05,PS,700,700,0,0.908,635.8,21.1944,13.76,0.649,0.351,13.76,7.44,0.0,11.25,11.25,6.08
VON,2029-06,PS,700,700,0,0.904,632.9,21.0972,13.73,0.651,0.349,13.73,7.36,0.0,11.25,11.25,6.03
VON,2029-07,PS,700,700,0,0.9,630.0,21.0,13.69,0.652,0.348,13.69,7.31,0.0,11.25,11.25,6.0
VON,2029-08,PS,700,700,0,0.896,627.1,20.9028,13.65,0.653,0.347,13.65,7.25,0.0,11.25,11.25,5.98
VON,2029-09,PS,700,700,0,0.892,624.2,20.8056,13.61,0.654,0.346,13.61,7.2,0.0,11.25,11.25,5.95
VON,2029-10,PS,700,700,0,0.887,621.2,20.7083,13.58,0.656,0.344,13.58,7.12,0.0,11.62,11.62,6.09
VON,2029-11,PS,700,700,0,0.883,618.3,20.6111,13.52,0.656,0.344,13.52,7.09,0.0,11.62,11.62,6.09
VON,2029-12,PS,700,700,0,0.879,615.4,20.5139,13.46,0.656,0.344,13.46,7.06,0.0,11.62,11.62,6.09
VON,2030-01,PS,700,700,0,0.875,612.5,20.4167,13.41,0.657,0.343,13.41,7.0,0.0,11.62,11.62,6.07
VON,2030-02,PS,700,700,0,0.871,609.6,20.3194,13.35,0.657,0.343,13.35,6.97,0.0,11.62,11.62,6.07
VON,2030-03,PS,700,700,0,0.867,606.7,20.2222,13.29,0.657,0.343,13.29,6.94,0.0,11.62,11.62,6.07
VON,2030-04,PS,700,700,0,0.863,603.8,20.125,13.24,0.658,0.342,13.24,6.88,0.0,11.74,11.74,6.1
VON,2030-05,PS,700,700,0,0.858,600.8,20.0278,13.18,0.658,0.342,13.18,6.85,0.0,11.74,11.74,6.1
VON,2030-06,PS,700,700,0,0.854,597.9,19.9306,13.11,0.658,0.342,13.11,6.82,0.0,11.74,11.74,6.1
VON,2030-07,PS,700,700,0,0.85,595.0,19.8333,13.07,0.659,0.341,13.07,6.76,0.0,11.74,11.74,6.07
VON,2030-08,PS,700,700,0,0.846,592.1,19.7361,13.01,0.659,0.341,13.01,6.73,0.0,11.74,11.74,6.07
VON,2030-09,PS,700,700,0,0.842,589.2,19.6389,12.96,0.66,0.34,12.96,6.68,0.0,11.74,11.74,6.05
VON,2030-10,PS,700,700,0,0.838,586.2,19.5417,12.9,0.66,0.34,12.9,6.64,0.0,11.98,11.98,6.17
VON,2030-11,PS,700,700,0,0.833,583.3,19.4444,12.85,0.661,0.339,12.85,6.59,0.0,11.98,11.98,6.14
VON,2030-12,PS,700,700,0,0.829,580.4,19.3472,12.81,0.662,0.338,12.81,6.54,0.0,11.98,11.98,6.12
VON,2031-01,PS,700,700,0,0.825,577.5,19.25,12.76,0.663,0.337,12.76,6.49,0.0,11.98,11.98,6.09
VON,2031-02,PS,700,700,0,0.821,574.6,19.1528,12.72,0.664,0.336,12.72,6.44,0.0,11.98,11.98,6.06
VON,2031-03,PS,700,700,0,0.817,571.7,19.0556,12.67,0.665,0.335,12.67,6.38,0.0,11.98,11.98,6.04
VON,2031-04,PS,700,700,0,0.812,568.8,18.9583,12.63,0.666,0.334,12.63,6.33,0.0,12.37,12.37,6.2
VON,2031-05,PS,700,700,0,0.808,565.8,18.8611,12.6,0.668,0.332,12.6,6.26,0.0,12.37,12.37,6.15
VON,2031-06,PS,700,700,0,0.804,562.9,18.7639,12.55,0.669,0.331,12.55,6.21,0.0,12.37,12.37,6.12
VON,2031-07,PS,700,700,0,0.8,560.0,18.6667,12.51,0.67,0.33,12.51,6.16,0.0,12.37,12.37,6.09
VON,2031-08,PS,700,700,0,0.787,551.2,18.375,12.31,0.67,0.33,12.31,6.06,0.0,12.37,12.37,6.09
VON,2031-09,PS,700,700,0,0.775,542.5,18.0833,12.1,0.669,0.331,12.1,5.99,0.0,12.37,12.37,6.12
VON,2031-10,PS,700,700,0,0.762,533.8,17.7917,11.9,0.669,0.331,11.9,5.89,0.0,12.23,12.23,6.05
VON,2031-11,PS,700,700,0,0.75,525.0,17.5,11.69,0.668,0.332,11.69,5.81,0.0,12.23,12.23,6.08
VON,2031-12,PS,700,700,0,0.738,516.2,17.2083,11.5,0.668,0.332,11.5,5.71,0.0,12.23,12.23,6.08
VON,2032-01,PS,700,700,0,0.725,507.5,16.9167,11.28,0.667,0.333,11.28,5.63,0.0,12.23,12.23,6.11
VON,2032-02,PS,700,700,0,0.713,498.8,16.625,11.11,0.668,0.332,11.11,5.52,0.0,12.23,12.23,6.08
VON,2032-03,PS,700,700,0,0.7,490.0,16.3333,10.91,0.668,0.332,10.91,5.42,0.0,12.23,12.23,6.08
VON,2032-04,PS,700,700,0,0.688,481.2,16.0417,11.2,0.698,0.302,11.2,4.84,0.0,13.53,13.53,5.85
VON,2032-05,PS,700,700,0,0.675,472.5,15.75,10.99,0.698,0.302,10.99,4.76,0.0,13.53,13.53,5.85
VON,2032-06,PS,700,700,0,0.662,463.8,15.4583,10.79,0.698,0.302,10.79,4.67,0.0,13.53,13.53,5.85
VON,2032-07,PS,700,700,0,0.65,455.0,15.1667,10.59,0.698,0.302,10.59,4.58,0.0,13.53,13.53,5.85
VON,2032-08,PS,700,700,0,0.637,446.2,14.875,10.4,0.699,0.301,10.4,4.48,0.0,13.53,13.53,5.83
VON,2032-09,PS,700,700,0,0.625,437.5,14.5833,10.19,0.699,0.301,10.19,4.39,0.0,13.53,13.53,5.83
VON,2032-10,PS,700,700,0,0.613,428.8,14.2917,9.99,0.699,0.301,9.99,4.3,0.0,13.56,13.56,5.84
VON,2032-11,PS,700,700,0,0.6,420.0,14.0,9.79,0.699,0.301,9.79,4.21,0.0,13.56,13.56,5.84
VON,2032-12,PS,700,700,0,0.588,411.2,13.7083,9.58,0.699,0.301,9.58,4.13,0.0,13.56,13.56,5.84
VON,2033-01,PS,700,700,0,0.575,402.5,13.4167,9.38,0.699,0.301,9.38,4.04,0.0,13.56,13.56,5.84
VON,2033-02,PS,700,700,0,0.562,393.8,13.125,9.17,0.699,0.301,9.17,3.95,0.0,13.56,13.56,5.84
VON,2033-03,PS,700,700,0,0.55,385.0,12.8333,8.97,0.699,0.301,8.97,3.86,0.0,13.56,13.56,5.84
VON,2033-04,PS,700,700,0,0.537,376.2,12.5417,8.78,0.7,0.3,8.78,3.76,0.0,13.59,13.59,5.82
VON,2033-05,PS,700,700,0,0.525,367.5,12.25,8.57,0.7,0.3,8.57,3.67,0.0,13.59,13.59,5.82
VON,2033-06,PS,700,700,0,0.512,358.7,11.9583,8.37,0.7,0.3,8.37,3.59,0.0,13.59,13.59,5.82
VON,2033-07,PS,700,700,0,0.5,350.0,11.6667,8.17,0.7,0.3,8.17,3.5,0.0,13.59,13.59,5.82
VON,2033-08,PS,700,700,0,0.487,341.2,11.375,7.96,0.7,0.3,7.96,3.41,0.0,13.59,13.59,5.82
VON,2033-09,PS,700,700,0,0.475,332.5,11.0833,7.76,0.7,0.3,7.76,3.33,0.0,13.59,13.59,5.82
VON,2033-10,PS,700,700,0,0.462,323.8,10.7917,8.57,0.794,0.206,8.57,2.22,0.0,17.81,17.81,4.62
VON,2033-11,PS,700,700,0,0.45,315.0,10.5,8.33,0.793,0.207,8.33,2.17,0.0,17.81,17.81,4.65
VON,2033-12,PS,700,700,0,0.438,306.2,10.2083,8.09,0.792,0.208,8.09,2.12,0.0,17.81,17.81,4.68
VON,2034-01,PS,700,700,0,0.425,297.5,9.9167,7.84,0.791,0.209,7.84,2.07,0.0,17.81,17.81,4.71
VON,2034-02,PS,700,700,0,0.412,288.8,9.625,7.6,0.79,0.21,7.6,2.02,0.0,17.81,17.81,4.73
VON,2034-03,PS,700,700,0,0.4,280.0,9.3333,7.36,0.789,0.211,7.36,1.97,0.0,17.81,17.81,4.76
VON,2034-04,PS,700,700,0,0.387,271.2,9.0417,7.12,0.788,0.212,7.12,1.92,0.0,8.76,8.76,2.36
VON,2034-05,PS,700,700,0,0.375,262.5,8.75,6.89,0.787,0.213,6.89,1.86,0.0,8.76,8.76,2.37
VON,2034-06,PS,700,700,0,0.362,253.8,8.4583,6.65,0.786,0.214,6.65,1.81,0.0,8.76,8.76,2.39
VON,2034-07,PS,700,700,0,0.0,0.0,0.0,0.0,0.45,0.55,0.0,0.0,0.0,8.76,8.76,10.71
VON,2034-08,PS,700,700,0,0.0,0.0,0.0,0.0,0.45,0.55,0.0,0.0,0.0,8.76,8.76,10.71
VON,2034-09,PS,700,700,0,0.0,0.0,0.0,0.0,0.45,0.55,0.0,0.0,0.0,8.76,8.76,10.71
VON,2034-10,PS,700,700,0,0.0,0.0,0.0,0.0,0.45,0.55,0.0,0.0,0.0,0.0,0.0,0.0
VON,2034-11,PS,700,700,0,0.0,0.0,0.0,0.0,0.45,0.55,0.0,0.0,0.0,0.0,0.0,0.0
VON,2034-12,PS,700,700,0,0.0,0.0,0.0,0.0,0.45,0.55,0.0,0.0,0.0,0.0,0.0,0.0
VON,2035-01,PS,700,700,0,0.0,0.0,0.0,0.0,0.65,0.35,0.0,0.0,0.0,0.0,0.0,0.0
VON,2035-02,PS,700,700,0,0.0,0.0,0.0,0.0,0.65,0.35,0.0,0.0,0.0,0.0,0.0,0.0
VON,2035-03,PS,700,700,0,0.0,0.0,0.0,0.0,0.65,0.35,0.0,0.0,0.0,0.0,0.0,0.0
VON,2035-04,PS,700,700,0,0.0,0.0,0.0,0.0,0.65,0.35,0.0,0.0,0.0,0.0,0.0,0.0
VON,2035-05,PS,700,700,0,0.0,0.0,0.0,0.0,0.65,0.35,0.0,0.0,0.0,0.0,0.0,0.0
VON,2035-06,PS,700,700,0,0.0,0.0,0.0,0.0,0.65,0.35,0.0,0.0,0.0,0.0,0.0,0.0
VON,2035-07,PS,700,700,0,0.0,0.0,0.0,0.0,0.65,0.35,0.0,0.0,0.0,0.0,0.0,0.0
VON,2035-08,PS,700,700,0,0.0,0.0,0.0,0.0,0.65,0.35,0.0,0.0,0.0,0.0,0.0,0.0
VON,2035-09,PS,700,700,0,0.0,0.0,0.0,0.0,0.65,0.35,0.0,0.0,0.0,0.0,0.0,0.0
VON,2035-10,PS,700,700,0,0.0,0.0,0.0,0.0,0.65,0.35,0.0,0.0,0.0,0.0,0.0,0.0
VON,2035-11,PS,700,700,0,0.0,0.0,0.0,0.0,0.65,0.35,0.0,0.0,0.0,0.0,0.0,0.0
VON,2035-12,PS,700,700,0,0.0,0.0,0.0,0.0,0.65,0.35,0.0,0.0,0.0,0.0,0.0,0.0
VON,2036-01,PS,700,700,0,0.0,0.0,0.0,0.0,0.65,0.35,0.0,0.0,0.0,0.0,0.0,0.0
VON,2036-02,PS,700,700,0,0.0,0.0,0.0,0.0,0.65,0.35,0.0,0.0,0.0,0.0,0.0,0.0
VON,2036-03,PS,700,700,0,0.0,0.0,0.0,0.0,0.65,0.35,0.0,0.0,0.0,0.0,0.0,0.0
